SKU,Annual_Demand,Unit_Cost,Annual_Consumption_Value,ABC_Category
Product_1359,56131008.49790945,0.61,34239915.18372476,A
Product_0083,29638746.773106664,1.15,34084558.78907266,A
Product_1451,11742165.57469688,2.89,33934858.51087398,A
Product_1480,11611219.457364557,2.92,33904760.815504506,A
Product_1248,30809329.17374824,1.1,33890262.09112307,A
Product_1286,13759338.970264899,2.46,33847973.86685165,A
Product_1274,10765858.886569563,3.14,33804796.90382843,A
Product_1287,12743214.028135428,2.65,33769517.174558885,A
Product_1378,10816252.91099644,3.12,33746709.082308896,A
Product_1264,9464792.378298085,3.56,33694660.86674118,A
Product_1241,13860075.321015397,2.43,33679983.030067414,A
Product_1016,8091277.50789476,4.16,33659714.4328422,A
Product_1341,10215680.355927262,3.29,33609588.37100069,A
Product_1452,2690926.5028424114,12.46,33528944.225416448,A
Product_1166,3762219.4806252867,8.9,33483753.377565052,A
Product_1152,5994109.568480752,5.58,33447131.3921226,A
Product_1470,3607810.101911903,9.25,33372243.4426851,A
Product_1295,16682962.48493052,2.0,33365924.96986104,A
Product_1382,11457340.527530503,2.91,33340860.935113765,A
Product_1570,7325612.285456755,4.55,33331535.898828235,A
Product_1157,7325012.028927348,4.54,33255554.61133016,A
Product_1263,9077658.567848055,3.66,33224230.358323883,A
Product_0931,2602951.2561592422,12.76,33213658.02859193,A
Product_1520,1539241.52393473,21.55,33170654.840793435,A
Product_1278,4470218.301045088,7.41,33124317.610744104,A
Product_1403,4902434.373871731,6.75,33091432.02363418,A
Product_1360,8257923.445538782,4.0,33031693.782155126,A
Product_1355,2253746.963323821,14.65,33017393.012693975,A
Product_1245,11726152.807247123,2.81,32950489.388364416,A
Product_1817,1018841.7661081264,32.33,32939154.298275724,A
Product_1432,13945579.13918226,2.36,32911566.76847013,A
Product_1350,9190470.667077545,3.58,32901884.98813761,A
Product_1574,4381364.405738989,7.49,32816419.39898503,A
Product_1234,2811739.856480583,11.66,32784886.7265636,A
Product_1393,3051058.292119174,10.74,32768366.057359926,A
Product_1502,5540467.318507251,5.91,32744161.852377854,A
Product_0982,823667.7357920791,39.68,32683135.7562297,A
Product_1377,7055849.462509032,4.63,32668583.01141682,A
Product_1394,4141655.5736838155,7.87,32594829.36489163,A
Product_1361,3535541.9097177326,9.21,32562340.98850032,A
Product_1250,2298939.5119505064,14.15,32529994.094099667,A
Product_0071,1733380.8456406693,18.75,32500890.85576255,A
Product_1294,9778740.56825106,3.32,32465418.686593518,A
Product_1453,9007178.273764368,3.6,32425841.785551727,A
Product_1150,1853436.247280157,17.47,32379531.23998434,A
Product_0033,5076766.187544433,6.37,32339000.614658043,A
Product_0084,1640054.4806677343,19.7,32309073.269154366,A
Product_1158,1796390.944014729,17.97,32281145.263944678,A
Product_0933,1946413.0830158426,16.56,32232600.654742353,A
Product_1431,3871335.829553016,8.32,32209514.101881094,A
Product_1839,1787744.719410417,17.99,32161527.5021934,A
Product_0094,2087881.7202922925,15.39,32132499.67529838,A
Product_1430,1162976.5638443537,27.59,32086523.39646572,A
Product_1342,7528416.999090297,4.26,32071056.416124664,A
Product_1825,3273402.7631348204,9.78,32013879.02345854,A
Product_0936,1754953.9848611765,18.22,31975261.60417063,A
Product_1256,467254.8330989662,68.35,31936867.84231434,A
Product_1267,3790412.2578426753,8.42,31915271.211035326,A
Product_1281,2846762.296531679,11.19,31855270.098189488,A
Product_1262,1501034.0948922168,21.2,31821922.811714996,A
Product_1554,3139970.708877294,10.12,31776503.57383821,A
Product_1354,619021.2464639896,51.29,31749599.73113803,A
Product_1458,566765.1590152637,55.96,31716178.298494156,A
Product_1970,2260804.6047509992,14.01,31673872.5125615,A
Product_1290,1891206.9258709997,16.73,31639891.869821824,A
Product_1812,649568.5796469615,48.65,31601511.39982468,A
Product_0064,1716648.327785235,18.39,31569162.74797047,A
Product_1526,3548051.46746748,8.89,31542177.545785896,A
Product_0063,1417524.2333405884,22.22,31497388.464827873,A
Product_0837,466833.7796100177,67.38,31455260.07012299,A
Product_1233,952480.003239041,32.98,31412790.50682357,A
Product_1375,1534477.0885551416,20.45,31380056.460952643,A
Product_1496,1979690.5490239472,15.83,31338501.391049083,A
Product_1555,1738146.1925903265,18.01,31304012.928551782,A
Product_1269,1223903.3414261083,25.55,31270730.373437066,A
Product_1242,1783183.802381441,17.51,31223548.379699036,A
Product_1216,1480515.003518123,21.07,31194451.12412685,A
Product_1279,1383181.798058463,22.53,31163085.91025717,A
Product_1478,344457.42706205643,90.34,31118283.96078618,A
Product_0070,1167565.3939965994,26.62,31080590.788189474,A
Product_1539,178907.87541179414,173.53,31045883.620208636,A
Product_1463,1072931.3141973612,28.9,31007714.98030374,A
Product_1513,1528447.854225065,20.26,30966353.52659982,A
Product_1149,1863973.1263328241,16.6,30941953.897124883,A
Product_0093,520848.4242640292,59.32,30896728.52734221,A
Product_1465,1028571.4040032449,30.0,30857142.120097347,A
Product_1456,2908843.222154016,10.6,30833738.15483257,A
Product_1512,1520978.27323076,20.24,30784600.25019058,A
Product_1156,1641295.0424204336,18.73,30741456.144534722,A
Product_1466,381667.5638787311,80.46,30708972.189682703,A
Product_1479,1234488.890089821,24.85,30677048.918732055,A
Product_1788,560209.79661986,54.69,30637873.77714014,A
Product_1159,2013077.4436142487,15.2,30598777.14293658,A
Product_1048,1100397.9177680411,27.77,30558050.176418502,A
Product_1396,1908933.1439202037,15.99,30523840.971284058,A
Product_1316,1866253.6842697284,16.34,30494585.20096736,A
Product_1356,3188166.379393522,9.55,30446988.92320814,A
Product_0082,1282541.6743924029,23.71,30409063.099843875,A
Product_0073,580254.6759488961,52.35,30376332.28592471,A
Product_1886,2079564.652497044,14.59,30340848.279931873,A
Product_1397,604771.3551314294,50.1,30299044.892084613,A
Product_1439,1827674.8486538557,16.56,30266295.493707847,A
Product_1410,2493390.13632925,12.12,30219888.452310506,A
Product_1348,999903.6433592632,30.19,30187090.993016157,A
Product_1823,1104440.3477244726,27.3,30151221.492878105,A
Product_1018,1311796.036245791,22.96,30118836.992203362,A
Product_1312,799388.8339951411,37.63,30081001.823237162,A
Product_1435,1112860.1385354733,26.99,30036095.139072422,A
Product_0066,1849933.0956892485,16.22,30005914.81207961,A
Product_1787,791635.6350048718,37.85,29963408.784934398,A
Product_0979,798818.9540790248,37.47,29931746.20934106,A
Product_0089,626285.2901886676,47.73,29892596.900705103,A
Product_1548,562716.8865229926,53.05,29852130.830044758,A
Product_2043,564186.0530360593,52.85,29817232.902955733,A
Product_1624,908519.2111976239,32.78,29781259.74305811,A
Product_1282,1564764.452963497,19.01,29746172.25083608,A
Product_1162,743526.4110637407,39.95,29703880.121996444,A
Product_0031,684669.6448558479,43.33,29666735.71160389,A
Product_1508,981222.180970209,30.2,29632909.86530031,A
Product_0930,379455.91365909664,77.99,29593766.706272945,A
Product_1521,1611761.6720593353,18.34,29559709.06556821,A
Product_0096,810673.9577527881,36.41,29516638.801779013,A
Product_1000,257522.84637072077,114.48,29481215.452520113,A
Product_1904,1291523.9140535549,22.8,29446745.240421053,A
Product_0016,468441.945891853,62.78,29408785.363090534,A
Product_0943,589188.2443740665,49.85,29371033.982047215,A
Product_2027,105859.17338668293,277.1,29333576.945449844,A
Product_1224,648501.512683287,45.18,29299298.343030907,A
Product_1483,790608.3357409058,37.01,29260414.50577092,A
Product_1315,1188430.5745140286,24.59,29223507.827299964,A
Product_0424,632119.9674962348,46.17,29184978.899301164,A
Product_0829,729695.101205353,39.94,29144022.3421418,A
Product_0098,852505.4677103912,34.15,29113061.722309858,A
Product_1429,359910.2998070313,80.78,29073554.018411987,A
Product_0929,256177.9927436943,113.34,29035213.697570313,A
Product_0374,435534.9041077669,66.58,28997913.91549512,A
Product_1967,242024.53795691367,119.66,28960656.21192429,A
Product_1567,769007.9178250221,37.61,28922387.789399084,A
Product_1164,451122.79142705206,64.03,28885392.335074145,A
Product_1407,1179471.2058565947,24.46,28849865.695252307,A
Product_1581,1318096.1369547928,21.86,28813581.55383177,A
Product_0109,472357.68962045014,60.92,28776030.45167782,A
Product_0108,430065.3768855309,66.82,28736968.48349117,A
Product_1215,300966.94108142256,95.36,28700207.501524456,A
Product_1835,269892.853912528,106.2,28662621.085510477,A
Product_1450,1182700.3836486689,24.2,28621349.284297787,A
Product_1789,79476.54684359957,359.72,28589303.43057964,A
Product_1372,546555.4314561564,52.24,28552055.739269614,A
Product_1246,1032981.2192893836,27.6,28510281.65238699,A
Product_1381,3051020.191761283,9.33,28466018.38913277,A
Product_2042,639765.279724339,44.45,28437566.68374687,A
Product_1818,403006.9239262379,70.48,28403927.99832125,A
Product_1270,772596.0886541499,36.72,28369728.375380382,A
Product_1357,313306.60579472256,90.42,28329183.295958813,A
Product_1195,730340.0838671876,38.74,28293374.84901485,A
Product_2001,246981.1376692399,114.4,28254642.149361044,A
Product_1135,864812.6045645082,32.63,28218835.286939904,A
Product_1408,162204.16806408257,173.73,28179730.117773063,A
Product_0677,315831.05905119627,89.11,28143705.6720521,A
Product_1991,452691.6862398021,62.09,28107626.798629314,A
Product_1243,432170.3236501272,64.95,28069462.521075763,A
Product_0072,794981.8606984552,35.26,28031060.40822753,A
Product_1023,849089.0783604264,32.97,27994466.913543254,A
Product_1392,502158.71544442273,55.67,27955175.688791014,A
Product_1388,1093194.6621531912,25.54,27920191.6713925,A
Product_1147,302318.7989499713,92.23,27882862.82715585,A
Product_1244,314132.1336342473,88.64,27844672.32533968,A
Product_2046,209967.0144434613,132.44,27808031.392892014,A
Product_0065,578393.2840001059,48.01,27768661.564845085,A
Product_1387,489383.2146842466,56.67,27733346.776156254,A
Product_1438,446641.2370916792,62.01,27696223.112055026,A
Product_1385,283579.35124457814,97.54,27660329.920396153,A
Product_0941,326849.826352489,84.51,27622078.82504885,A
Product_1380,479167.6507636041,57.57,27585681.654460687,A
Product_1288,373387.5253085313,73.78,27548531.61726344,A
Product_1424,267909.5736385104,102.69,27511634.116938636,A
Product_1766,614394.1239610662,44.72,27475705.223538883,A
Product_0407,211862.5225890754,129.5,27436196.675285265,A
Product_1347,227316.74842246686,120.53,27398487.68735993,A
Product_1163,473814.3030583115,57.75,27362776.00161749,A
Product_1047,822221.5012434309,33.23,27322420.486319207,A
Product_1402,562474.8830740696,48.51,27285656.577923115,A
Product_0998,625651.5709947261,43.55,27247125.91682032,A
Product_1514,95905.1372426775,283.75,27213082.692609742,A
Product_0202,401651.17902957596,67.66,27175718.77314111,A
Product_1376,413173.0179474567,65.68,27137203.818788957,A
Product_1418,820164.8440256898,33.04,27098246.44660879,A
Product_0077,627847.7569555272,43.11,27066516.80235278,A
Product_1374,419320.788458014,64.45,27025224.816119004,A
Product_0368,215114.7211800411,125.47,26990444.066459756,A
Product_1493,510820.41680430056,52.76,26950885.190594897,A
Product_1299,1067101.2618170665,25.22,26912293.823026415,A
Product_1344,305901.51666679693,87.86,26876507.25434478,A
Product_1821,117983.70700661902,227.49,26840113.50693576,A
Product_1826,315130.4967020522,85.05,26801848.744509537,A
Product_1524,64679.95022343139,413.82,26765857.001460377,A
Product_1832,160135.29292552194,166.91,26728181.742198866,A
Product_0990,660994.7069609595,40.38,26690966.267083544,A
Product_1419,245801.175450097,108.44,26654679.46580852,A
Product_1349,436500.873413281,60.98,26617823.260741875,A
Product_0086,226874.65065238456,117.16,26580634.070433374,A
Product_0942,242454.68632632404,109.48,26543939.059005957,A
Product_1455,466433.9994223904,56.83,26507444.187174447,A
Product_1253,337866.54589766427,78.34,26468465.20562302,A
Product_0012,451405.93453655794,58.55,26429817.467115466,A
Product_1210,89096.64704784476,296.24,26393990.721453533,A
Product_2032,312811.29999750294,84.26,26357480.1377896,A
Product_1485,227502.70102900418,115.69,26319787.482045494,A
Product_1399,557337.0333472049,47.16,26284014.492654182,A
Product_1154,515580.90400436387,50.9,26243068.01382212,A
Product_1846,242822.8249076218,107.93,26207867.492279623,A
Product_1637,421098.2441029552,62.15,26171255.870998666,A
Product_1031,36070.70947817595,725.02,26151985.78586713,A
Product_0355,233231.15076595402,112.05,26133550.443325147,A
Product_1596,33296.425279634175,783.88,26100401.848199636,A
Product_1427,215233.1325010984,121.25,26097017.31575818,A
Product_1373,145657.00981290312,178.91,26059495.625626497,A
Product_0975,136373.37320562196,190.81,26021403.341364726,A
Product_1165,944052.686392741,27.52,25980329.929528233,A
Product_1601,166995.47620426884,155.5,25967796.549763806,A
Product_0831,194282.71117577524,133.56,25948398.904636543,A
Product_1997,395851.1530170821,65.45,25908457.964968022,A
Product_1198,378082.39095373114,68.43,25872178.012963824,A
Product_1289,174093.69572332068,148.4,25835504.44534079,A
Product_1404,352023.4561107493,73.29,25799799.098356817,A
Product_1571,402677.3536065384,63.98,25763297.083746325,A
Product_1824,341020.9598380694,75.43,25723211.00058558,A
Product_0209,85271.58630453348,301.24,25687212.658377666,A
Product_1239,366330.5873978625,70.02,25650467.729598332,A
Product_0366,119757.28928828999,213.87,25612491.46008658,A
Product_1587,68578.49760077217,373.39,25606525.21915232,A
Product_1461,303682.54395117937,84.22,25576143.851568326,A
Product_1820,181368.05600545427,140.81,25538435.966128018,A
Product_1266,221413.76917132997,115.17,25500223.795462072,A
Product_1363,544123.8368044918,46.8,25464995.562450215,A
Product_0985,684468.0430695724,37.15,25427987.800034616,A
Product_1148,233195.1117974874,108.88,25390283.772510428,A
Product_2033,248184.78455627814,102.15,25352075.742423814,A
Product_1240,117297.24249861207,215.82,25315090.876050457,A
Product_0002,488346.35485575383,51.76,25276807.32733382,A
Product_1127,16905.121686680006,1494.82,25270113.999683004,A
Product_0081,183598.07196584795,137.48,25241062.933864776,A
Product_1190,92540.11551126967,272.48,25215330.674510762,A
Product_1454,148630.31804220288,169.57,25203243.030416343,A
Product_1459,447221.91082790407,56.27,25165176.922286164,A
Product_2006,144860.0181392021,173.47,25128867.346607387,A
Product_0069,83149.98667747906,301.76,25091339.979796078,A
Product_0556,237620.39166106726,105.44,25054694.09674293,A
Product_0387,282851.6614880598,88.45,25018229.45861889,A
Product_1416,246313.02365661532,101.42,24981066.859253924,A
Product_1467,203483.3931392664,122.58,24942994.331011277,A
Product_1906,124677.04440186231,200.0,24935408.88037246,A
Product_1398,351350.87026703084,70.89,24907263.193229817,A
Product_1629,159933.6726158859,155.49,24868086.755044103,A
Product_0018,387279.58662845835,64.12,24832367.094616752,A
Product_1489,181510.6308706366,136.6,24794352.17692896,A
Product_1284,269610.7177729458,91.82,24755656.105911884,A
Product_1220,219881.14604667027,112.42,24719038.438566674,A
Product_0019,85543.97309120405,288.94,24717075.5849725,A
Product_1481,102369.48977722565,241.14,24685378.76488019,A
Product_1346,222629.3062630129,110.87,24682911.185380243,A
Product_1366,207373.19347537687,118.84,24644230.31261379,A
Product_1104,110968.31905528015,222.06,24641624.929415513,A
Product_1486,212515.64894011564,115.79,24607186.99077599,A
Product_1593,69171.94136895862,355.58,24596158.911974307,A
Product_1167,262210.33117141534,93.71,24571730.13407333,A
Product_1838,122679.97349086573,199.98,24533541.09870333,A
Product_0021,829012.3747647271,29.55,24497315.674297687,A
Product_1021,39722.603631364545,616.7,24496929.659462515,A
Product_1276,105514.15708443806,231.81,24459236.75374359,A
Product_0984,299459.67663494416,81.55,24420936.629579697,A
Product_1409,204825.3292809466,119.05,24384455.45089669,A
Product_1833,207321.34850172338,117.44,24347819.16804239,A
Product_1460,217063.5101287508,112.0,24311113.13442009,A
Product_1623,59130.69214761852,410.5,24273149.126597404,A
Product_1232,63221.786982059304,383.35,24236072.039572436,A
Product_1273,446007.45078436186,54.26,24200364.279559474,A
Product_1603,220888.37626394382,109.38,24160770.595750175,A
Product_1151,1144298.4790664937,21.08,24121811.938721687,A
Product_0074,203454.1641210268,118.39,24086938.490288366,A
Product_1370,44248.150537055655,544.28,24083383.37430865,A
Product_1275,93514.99872305941,257.18,24050187.371596422,A
Product_1573,445356.2111214132,53.92,24013606.9036666,A
Product_1265,67975.80246889712,352.85,23985261.90115035,A
Product_1247,441184.0252889628,54.34,23973939.934202243,A
Product_0427,199529.69467080853,119.97,23937577.4696569,A
Product_1268,408159.18602171115,58.56,23901801.933431406,A
Product_0832,84630.64073955527,282.36,23896307.719220825,A
Product_0145,191000.0,124.94,23863540.0,A
Product_1648,88232.59740005426,270.04,23826330.601910654,A
Product_1219,115013.9166221997,206.84,23789478.514135785,A
Product_0401,77751.80017810976,305.49,23752397.43641075,A
Product_1345,182360.63944657694,130.04,23714177.553632863,A
Product_0690,55260.795061230674,428.47,23677592.85988551,A
Product_1651,93072.7521411212,254.0,23640479.04384478,A
Product_1221,140959.56725987856,167.45,23603679.537666664,A
Product_0079,486042.14052338415,48.49,23568183.393978897,A
Product_0206,135345.37727001612,173.84,23528440.3846196,A
Product_0178,118764.68282648038,197.8,23491654.26307782,A
Product_0356,90586.67217828752,258.92,23454701.16040221,A
Product_2034,560880.9359107382,41.75,23416779.074273318,A
Product_1225,50670.37559893465,462.12,23415793.971779678,A
Product_1437,386939.32338136446,60.42,23378873.91870204,A
Product_1391,143226.2028152512,162.98,23343006.53482964,A
Product_1280,92326.32357703986,252.43,23305933.860552173,A
Product_1556,550350.0164467548,42.28,23268798.695368793,A
Product_0420,143729.66430781916,161.63,23231025.642072808,A
Product_1560,61057.384223131965,379.87,23193868.54484114,A
Product_0996,78951.7966958184,293.46,23169194.258354865,A
Product_1819,92842.06695970122,249.42,23156668.341088675,A
Product_1369,236179.16394853403,97.89,23119578.358921997,A
Product_1652,182093.01996390702,126.76,23082111.210624855,A
Product_0408,277856.9502264087,82.94,23045455.451778337,A
Product_1400,257792.71493364757,89.25,23007999.807828046,A
Product_0099,199929.1352834611,114.89,22969858.352716845,A
Product_1785,110092.19178351386,208.31,22933304.470423773,A
Product_1523,401374.92384966713,57.04,22894425.656385012,A
Product_1421,108892.17840385198,209.92,22858646.090536606,A
Product_0997,31573.214692635956,723.62,22847009.61588523,A
Product_1371,189145.47929451513,120.66,22822293.531676196,A
Product_1235,204074.10761054605,111.65,22784874.11471747,A
Product_1107,31392.947427982195,724.91,22757061.520018574,A
Product_1780,32148.276366766553,707.58,22747477.39159668,A
Product_1986,55006.14249496195,412.87,22710386.05189494,A
Product_0146,135682.29806922795,167.16,22680652.945252143,A
Product_1472,90577.3394431359,250.32,22673319.60940578,A
Product_1482,94863.80668461592,238.99,22671501.15955636,A
Product_2048,145905.88552018814,155.14,22635839.079601984,A
Product_0981,496736.30072186503,45.49,22596534.31983764,A
Product_0561,53678.23242338893,420.54,22573843.86333198,A
Product_1314,491598.3984682038,45.89,22559450.50570587,A
Product_1199,114512.03721384444,196.83,22539404.284801003,A
Product_1101,297660.3330968809,75.67,22523957.405440975,A
Product_1300,23546.947733546396,955.91,22508762.807974335,A
Product_1420,192973.77562264472,116.53,22487234.07330679,A
Product_0553,125945.70025713852,178.25,22449821.070834942,A
Product_1972,68431.78480856841,327.66,22422358.610375527,A
Product_1981,215061.54922813506,104.21,22411564.045063954,A
Product_1468,94883.4609170053,235.82,22375417.75344819,A
Product_1765,162637.63708673808,137.35,22338279.453863475,A
Product_1297,109458.00105875057,203.74,22300973.13570984,A
Product_2004,271084.52097527747,82.13,22264171.707699537,A
Product_0107,94401.72659150987,235.45,22226886.525971,A
Product_0001,60298.03175540278,367.99,22189072.70567067,A
Product_1237,893586.2024617413,24.79,22152001.959026564,A
Product_2015,338568.3474621604,65.32,22115284.456228316,A
Product_0415,116518.84251641436,189.48,22077990.28001019,A
Product_1841,223907.10866619603,98.44,22041415.777100336,A
Product_0385,87999.88874120094,250.04,22003492.18084988,A
Product_0038,106566.6024909537,206.13,21966573.771460284,A
Product_0932,461386.1897237146,47.53,21929685.597568154,A
Product_0937,112314.23464447552,194.91,21891167.474554725,A
Product_1564,82683.97070312861,264.31,21854200.296543922,A
Product_1213,246614.99574219142,88.47,21818028.673311673,A
Product_0013,50721.19748063769,429.84,21801999.525077302,A
Product_1368,125565.5629959258,173.46,21780602.557273287,A
Product_1635,71763.15514354546,302.98,21742800.745391406,A
Product_1610,42507.44428423169,510.63,21705576.27485723,A
Product_0357,199852.97473309177,108.42,21668059.52056181,A
Product_0010,14742.669462548813,1467.47,21634425.156206507,A
Product_1217,147085.8980530853,147.07,21631923.026667252,A
Product_1503,72477.79227752633,297.94,21594033.431166194,A
Product_1001,139987.76806905336,153.99,21556716.40495353,A
Product_1272,129770.05169327818,165.83,21519767.672296323,A
Product_2035,241276.95366555508,89.04,21483299.954381026,A
Product_1572,95728.92171513129,224.02,21445193.042623714,A
Product_1830,16312.992757115768,1312.33,21408029.784945734,A
Product_1352,203167.12176228352,105.19,21371149.538174603,A
Product_1030,123969.192748347,172.09,21333858.38006304,A
Product_1900,54692.651725099204,390.06,21333415.731892195,A
Product_1285,121025.47056568734,175.97,21296852.055444002,A
Product_0288,51377.586203508734,413.78,21259017.61928784,A
Product_0129,63900.17183292565,332.11,21221886.067432936,A
Product_1568,188358.557271715,112.47,21184686.936349783,A
Product_0618,36601.94680987232,578.51,21174592.248979237,A
Product_1510,148777.8944556325,142.14,21147289.9179236,A
Product_0980,307047.368686784,68.75,21109506.5972164,A
Product_0080,40582.67345644617,519.77,21093656.182457026,A
Product_1735,49000.0,430.06,21072940.0,A
Product_1153,632811.4823398562,33.24,21034653.67297682,A
Product_1128,38170.62438445504,551.04,21033540.860810105,A
Product_1440,97655.41468534744,215.03,20998843.81979026,A
Product_0020,196340.29758887496,106.76,20961290.170588292,A
Product_1501,108508.84656100892,192.83,20923760.882359352,A
Product_2010,196526.64269090592,106.28,20886851.58518948,A
Product_0044,81275.43351547512,256.97,20885348.150471643,A
Product_1612,43459.45220617768,480.08,20864013.81514178,A
Product_0147,19843.463226172527,1050.97,20854884.54681054,A
Product_1134,336533.5534349393,61.95,20848253.63529449,A
Product_1469,479999.8014861104,43.36,20812791.392437745,A
Product_1600,44777.06190184144,464.38,20793572.005977128,A
Product_0088,40126.83624498994,517.74,20775268.197481092,A
Product_2044,340000.0,60.99,20736600.0,A
Product_1519,178801.67266250696,115.78,20701657.660865057,A
Product_1309,317442.56299984705,65.09,20662336.425660048,A
Product_1848,41718.438447222885,494.42,20626430.337075938,A
Product_1209,84548.70076541431,243.8,20612973.246608008,A
Product_1516,61831.508306764386,332.99,20589273.951069474,A
Product_0418,150274.41962947953,136.76,20551529.62852762,A
Product_2047,196962.44525271872,104.16,20515608.297523182,A
Product_1271,66781.71876741965,307.04,20504658.93034853,A
Product_1304,251543.3479539037,81.41,20478143.9569273,A
Product_1078,159833.8725388172,127.89,20441153.958989333,A
Product_0011,194494.05536551477,104.9,20402426.407842502,A
Product_1218,42875.96930597943,475.41,20383664.56775568,A
Product_1977,158184.92535271108,128.75,20366309.139161553,A
Product_1630,22103.282218757082,919.72,20328830.722235262,A
Product_1006,11468.228031459961,1771.13,20311722.713359684,A
Product_2036,248813.4771362912,81.55,20290739.060464546,A
Product_0200,82588.28646756233,245.25,20254777.256169662,A
Product_1744,54676.672670595726,369.93,20226541.521033477,A
Product_1905,144215.9345169891,140.19,20217631.859936703,A
Product_1417,27388.128331915766,737.03,20185872.22447188,A
Product_0062,255360.02805213278,79.03,20181103.016960055,A
Product_0379,96210.2867691793,209.36,20142585.63799538,A
Product_0413,83930.90450402244,239.55,20105648.173938576,A
Product_1383,108032.31505583589,185.76,20068082.844772074,A
Product_1980,81538.82195001401,245.86,20047134.764630444,A
Product_1017,97231.38946040731,206.02,20031610.856633116,A
Product_0193,57510.77739446485,347.66,19994196.86895965,A
Product_1653,78110.28369231346,255.49,19956396.380549166,A
Product_1577,107233.54623578521,185.76,19919703.54875946,A
Product_1507,66994.60231241191,296.78,19882658.074277606,A
Product_1002,46685.7156122233,425.08,19845163.99244388,A
Product_1988,162420.3340330807,121.95,19807159.73533419,A
Product_1442,39897.3082711848,496.38,19804225.87965071,A
Product_0381,45163.05743546081,437.76,19770580.022947323,A
Product_1475,44786.121767820565,440.62,19733660.9733371,A
Product_1447,63947.89884793463,308.01,19696592.324152343,A
Product_0122,45367.4128026086,433.33,19659060.989754383,A
Product_1813,158306.95430199342,123.95,19622146.985732086,A
Product_1492,83440.22862799857,234.72,19585090.463563826,A
Product_0036,147641.29168351038,132.4,19547707.018896777,A
Product_0128,78849.51272423951,247.5,19515254.399249278,A
Product_1303,36651.880931900094,532.31,19510162.738859735,A
Product_0934,74285.4448838065,262.14,19473186.521841034,A
Product_0078,45510.62129876555,427.46,19453970.180370323,A
Product_1474,23017.434690054193,844.47,19437533.072710063,A
Product_1423,178375.06381455052,108.96,19435746.953233425,A
Product_2019,56474.52831422812,343.78,19414813.343865342,A
Product_0085,241708.02644660423,80.26,19399486.202604458,A
Product_1487,28245.24585633889,686.19,19381605.254161183,A
Product_0035,98251.71281063945,197.06,19361482.52646461,A
Product_1464,388373.26666430535,49.76,19325453.749215834,A
Product_1257,31362.58804072695,614.97,19287050.767405853,A
Product_0214,113165.06133691962,170.1,19249376.933410026,A
Product_0552,70557.18133179352,272.67,19238826.63374014,A
Product_1810,59292.03665529404,324.03,19212398.637414925,A
Product_0191,161327.89738628478,118.86,19175433.88333381,A
Product_1222,672697.2309726138,28.45,19138236.22117086,A
Product_1969,464070.6763822576,41.16,19101149.03989372,A
Product_1446,44584.460228268894,427.59,19063869.349005494,A
Product_1992,80869.66784783517,235.27,19026206.75456018,A
Product_1987,45867.44297612128,414.0,18989121.39211421,A
Product_0390,59237.58996192964,319.93,18951882.15652015,A
Product_1351,78676.3091137342,240.41,18914571.474032838,A
Product_1173,58478.50716998934,323.44,18914288.359061353,A
Product_1999,98216.67937176612,192.2,18877245.77525345,A
Product_1414,69227.94591686895,272.56,18868768.9391018,A
Product_0037,69323.86048772049,271.77,18840145.564747795,A
Product_1580,143718.53033770787,130.83,18802695.324082322,A
Product_1966,72561.840773958,258.65,18768120.116184235,A
Product_0928,93958.12513358393,199.73,18766256.332930718,A
Product_1729,58483.837030506686,320.86,18765123.949608374,A
Product_1445,21558.97680639711,869.89,18753938.334116783,A
Product_1626,35132.55865954935,533.09,18728815.695819166,A
Product_0973,102922.90947877396,181.73,18704180.33957759,A
Product_1634,31457.64207442229,594.18,18691501.767780233,A
Product_2013,11666.685682019806,1599.38,18659463.746108837,A
Product_1008,106775.62262246838,174.71,18654769.02837145,A
Product_0017,59423.199316610546,313.93,18654724.96146355,A
Product_0976,56955.65192346504,326.87,18617093.944223017,A
Product_1740,109481.30804718038,169.71,18580072.788686983,A
Product_2031,22216.30090600917,836.13,18575715.676541448,A
Product_1582,121019.13075457666,153.22,18542551.214216236,A
Product_1422,125520.17957691813,147.49,18512971.285799656,A
Product_1542,60135.30278024116,307.73,18505436.724563614,A
Product_1443,43274.09237090616,426.78,18468517.14205533,A
Product_2008,73008.75737994112,252.46,18431790.888139937,A
Product_1005,109622.2334604924,168.13,18430786.111712586,A
Product_0392,52282.859241056816,351.82,18394155.53818861,A
Product_1643,272254.42753981956,67.43,18358116.049010035,A
Product_1191,67473.37304851698,271.62,18327117.58743818,A
Product_1733,83444.76017057916,219.54,18319462.64784895,A
Product_1007,28524.434043295787,638.84,18222549.444219083,A
Product_0606,25008.280937569278,725.24,18137005.667162742,A
Product_1831,34754.83680164338,518.38,18016212.301235896,A
Product_1353,117228.41730679909,148.91,17456483.621155452,A
Product_0054,81115.45152138777,214.51,17400075.50585289,A
Product_0425,86847.39388007,198.9,17273946.642745923,A
Product_2089,14235.451297304358,1210.07,17225892.551329084,A
Product_0376,59604.166671880535,288.78,17212491.251505658,A
Product_1738,56707.30114073455,303.23,17195354.92490494,A
Product_2138,61245.6947872744,280.17,17159206.30855067,A
Product_1515,176283.7712938672,97.04,17106577.166356876,A
Product_0014,81993.53751436995,207.31,16998080.262104034,A
Product_0025,126281.63840679357,134.43,16976040.65102526,A
Product_1902,22836.15030352846,743.1,16969543.290551998,A
Product_1547,41085.85584029561,412.81,16960652.149432432,A
Product_1211,54093.496139414616,311.62,16856615.266964383,A
Product_0557,91104.85283782776,184.21,16782424.94125625,A
Product_2003,15883.7988199119,1042.4,16557271.889876166,A
Product_1307,36301.17215886028,456.01,16553697.516161876,A
Product_1457,34744.0323936916,474.64,16490907.535341782,A
Product_1743,18294.625273472302,888.76,16259531.158051243,A
Product_2017,37454.34716958804,433.96,16253688.497714426,B
Product_0940,70746.64961558668,229.38,16227866.488823272,B
Product_0004,20505.14588089331,790.94,16218340.083033755,B
Product_1641,38547.82628328103,420.36,16203964.256440014,B
Product_1488,20129.418484051854,804.21,16188279.639059342,B
Product_1621,35828.662233878786,448.0,16051240.680777695,B
Product_0550,17441.671366084116,919.64,16040058.655105596,B
Product_1557,7263.336536366229,2200.0,15979340.380005702,B
Product_2011,75618.36345898584,211.14,15966061.26073027,B
Product_1155,137770.63501163264,115.32,15887709.629541475,B
Product_1444,22600.032535283448,695.95,15728492.642930517,B
Product_1401,368374.34632044286,42.42,15626439.770913187,B
Product_0123,66605.96623048707,232.68,15497876.222509732,B
Product_2050,32740.912342504213,472.91,15483504.855893668,B
Product_0138,17695.167058485174,872.38,15436909.838481296,B
Product_2082,31795.234854146896,483.87,15384760.288876059,B
Product_0416,12979.643653875723,1175.39,15256143.354328986,B
Product_0097,43703.107640638744,348.91,15248451.286895266,B
Product_0023,63141.35992598039,241.47,15246744.181326484,B
Product_0479,57517.56947808301,264.24,15198442.558888655,B
Product_1106,61160.665775096626,247.85,15158671.012357699,B
Product_1746,29275.60312462356,516.75,15128167.914649226,B
Product_0032,100764.8034541137,149.99,15113712.870082514,B
Product_0022,30501.964690382483,492.87,15033503.336948814,B
Product_1003,29400.0,510.8,15017520.0,B
Product_1505,126548.91501076729,117.77,14903665.720818063,B
Product_0961,49537.484064340024,297.08,14716595.765834134,B
Product_1843,9876.96513051364,1467.09,14490396.773325255,B
Product_0183,29613.52841120231,489.18,14486345.828191947,B
Product_1995,33645.30949870352,430.45,14482623.473716931,B
Product_1994,21584.127574799906,664.65,14345890.392590757,B
Product_0101,24295.042528953247,588.03,14286213.858300377,B
Product_2028,37896.516024817785,376.33,14261595.875619676,B
Product_1227,58361.98742960465,243.05,14184881.044765411,B
Product_1495,76666.65890957604,184.81,14168765.233078748,B
Product_0421,36287.597297390275,390.32,14163774.977117373,B
Product_1632,36615.08388654285,385.89,14129394.720978022,B
Product_1533,45436.433967661906,309.98,14084385.80129584,B
Product_1650,28574.485349814462,486.42,13899201.16385675,B
Product_1971,35717.12506440861,388.86,13888961.252545932,B
Product_1628,36100.60989078403,382.24,13799097.124653287,B
Product_1194,29083.615857151202,472.38,13738518.458601085,B
Product_2021,48077.59373719825,280.92,13505957.632653734,B
Product_0110,13760.11399281267,965.69,13288004.481719268,B
Product_0433,44339.09030411604,298.56,13237878.801196886,B
Product_0949,37836.16377331286,348.85,13199145.732320191,B
Product_0935,98379.89345868862,134.05,13187824.71813721,B
Product_0963,36121.98802010236,362.9,13108669.452495147,B
Product_1739,63377.80314438129,205.79,13042518.109082224,B
Product_1010,39727.437929313295,323.15,12837921.566857591,B
Product_0962,125552.65158576811,100.23,12584142.268441537,B
Product_1362,141011.54736859497,88.98,12547207.484857582,B
Product_0100,47296.90280610382,264.7,12519490.17277568,B
Product_1968,20765.03677614824,602.4,12508858.1539517,B
Product_1983,9331.045528912744,1328.09,12392468.256493725,B
Product_1541,104120.92228736218,118.73,12362277.103178512,B
Product_1878,71923.34208934648,171.06,12303206.897803608,B
Product_1829,29901.755351276337,408.53,12215764.113656921,B
Product_1449,27704.69795291099,438.33,12143800.253699474,B
Product_2167,48525.96011932634,248.34,12050936.936033502,B
Product_1306,76824.96802628567,156.61,12031558.2425966,B
Product_1546,36432.05836400733,329.64,12009463.719111376,B
Product_0478,43612.72314115902,270.38,11792008.082906576,B
Product_1732,17843.372643719606,654.41,11676881.491776546,B
Product_0250,37765.41267159111,308.96,11668001.89901479,B
Product_1203,14389.388500709269,808.72,11636986.2682936,B
Product_0047,26026.579587578595,443.44,11541226.452315852,B
Product_1880,37902.80637877241,297.6,11279875.17832267,B
Product_1509,60080.3734084317,187.56,11268674.83648545,B
Product_1436,127568.48575619308,88.09,11237507.910263048,B
Product_1367,106754.94728865138,104.04,11106784.71591129,B
Product_0188,12788.998376606405,860.83,11009153.472534092,B
Product_1034,51074.60911791796,215.38,11000449.31181717,B
Product_1259,31569.102069473203,347.87,10981943.536907643,B
Product_0977,32262.534967166855,338.46,10919577.584987294,B
Product_1736,34244.96071169267,311.33,10661483.618371278,B
Product_0026,36157.86996353942,293.0,10594255.89931705,B
Product_1249,39878.27391543205,264.54,10549398.581588395,B
Product_2109,17046.594185315927,616.88,10515703.021037688,B
Product_0989,45378.28865529155,231.18,10490552.7713303,B
Product_0213,34258.817799144526,306.21,10490392.598276045,B
Product_1161,23106.450028362655,452.34,10451971.605829563,B
Product_2041,23675.117387012277,439.46,10404267.086896414,B
Product_2045,147091.25780901953,70.22,10328748.123349352,B
Product_0986,70989.2666117822,145.43,10323969.043351484,B
Product_2114,14174.498285613725,726.25,10294229.379926968,B
Product_1847,22562.58474229736,449.44,10140528.086578125,B
Product_0470,47907.25504076423,211.23,10119449.482260628,B
Product_2014,76441.3629664733,131.96,10087202.257055817,B
Product_0034,68136.59730677382,147.6,10056961.762479816,B
Product_0411,73310.39935628229,136.75,10025197.111971602,B
Product_1236,89181.94981002745,111.46,9940220.125825658,B
Product_1490,35601.848548270376,278.67,9921167.134946506,B
Product_1527,76630.116297534,128.13,9818616.801203031,B
Product_0987,57186.09312921081,170.71,9762237.958087577,B
Product_1301,10429.785151316826,925.72,9655060.710277013,B
Product_0052,31337.615284392792,307.93,9649791.874523073,B
Product_1561,52776.89645983644,181.92,9601173.003973445,B
Product_0179,29044.843600075055,330.0,9584798.388024768,B
Product_2029,37786.6708178326,252.39,9536977.84771277,B
Product_0195,23595.89840297506,403.65,9524484.390360883,B
Product_0371,20232.815773365313,470.1,9511446.695059035,B
Product_0194,55774.49269773476,170.06,9485010.228176773,B
Product_0055,12967.53161262237,729.71,9462537.49304667,B
Product_0685,17101.635874435855,552.91,9455665.491334328,B
Product_1540,133127.0506797643,70.41,9373475.638362205,B
Product_0225,66262.83723818313,141.1,9349686.334307639,B
Product_1633,41056.32869924041,226.22,9287762.678342165,B
Product_1132,33091.73824506392,278.86,9227962.127018524,B
Product_1308,45738.82564525301,200.21,9157370.282436106,B
Product_0349,29673.64879475639,307.83,9134439.30848986,B
Product_1500,17794.165020233402,513.31,9133922.846536007,B
Product_1842,42740.907458945454,213.49,9124756.333410265,B
Product_1522,26092.663179532195,346.62,9044238.91128945,B
Product_1734,35398.47986645412,254.12,8995461.703663321,B
Product_1636,51381.623375548916,174.19,8950164.975786865,B
Product_0974,30956.858673265935,287.31,8894215.065416036,B
Product_1298,52689.284660238554,168.64,8885520.96510263,B
Product_0358,3992.3420442228867,2200.0,8783152.49729035,B
Product_0287,33772.34941010611,259.53,8764937.842404837,B
Product_1310,13592.761126088031,644.53,8760942.328597518,B
Product_1511,35525.04747293674,246.41,8753726.947806342,B
Product_1013,46036.33002612394,189.01,8701326.738237686,B
Product_1022,15862.410169874001,545.4,8651358.50664928,B
Product_0952,34189.9235364707,250.89,8577909.916065132,B
Product_1795,12807.601607842827,669.22,8571103.148000577,B
Product_1204,47032.70075217749,179.89,8460712.538309207,B
Product_1545,39125.94288298002,215.68,8438683.361001132,B
Product_1782,29885.29926338065,280.05,8369378.058709751,B
Product_1415,29441.63715509611,283.01,8332277.731263749,B
Product_0241,5300.287784446286,1566.52,8303006.820090797,B
Product_1517,4278.260417112452,1881.83,8050958.800734726,B
Product_1504,28252.774934691904,284.88,8048650.52339503,B
Product_1518,78896.55405256756,101.47,8005633.339714031,B
Product_1384,31885.460276974667,248.5,7923536.878828205,B
Product_0397,8474.065747990768,927.1,7856306.354962241,B
Product_1261,10697.576193908892,734.0,7852020.926329127,B
Product_0284,7477.176795510487,1043.06,7799144.028325168,B
Product_1588,18682.005835536344,414.03,7734910.876087111,B
Product_1591,11708.453862620556,654.91,7667983.519168828,B
Product_0228,31072.20197055637,243.8,7575402.840421643,B
Product_0127,19845.16905571612,381.04,7561803.21699007,B
Product_1553,19938.509681304924,378.66,7549916.075922923,B
Product_0564,21810.343384623608,342.62,7472659.85043974,B
Product_1973,60616.31086358925,123.1,7461867.867307836,B
Product_0968,5801.950696237067,1285.39,7457769.405436164,B
Product_1639,23580.087734865836,311.89,7354393.563627305,B
Product_0562,14995.424869859242,488.39,7323615.552190555,B
Product_1532,51732.48423696157,141.0,7294280.277411582,B
Product_1254,23148.13766996041,311.54,7211570.809699467,B
Product_0995,28126.64821132628,256.32,7209422.469527151,B
Product_2002,27965.38755723248,257.34,7196612.833978206,B
Product_1578,31000.0,231.68,7182080.0,B
Product_0220,7484.371553372794,958.56,7174219.196201025,B
Product_1494,48635.16419120835,147.26,7162014.2787973415,B
Product_0398,45155.93738175275,158.51,7157667.634381629,B
Product_2007,21616.71777429264,330.6,7146486.896181148,B
Product_1484,59989.58977571312,118.97,7136961.49561659,B
Product_0113,32548.858475675326,217.36,7074819.8782727895,B
Product_0067,7016.32896884627,1004.28,7046358.856832932,B
Product_1223,18241.332016963002,384.98,7022547.999890417,B
Product_1528,50314.78341108075,139.52,7019918.581513987,B
Product_1884,21463.499305882433,326.47,7007188.618391438,B
Product_1477,33010.896140836914,208.95,6897626.748627873,B
Product_0115,9736.566217119205,706.94,6883168.121530252,B
Product_1014,14911.464700407021,459.8,6856291.469247148,B
Product_1885,53366.64731738357,128.07,6834666.5219373135,B
Product_1129,13360.308385356539,510.9,6825781.554078655,B
Product_0664,25515.075867027896,263.72,6728835.807652597,B
Product_1985,17150.352109740168,389.35,6677489.593927335,B
Product_1731,28723.635137065667,231.47,6648659.82517659,B
Product_0514,9600.717821633298,689.63,6620943.031332971,B
Product_0211,25384.86699013483,258.0,6549295.683454786,B
Product_1296,13911.417308443892,470.78,6549217.040469215,B
Product_0140,12888.27928469753,507.71,6543508.275633783,B
Product_0230,8633.37867672387,752.38,6495581.448793506,B
Product_1563,13161.52383278827,492.25,6478760.106690026,B
Product_0226,61093.604667234795,105.57,6449651.844719977,B
Product_0422,136357.02979202458,46.93,6399235.408139713,B
Product_1544,7554.068343788623,846.7,6396029.666685827,B
Product_1214,19862.26924141109,318.97,6335468.019932896,B
Product_1989,4306.9382818494105,1461.35,6293944.258180636,B
Product_0061,20200.530186670643,310.67,6275698.713092969,B
Product_0008,56157.7340355905,111.11,6239685.828694461,B
Product_1160,27999.027006463144,222.65,6233983.36298902,B
Product_0053,37633.203776185415,164.94,6207220.630844022,B
Product_1551,4548.095675060837,1363.33,6200555.27668069,B
Product_0095,113915.7296339502,54.31,6186763.276419836,B
Product_0201,21077.428320927484,291.94,6153344.4240115695,B
Product_1901,63168.22550384272,96.84,6117210.957792129,B
Product_0143,15000.0,405.37,6080550.0,B
Product_0551,18890.238302313126,320.29,6050354.425847871,B
Product_0879,7189.998717120674,837.97,6025003.224985612,B
Product_0367,46962.46497812179,127.85,6004151.14745287,B
Product_0308,16214.540080358784,369.82,5996461.212518285,B
Product_1903,13555.968346639798,434.69,5892643.880600854,B
Product_1742,18618.857436080925,314.86,5862333.452324441,B
Product_1105,5196.849993868954,1104.86,5741791.684226052,B
Product_1899,20183.17397501083,282.6,5703764.965338062,B
Product_0870,21702.99430205048,262.26,5691827.285655758,B
Product_0463,11719.697238905634,485.53,5690264.600405852,B
Product_1302,21728.513708366714,260.54,5661146.961577864,B
Product_1550,22090.516826137806,255.0,5633081.79066514,B
Product_0090,15535.960645948231,362.18,5626814.22674953,B
Product_0399,11596.142710259908,485.14,5625752.674455492,B
Product_0015,16257.13471660189,336.66,5473126.973691192,B
Product_1009,30064.27074752267,181.37,5452756.785478187,B
Product_1293,8148.178746868787,653.4,5324019.993204066,B
Product_0217,21546.497964841565,246.56,5312504.538211336,B
Product_1589,28633.057701939062,185.25,5304273.939284211,B
Product_0229,4946.23376129938,1066.58,5275554.005126692,B
Product_0905,34273.00148527661,152.66,5232116.406742327,B
Product_1386,15156.028761784588,343.85,5211400.489739631,B
Product_0558,101384.77951632663,51.21,5191914.559031087,B
Product_1565,7614.241779794795,679.62,5174790.998384139,B
Product_2111,19592.999199280104,262.53,5143750.079787006,B
Product_0208,7573.049183218251,677.53,5130968.013105861,B
Product_0215,44777.15562088724,113.48,5081311.6198582845,B
Product_0554,18000.0,280.03,5040539.999999999,B
Product_0410,8109.3161590310565,620.6,5032641.608294674,B
Product_1491,12719.473472874957,394.67,5019994.59553956,B
Product_0076,6465.219351035565,773.12,4998390.384672616,B
Product_1993,10380.818583796306,477.99,4961927.474868797,B
Product_2005,13743.574516712393,354.99,4878831.517687732,B
Product_1576,11498.523956742336,422.48,4857896.4012445025,B
Product_0219,36651.10960203882,131.55,4821453.468148207,B
Product_1625,14808.418143347379,324.04,4798519.815170285,B
Product_1562,7641.665586374087,625.32,4778486.324471445,B
Product_1737,15973.751368279414,298.96,4775512.709060813,B
Product_0359,21080.821418282172,225.33,4750141.490181522,B
Product_0126,61052.50597678618,77.02,4702264.010332071,B
Product_1390,23728.80800156354,195.14,4630439.593425109,B
Product_1032,14862.465748372668,311.44,4628766.332673184,B
Product_1543,38820.26123029346,118.96,4618058.27595571,B
Product_1133,49641.78237332947,92.81,4607253.822068708,B
Product_0383,17484.041350386447,263.36,4604597.130037775,B
Product_0563,10400.0,441.2,4588480.0,B
Product_0007,22220.55123639458,206.04,4578322.376746739,B
Product_1228,29950.02386511942,152.23,4559292.132987129,B
Product_2149,5794.341080945574,783.71,4541083.048547856,B
Product_1343,21000.0,212.28,4457880.0,B
Product_1252,9836.920054405029,451.38,4440188.974157342,B
Product_0916,6400.0,688.85,4408640.0,B
Product_0922,9000.0,486.63,4379670.0,B
Product_2025,17283.700472438755,250.96,4337517.47056323,B
Product_1036,18176.476561888063,238.36,4332544.953291639,B
Product_1207,19249.0718026889,224.36,4318721.749651282,B
Product_2000,10788.978953902548,397.76,4291424.268704277,B
Product_1251,7115.275597267846,602.23,4285032.422942615,B
Product_0894,18625.414702301634,229.1,4267082.508297305,B
Product_0889,13146.058512728427,324.09,4260506.103390155,B
Product_1531,8136.0438365593,522.84,4253849.159506665,B
Product_0950,24592.90839517216,172.33,4238095.903740019,B
Product_1011,10297.928211243114,411.08,4233272.329077819,B
Product_0991,19559.349165576317,216.21,4228926.883089256,B
Product_1230,5201.60346844706,805.85,4191712.155048063,B
Product_1015,34834.986566720494,119.32,4156510.597141089,B
Product_1840,25117.24315140778,163.94,4117720.8422417915,B
Product_0646,6584.005699979268,624.63,4112567.48037805,B
Product_1226,46443.65284324603,87.48,4062890.750727163,B
Product_1530,11613.732159554973,345.88,4016957.679346874,B
Product_0043,9920.483405535784,400.45,3972657.5797468047,B
Product_0994,7311.271835970421,540.7,3953204.681709207,B
Product_0294,2046.539263108518,1930.59,3951028.2359646736,B
Product_2110,4414.775137966708,890.99,3933520.5001769573,B
Product_0384,13923.12643668521,281.69,3922005.4859498567,B
Product_0243,4194.50679433354,915.47,3839945.1350085256,B
Product_2148,8690.13210101027,439.58,3820008.268962094,B
Product_1188,5440.503965252565,691.62,3762761.3524479787,B
Product_1229,21443.9452735293,173.17,3713448.003017069,B
Product_1538,12900.154960360056,285.44,3682220.2318851743,B
Product_1535,31192.120389522956,117.72,3671936.412254642,B
Product_0275,12809.692600820446,285.81,3661138.242240492,B
Product_1998,11710.834396229813,310.97,3641718.1721955854,B
Product_0419,14139.509135993081,256.97,3633429.6626761425,B
Product_1305,23805.498240173925,150.8,3589869.1346182283,B
Product_1212,5454.678198270136,654.18,3568341.383744357,B
Product_0971,6006.254106775994,593.2,3562909.93613952,B
Product_0999,25774.97829110982,137.44,3542513.0163301337,C
Product_1497,3737.5825391572594,946.24,3536650.101852165,C
Product_0605,6361.702370079166,553.43,3520756.9426729125,C
Product_0027,3522.0160641865373,993.15,3497890.2541468595,C
Product_1534,15581.78614179688,224.04,3490943.367208173,C
Product_0841,16460.68401987947,211.67,3484232.9864878873,C
Product_0224,7705.362963384098,452.16,3484056.9175237543,C
Product_0003,17695.822994461127,195.79,3464665.1840855437,C
Product_0068,24946.95237333906,138.77,3461888.5808482617,C
Product_0845,48200.84893882111,71.7,3456000.8689134736,C
Product_1189,11606.73431739082,297.51,3453119.5267669423,C
Product_1549,7168.450572870579,477.52,3423078.5175571586,C
Product_1200,23758.548182736828,144.02,3421706.1092777583,C
Product_1608,6448.841802844915,529.7,3415951.5029669516,C
Product_1039,9357.544490696831,364.3,3408953.4579608557,C
Product_1552,6100.0,556.39,3393979.0,C
Product_2083,4115.350354429906,821.31,3379978.3995968257,C
Product_1499,16663.071750086816,199.67,3327115.5363398343,C
Product_0246,6841.393709485425,483.83,3310071.518460333,C
Product_0029,1621.4667821187857,2039.6,3307143.648809475,C
Product_0808,1934.9689849015278,1705.1,3299315.616155595,C
Product_1609,12064.203322196458,271.79,3278929.8209397756,C
Product_0705,3613.6352643994283,906.34,3275182.185535778,C
Product_0620,7396.274897767697,440.29,3256505.8747381396,C
Product_1827,3612.628076476094,894.25,3230592.657388747,C
Product_0871,10719.99385488568,301.17,3228540.5492759207,C
Product_1313,14926.852651214343,215.37,3214796.2554920334,C
Product_1283,9917.030917542774,323.28,3205977.7550232275,C
Product_0045,11414.080719340107,280.0,3195942.60141523,C
Product_1889,28109.71413851086,112.4,3159531.8691686206,C
Product_0378,13588.13511343913,230.98,3138587.44850217,C
Product_1291,8382.93165096759,371.88,3117444.622361827,C
Product_0458,3957.758450504801,783.92,3102566.004519724,C
Product_0406,6932.203516890134,443.64,3075402.768233139,C
Product_0091,6100.0,501.83,3061163.0,C
Product_0833,12197.81706222521,250.61,3056894.93396426,C
Product_0863,12870.78585402275,231.62,2981131.419508749,C
Product_1026,4070.701755146031,728.89,2967093.8023083904,C
Product_1730,13531.873263306878,219.24,2966727.8942474,C
Product_0613,4881.853816072471,607.31,2964798.641038972,C
Product_1579,11851.147542498155,248.76,2948091.462671841,C
Product_1879,39160.032411137945,74.68,2924471.220463782,C
Product_1473,30489.261328889508,95.65,2916297.8461082815,C
Product_0724,4775.289684004245,609.63,2911159.850059508,C
Product_0689,3905.699534854878,745.36,2911152.205299432,C
Product_0130,6880.951305018437,421.57,2900802.6416566223,C
Product_0249,7732.2749775621905,371.95,2876019.6779042566,C
Product_0187,10079.92597519725,284.83,2871065.3155154325,C
Product_0204,30098.86516106027,95.21,2865712.951984548,C
Product_1045,10335.787937292165,277.03,2863323.332268048,C
Product_0548,1329.6945229216415,2140.04,2845599.4668332296,C
Product_1606,13005.579331330195,218.68,2844060.088175287,C
Product_0880,1810.0,1567.32,2836849.1999999997,C
Product_1649,13782.247145902647,205.15,2827428.001981928,C
Product_0723,4811.597362685145,574.81,2765754.280045048,C
Product_1622,40566.29965243657,68.02,2759319.7023587357,C
Product_0227,3188.363570264653,861.92,2748114.3284825096,C
Product_0417,30824.496532344896,88.91,2740605.986690785,C
Product_0426,8338.89577265797,328.45,2738910.31652951,C
Product_1506,6618.196343646959,409.46,2709886.6748696836,C
Product_0914,7581.76447826161,356.63,2703884.665882438,C
Product_1260,5587.1006306335585,480.87,2686669.080252759,C
Product_0028,7880.255503714869,338.27,2665654.0292416285,C
Product_2076,7687.3629744756145,346.45,2663286.9025070765,C
Product_1365,10213.65733408476,260.53,2660964.1452491023,C
Product_1196,27237.6517736737,97.63,2659211.942663763,C
Product_0051,21525.065999274993,123.54,2659206.653550433,C
Product_0190,5701.900020001481,463.46,2642602.583269886,C
Product_1379,11500.0,229.75,2642125.0,C
Product_0453,9162.162359946853,287.78,2636687.0839455053,C
Product_1537,8238.56090172487,319.66,2633538.377845372,C
Product_0409,7333.970858509173,358.48,2629081.8733583684,C
Product_0650,7274.620964653152,359.85,2617772.354130437,C
Product_2022,11172.120065542065,233.85,2612600.277327012,C
Product_1602,5220.265206918488,499.32,2606582.8231185395,C
Product_0429,3931.317951847087,659.85,2594080.1505263005,C
Product_1675,2994.247563374178,861.63,2579933.528030093,C
Product_0087,25279.758069145864,101.45,2564631.456114848,C
Product_1238,13097.465931840312,195.43,2559637.767059552,C
Product_0382,3300.0,774.98,2557434.0,C
Product_1441,10365.04879688591,245.7,2546692.4893948683,C
Product_1425,12262.790069036919,206.18,2528342.056434032,C
Product_0207,7265.320036783283,345.85,2512710.9347214988,C
Product_1197,4272.602951236131,586.37,2505326.19251633,C
Product_1426,6620.091913358622,378.33,2504579.3735809675,C
Product_1536,18452.385379970525,134.59,2483506.548290233,C
Product_0983,6033.391698585257,409.7,2471880.5789103797,C
Product_0144,7198.696393782619,343.36,2471744.3937692004,C
Product_0834,2892.3231016741834,847.78,2452053.679137339,C
Product_1193,27378.558973706327,89.36,2446548.0298903976,C
Product_0475,11452.608863406276,213.56,2445819.148869044,C
Product_0221,4730.3807295375245,516.05,2441112.9754778394,C
Product_0391,20000.0,122.01,2440200.0,C
Product_1255,10413.536580110915,234.03,2437079.965843357,C
Product_0273,7745.3105346332695,313.03,2424514.556656252,C
Product_0477,5463.449838578015,443.27,2421783.4099464766,C
Product_1389,31347.17096228598,76.77,2406522.314774695,C
Product_2150,10962.603930202522,219.17,2402673.9033824867,C
Product_1984,15586.371416634896,153.75,2396404.6053076154,C
Product_0546,2078.5465272131682,1143.04,2375861.8224657397,C
Product_1607,11008.162273485037,214.78,2364333.0930991163,C
Product_1604,4669.592117164743,506.32,2364307.8807628527,C
Product_1586,7320.049525930604,321.37,2352444.3161483184,C
Product_0892,8963.378570764111,261.91,2347598.4814688284,C
Product_0830,11427.899822636433,204.98,2342490.905644016,C
Product_1187,2988.8628525456165,778.98,2328264.3848759844,C
Product_0836,5605.1169932182565,411.29,2305328.568140737,C
Product_0920,7150.0,320.93,2294649.5,C
Product_2081,7589.250046172408,299.61,2273815.206333715,C
Product_1258,14307.414141770098,157.35,2251271.615207525,C
Product_0252,9844.0,226.02,2224940.88,C
Product_0253,4660.304523046903,476.3,2219703.04432724,C
Product_0992,10700.0,207.01,2215007.0,C
Product_1672,5697.222618040048,387.14,2205622.764348024,C
Product_0333,3768.2821792866284,582.21,2193931.567602468,C
Product_0654,13660.832344651155,159.99,2185596.5668207384,C
Product_1029,3780.9412751357613,574.55,2172339.8096292517,C
Product_0560,2000.0,1082.65,2165300.0,C
Product_1406,4891.0861182266,442.22,2162936.103202167,C
Product_1434,10296.780095148024,209.07,2152747.8144925972,C
Product_0901,11067.547099326684,193.52,2141791.7146617,C
Product_0344,6486.528180460066,328.36,2129916.3933358677,C
Product_0739,4495.5372221239,471.44,2119376.0679980917,C
Product_1201,7606.922695401798,278.13,2115713.409272102,C
Product_1669,5010.338499647314,418.52,2096926.8688723939,C
Product_1186,4064.2254761991426,509.84,2072104.7167853708,C
Product_0588,1760.601642573107,1175.05,2068794.9601055293,C
Product_0304,10091.29215110723,204.33,2061953.7252357407,C
Product_1676,2300.7157709702637,895.45,2060175.9371153228,C
Product_1598,11490.27194985877,178.66,2052851.9865617678,C
Product_0700,2297.6931168616807,887.84,2039983.8568744746,C
Product_1231,9332.944656809077,218.24,2036821.8419020132,C
Product_1822,1703.3979945684764,1195.04,2035628.739429112,C
Product_0838,25532.696170166182,79.72,2035466.538685648,C
Product_2168,4204.774768795521,483.25,2031957.4070204354,C
Product_0181,7719.5377889398715,263.22,2031936.736804753,C
Product_1887,14747.334232505673,137.77,2031740.2372123066,C
Product_0311,3651.4491606228094,555.92,2029913.617373432,C
Product_0676,2466.734201013334,817.38,2016259.201224279,C
Product_1004,11871.796745018928,164.43,1952079.5387834625,C
Product_0120,12957.072123848135,150.63,1951723.7740152446,C
Product_0636,3647.788826281072,533.3,1945365.7810556956,C
Product_0131,3142.868544784242,618.48,1943801.3375781581,C
Product_2132,15691.272685885657,123.63,1939912.0421560437,C
Product_2016,13411.688243656872,143.56,1925381.9642593807,C
Product_0297,8171.238166468247,235.34,1923019.1900966372,C
Product_0185,12013.232782890349,158.65,1905899.381005554,C
Product_0890,3370.0,559.39,1885144.3,C
Product_1448,10532.362176229353,178.75,1882659.7390009968,C
Product_0993,8220.646666038157,227.57,1870772.5617903036,C
Product_0154,1113.9779855875188,1662.04,1851475.9711658796,C
Product_0486,5345.679602573105,345.59,1847413.413853239,C
Product_1569,6608.449828903028,276.23,1825452.0962378834,C
Product_1888,17102.38300036728,106.34,1818667.4082590567,C
Product_0648,7711.736902786068,235.5,1816114.040606119,C
Product_0276,4413.232311997703,410.18,1810219.6297352177,C
Product_0792,2382.024460467886,750.02,1786565.9858401238,C
Product_0414,11820.390212857577,149.66,1769039.599256265,C
Product_0649,8676.689209024857,203.63,1766834.2236337315,C
Product_0767,4415.15965299868,399.82,1765269.1324619323,C
Product_0248,9061.301849506575,194.71,1764326.0831174254,C
Product_1462,5381.463367258481,326.95,1759469.4479251604,C
Product_1330,1191.4818296048034,1464.94,1745449.3914612606,C
Product_0872,1800.0,966.55,1739790.0,C
Product_0729,1735.0713697071244,998.79,1732971.9333497786,C
Product_0231,4352.598072117347,394.23,1715924.737970822,C
Product_0885,9450.0,181.48,1714986.0,C
Product_0886,3162.7960223683863,538.62,1703545.1935680602,C
Product_0439,6069.917288492212,279.89,1698909.149876085,C
Product_1292,2406.8922062760935,703.17,1692454.3926871605,C
Product_0958,19558.342132037797,85.68,1675758.7538729985,C
Product_0604,3328.8791449568334,503.26,1675291.718490976,C
Product_2090,3919.4512072628872,423.78,1660985.0326138663,C
Product_0559,8782.279175710059,188.76,1657743.0172070307,C
Product_0400,4066.569620585261,407.09,1655459.8268440538,C
Product_1724,9999.929177331673,165.51,1655088.2781401651,C
Product_1809,4407.759840655453,373.77,1647488.3956417888,C
Product_0583,9258.037852784391,176.58,1634784.3240446679,C
Product_0005,2587.7323536661775,629.76,1629650.3270448118,C
Product_0050,8747.956261336261,185.45,1622308.4886648096,C
Product_0040,2317.9334371629616,695.94,1613142.5962591916,C
Product_0683,1646.8629755129164,977.61,1609989.713491182,C
Product_0603,6507.223763567167,245.17,1595376.0501137623,C
Product_0695,2303.4493912597914,685.55,1579129.7301781499,C
Product_0795,2288.5410342329556,688.14,1574836.627297066,C
Product_1638,6518.23070157085,241.31,1572914.2505960618,C
Product_0635,12897.167897916692,121.04,1561073.2023638363,C
Product_0469,11357.58047039306,135.63,1540428.6391994108,C
Product_1140,4120.345751956877,373.58,1539278.7660160502,C
Product_0543,2298.0,669.4,1538281.2,C
Product_1791,13648.899212825167,111.09,1516256.2135527479,C
Product_1890,7325.430414973896,205.52,1505522.4588854352,C
Product_0907,2868.152244785276,522.14,1497577.013092184,C
Product_0436,1359.6107571429343,1100.3,1495979.7160843706,C
Product_2071,2642.805845281437,564.04,1490648.2089725416,C
Product_1790,20425.586958065833,72.68,1484531.6601122248,C
Product_0939,3529.6327265883074,420.48,1484139.9688758515,C
Product_0909,6925.279388802763,213.99,1481940.5364099033,C
Product_0964,13198.131445800092,111.85,1476211.0022127402,C
Product_1413,10681.4141717072,138.11,1475210.1112544816,C
Product_0212,11460.691587812647,128.65,1474417.9727720972,C
Product_1180,1850.132076337306,793.83,1468690.3461588437,C
Product_1471,10508.877695813318,137.64,1446441.926051745,C
Product_1718,3632.5918628479744,387.62,1408065.257877132,C
Product_0593,3862.013614040137,359.67,1389050.4365618161,C
Product_2026,3206.624473059987,430.61,1380804.564344361,C
Product_0957,13590.496775987749,101.06,1373455.604181322,C
Product_0386,3165.036118104412,433.73,1372771.1155054267,C
Product_1680,1305.689075548137,1048.46,1368962.7681491997,C
Product_0743,4251.361298457491,318.22,1352868.192395143,C
Product_1339,1186.3835078573295,1130.92,1341704.836706011,C
Product_0238,2458.9303526411154,540.38,1328756.783960206,C
Product_0186,1611.2627733675713,824.27,1328115.566203688,C
Product_0041,1213.0887203075918,1093.51,1326524.6465435547,C
Product_0590,4070.345617913174,325.57,1325182.422823992,C
Product_2018,1646.4279971255996,803.1,1322246.324491569,C
Product_0904,6505.497285881979,202.07,1314565.8365581715,C
Product_1185,6911.85470132325,190.08,1313805.3416275235,C
Product_1320,764.2600668026462,1717.79,1312838.3001529176,C
Product_2009,3000.0,435.02,1305060.0,C
Product_1896,2217.53786509855,586.94,1301561.674540943,C
Product_0223,4434.697076928437,292.11,1295419.3631415658,C
Product_0431,11074.68068750465,115.28,1276689.189655536,C
Product_0891,9685.581989919296,130.99,1268714.3848595286,C
Product_1411,4969.894445750733,254.84,1266527.9005551168,C
Product_0046,4117.952861104032,306.06,1260340.6526695,C
Product_1784,37024.858367697394,33.8,1251440.212828172,C
Product_2075,2281.376795688889,546.27,1246247.7021809695,C
Product_0254,3078.949338680752,401.62,1236567.6334009636,C
Product_0009,8481.677787049266,145.19,1231454.797901683,C
Product_1978,5228.004962289994,231.96,1212688.031052787,C
Product_0141,4495.489280663113,268.22,1205780.1348594604,C
Product_1405,1000.0,1199.44,1199440.0,C
Product_2012,7178.966860248129,167.03,1199102.834667245,C
Product_0969,2700.397721709649,442.02,1193629.800950099,C
Product_0599,5205.115143766039,228.16,1187599.0712016595,C
Product_0177,1445.5012646922326,820.01,1185325.4920602776,C
Product_1202,6665.013701188434,177.8,1185039.4360713037,C
Product_0780,1796.9697761008435,654.68,1176440.1730177002,C
Product_0158,2973.544855732824,394.07,1171784.821298634,C
Product_0547,2120.180599517011,546.51,1158699.8994420418,C
Product_1109,11028.635195231993,103.63,1142897.4652818914,C
Product_1108,2574.6212937401115,443.1,1140814.6952562435,C
Product_0608,5138.392367145858,220.06,1130754.6243141175,C
Product_1796,3828.4159969978023,294.58,1127774.7843956125,C
Product_0335,3141.841641603174,357.42,1122957.0395418066,C
Product_0908,2568.771430411956,436.83,1122116.4239468547,C
Product_1136,669.8949756144327,1656.0,1109346.0796175005,C
Product_0923,5388.007341840685,205.52,1107343.2688950975,C
Product_0924,3350.0,329.97,1105399.5,C
Product_0652,2120.652135597474,519.1,1100830.523588649,C
Product_1052,2898.047518807062,378.28,1096273.4154143352,C
Product_0468,1643.5374323274964,666.77,1095861.4537530048,C
Product_1137,2266.8668232441723,483.29,1095554.067005676,C
Product_2172,5755.424852182127,189.91,1093012.7336779078,C
Product_0899,3635.5947351548416,299.92,1090387.5729676401,C
Product_0236,1177.0656472825203,922.99,1086419.8217852935,C
Product_1891,5066.335734714061,213.5,1081662.679361452,C
Product_0377,2074.5183932859295,519.63,1077981.9927031675,C
Product_0596,1153.0752753021,929.73,1072048.6757066215,C
Product_0506,2974.1041208070096,359.43,1068982.2441416634,C
Product_1139,2597.2821271491075,411.0,1067482.9542582831,C
Product_2080,1120.2578024706984,946.24,1060032.7430098737,C
Product_2159,819.8862504997174,1283.47,1052299.4059288723,C
Product_0373,7347.326136809218,142.53,1047214.3942794178,C
Product_2052,1214.9064311532939,855.21,1039000.1289866085,C
Product_1412,2028.9706017220478,507.42,1029540.2627258016,C
Product_1642,3465.5585035140134,296.51,1027572.7518769401,C
Product_0882,893.1131333383979,1147.05,1024445.4195958093,C
Product_0117,4947.7803048996075,206.28,1020628.121294691,C
Product_0877,1138.6097755127528,895.09,1019158.2239637099,C
Product_0749,634.2689693296046,1605.64,1018407.6279143865,C
Product_1364,4847.271822549878,208.74,1011819.5202390617,C
Product_0320,1789.84690341108,564.55,1010458.069320725,C
Product_0883,1575.701342099862,640.9,1009866.9901518015,C
Product_0495,5157.82944378492,195.59,1008819.8609098925,C
Product_1311,3156.9082347283475,318.28,1004780.7529493383,C
Product_0740,2139.20009107001,463.39,991283.9302009318,C
Product_2055,2729.184287984118,362.8,990148.059680638,C
Product_1990,2944.937667424805,335.54,988144.3849277191,C
Product_2030,4517.622777382231,217.04,980504.8476030394,C
Product_0627,2598.6465603995757,376.6,978650.2946464802,C
Product_0897,4812.144862900864,202.03,972197.6266518615,C
Product_1661,2277.3017327951975,422.29,961681.748742084,C
Product_0706,1310.159989350679,731.01,957740.0538152399,C
Product_0915,8300.0,114.26,948358.0,C
Product_0056,2681.462640256168,348.28,933899.8083484181,C
Product_0049,2581.1365177322277,361.69,933571.2670985694,C
Product_0953,3738.6328859501646,248.73,929910.1577223844,C
Product_1428,6119.779900616021,151.7,928370.6109234503,C
Product_0790,2414.8466557657052,383.86,926963.0372822237,C
Product_0042,2037.4796964581622,452.87,922713.430135008,C
Product_1592,1915.2059815435748,477.9,915276.9385796743,C
Product_1640,4638.976433497031,196.94,913600.0188129053,C
Product_2108,6257.947485341406,145.83,912596.4817873373,C
Product_0614,1212.4503433381824,749.29,908476.9177598667,C
Product_0111,4039.2681061486273,224.52,906896.4751924898,C
Product_1114,2463.772609428886,366.97,904130.6344821183,C
Product_0345,1178.7007722535232,766.19,903108.744692927,C
Product_1982,3652.089791865075,247.06,902285.3039781854,C
Product_0437,5572.663394213574,160.8,896084.2737895427,C
Product_0835,9233.239294358758,96.95,895162.5495880817,C
Product_0756,2549.851598082801,350.23,893034.5251965395,C
Product_2053,4538.479656924513,196.39,891312.019823405,C
Product_0300,1755.2601475545387,501.27,879859.2541646636,C
Product_2142,1038.6753058602224,836.55,868903.8271173689,C
Product_2144,2260.455430418938,381.92,863313.1379856007,C
Product_0682,1020.3020140926601,842.57,859675.8680140526,C
Product_1659,2318.145171366947,369.33,856160.5561409545,C
Product_0389,2991.803821667711,286.15,856104.6635702155,C
Product_0184,2763.5671640278283,309.69,855849.1150277782,C
Product_1670,2214.0009676304016,384.6,851504.7721506525,C
Product_1705,1179.3800284328042,721.93,851429.8239264943,C
Product_0024,11086.991318874314,76.77,851148.323549981,C
Product_0589,3705.4709671222977,229.44,850183.25869654,C
Product_1033,2753.868840902196,307.75,847503.1357876508,C
Product_0174,7855.340928772946,106.78,838793.3043743753,C
Product_0713,2458.3754167602865,340.96,838207.6820985873,C
Product_2100,3175.0633265489664,263.14,835486.1637480949,C
Product_0198,622.8425181285593,1339.11,834054.644451135,C
Product_0353,3396.1057968932496,245.48,833676.0510213549,C
Product_1979,4575.472607707231,181.79,831775.1653550975,C
Product_0887,600.0,1385.14,831084.0000000001,C
Product_0361,3143.8045538189426,264.04,830090.1543903537,C
Product_0176,1387.8467525263613,594.43,824977.7451042449,C
Product_1605,2872.168500934725,287.09,824570.8549333502,C
Product_1192,3944.117383681057,207.91,820021.4452411286,C
Product_0582,4973.662932530272,164.48,818068.0791425791,C
Product_1719,4523.714197879782,179.87,813680.4727726363,C
Product_0725,1174.4561611044217,686.19,805900.0731882432,C
Product_1143,2795.2992935361003,287.61,803956.0298139178,C
Product_1613,1173.570576254238,677.62,795234.8938813967,C
Product_1043,7586.903280034456,104.36,791769.2263043958,C
Product_0607,4623.470366512644,170.51,788347.932194071,C
Product_0684,4119.760229397764,189.77,781806.8987328138,C
Product_0118,1879.8504959582372,414.57,779329.6201094064,C
Product_2135,1000.0,779.21,779210.0,C
Product_0745,1282.588663879578,604.06,774760.5083030978,C
Product_0715,859.9921072899298,900.43,774362.6931670714,C
Product_1035,929.7521274121259,832.43,773953.5634216759,C
Product_2123,1474.4097407589643,520.97,768123.2426431976,C
Product_2023,2490.836330687236,306.36,763092.6182693416,C
Product_2024,1405.4237871116422,541.69,761304.0112405056,C
Product_0759,2998.1971484748597,253.69,760612.6345965872,C
Product_0245,4400.534267637224,172.41,758696.1130833337,C
Product_0039,2973.796354604337,254.81,757753.0491167312,C
Product_0779,2751.3713513651956,273.72,753105.3662956815,C
Product_1726,6381.055810794083,117.51,749837.8683264127,C
Product_2136,1673.1119283811036,446.97,747830.8386285019,C
Product_1142,1550.0,480.19,744294.5,C
Product_0150,1037.8454708857612,715.91,743003.9510618253,C
Product_1529,3582.935263316879,206.41,739553.667701237,C
Product_0285,1396.806204087397,528.32,737960.6537434537,C
Product_0313,2844.306418656491,258.59,735509.196800382,C
Product_2128,5220.640678424202,140.46,733291.1896914634,C
Product_1055,1122.8844687667072,652.91,733142.4985024708,C
Product_0235,2615.678761023924,277.88,726844.814113328,C
Product_0380,4327.835037454281,166.56,720844.203838385,C
Product_0321,2786.3050188866882,258.7,720817.1083859862,C
Product_2020,2659.946705049925,270.43,719329.3874466512,C
Product_0978,4950.0,144.57,715621.5,C
Product_0768,3206.387584435814,223.18,715601.581094385,C
Product_1037,2500.0,279.27,698175.0,C
Product_0132,581.7473354659562,1199.53,697823.3813114784,C
Product_0921,6454.132405650465,106.88,689817.6715159217,C
Product_0549,4000.0,172.43,689720.0,C
Product_1721,1252.2012177097267,544.62,681973.8271890713,C
Product_0662,2421.0117458773425,280.14,678222.2304900787,C
Product_1797,2039.6209349864612,332.37,677908.8101614501,C
Product_0488,1249.004257022196,534.48,667567.7952932233,C
Product_0796,1433.7617063846508,463.88,665093.3803577118,C
Product_1324,700.0,946.36,662452.0,C
Product_2037,2771.1709911362377,238.93,662115.8849121813,C
Product_0451,1285.0,514.14,660669.9,C
Product_0412,4209.7640454519205,154.93,652218.7435618661,C
Product_2070,2471.464370552897,263.69,651700.4398710934,C
Product_2112,2637.399020764263,245.32,647006.727773889,C
Product_1910,847.5330968863424,762.62,646345.6903474624,C
Product_0663,2343.0757757930505,275.56,645657.960777533,C
Product_0278,2195.802602162958,293.85,645236.5946455853,C
Product_1498,2581.1534888897804,249.43,643817.1147337779,C
Product_1559,1500.8796867330775,427.91,642241.4267499512,C
Product_1131,5300.796800565203,120.84,640548.2853802991,C
Product_0910,1250.0,510.82,638525.0,C
Product_1053,1148.9165238961282,554.07,636580.1783951278,C
Product_0642,986.1117924053533,643.55,634612.244002465,C
Product_1046,1513.6102971616915,419.04,634263.2589226352,C
Product_0653,1160.000543541007,546.15,633534.2968549209,C
Product_0139,3694.7228466709453,171.33,633016.865320133,C
Product_0142,2838.5344561255006,222.84,632539.0182030066,C
Product_1716,1034.0253963423609,608.56,629266.4951981071,C
Product_1028,1759.5513063491687,356.35,627016.1080175263,C
Product_0902,1020.9020829844942,610.09,622842.1518080101,C
Product_0584,1052.431285782661,588.43,619282.1414930911,C
Product_1845,2500.0,247.44,618600.0,C
Product_0030,2938.1780800727965,210.3,617898.8502393091,C
Product_1798,1389.9977622524798,442.09,614504.1107141988,C
Product_0277,5371.7575489804085,114.19,613400.9945180728,C
Product_0510,1218.0,498.6,607294.8,C
Product_2133,1229.8445583169519,484.86,596302.4325455573,C
Product_0286,3612.7470376298184,164.42,594007.8679270947,C
Product_0192,6868.913172672167,86.26,592512.4502747011,C
Product_0314,499.74370819294774,1179.88,589637.6064226952,C
Product_1012,7787.614243551044,74.95,583681.6875541507,C
Product_0517,2862.7500892456414,201.6,577130.4179919213,C
Product_0884,1908.0,302.16,576521.28,C
Product_0601,665.9732180411622,862.32,574282.0253812551,C
Product_1206,2800.0,204.89,573692.0,C
Product_0791,2890.9664188477836,196.77,568855.4622366785,C
Product_0199,3966.8487294574547,143.39,568806.4393169044,C
Product_0822,276.1019299096742,2058.78,568433.131259439,C
Product_0336,431.60732697891945,1311.71,566143.6468715185,C
Product_0755,3913.368127366004,144.27,564581.6197350934,C
Product_0503,1094.431027149378,514.47,563051.9305375406,C
Product_0727,9970.522145657862,56.12,559545.7028143192,C
Product_2054,1202.4241467396896,465.22,559391.7615462384,C
Product_2169,1888.468088556498,295.89,558778.8227229821,C
Product_0769,1343.9944839779064,413.44,555661.0794558256,C
Product_0555,3575.514996706647,155.3,555277.4789885423,C
Product_1059,1077.1211177142873,515.27,555008.1983246407,C
Product_0770,1450.4679497328634,381.12,552802.3450021889,C
Product_0240,899.8988032749489,610.7,549568.1991600114,C
Product_0301,4095.2792761842206,134.02,548849.3285942093,C
Product_0338,1048.1723457412918,521.61,546737.1772621152,C
Product_0218,1641.939419942881,332.41,545797.0825832131,C
Product_0720,1128.987898931531,482.44,544668.9219605278,C
Product_0448,825.5773009859313,658.26,543444.5141469991,C
Product_0631,1412.931074826946,380.39,537464.851553422,C
Product_0911,1950.0,272.3,530985.0,C
Product_0166,305.853402797214,1732.47,529881.8447440894,C
Product_0370,2363.7754401339816,224.11,529745.7138884267,C
Product_0283,1316.6316870904907,398.73,524980.5525935914,C
Product_0572,2032.3813042702368,257.88,524110.49074520863,C
Product_0487,915.2657542115866,565.87,517921.4323357105,C
Product_1041,2383.6265163484586,214.33,510882.67124896514,C
Product_1594,2251.7474733344934,226.32,509615.48816506256,C
Product_2106,656.7591453149917,773.19,507799.60356609843,C
Product_0337,1369.8324662256937,370.37,507344.8505160102,C
Product_1338,955.3516423355616,529.27,505638.96373894264,C
Product_1725,1823.338791338963,276.18,503569.7073919948,C
Product_0660,2028.9159574229197,245.9,498910.433930296,C
Product_0239,2653.5952453596196,187.96,498769.76231779414,C
Product_2086,935.0717846295363,528.41,494101.28171609325,C
Product_0423,2531.298192235572,194.88,493299.3917028683,C
Product_1042,2581.7136899275256,190.15,490912.858139719,C
Product_2039,704.6634708134812,695.45,490058.21077723557,C
Product_2141,331.0,1479.14,489595.34,C
Product_0203,2084.5278866301023,234.05,487883.7518657755,C
Product_0670,2020.1846452931916,240.87,486601.87551177107,C
Product_0255,1450.9521236100652,334.85,485851.3185908304,C
Product_1025,3153.666692772127,149.85,472576.95391190326,C
Product_1599,5265.412821156563,89.33,470359.32731391577,C
Product_1277,2629.5141597804277,178.1,468316.47185689415,C
Product_0092,7002.324261757166,66.84,468035.353655849,C
Product_0926,1850.0,252.21,466588.5,C
Product_1558,1300.0,357.63,464919.0,C
Product_1597,2445.870316742249,189.46,463394.59020998655,C
Product_0816,557.4763803716621,827.88,461523.5457820916,C
Product_0462,498.9230444179093,911.52,454778.33344781265,C
Product_1060,691.3096085488203,657.75,454708.8950229865,C
Product_0443,1649.3227826266996,274.81,453250.3938936433,C
Product_2088,5005.859404051055,90.15,451278.22527520265,C
Product_2093,1071.147846996737,418.45,448221.8165757845,C
Product_0189,1593.6491636985058,280.53,447066.3998923418,C
Product_0774,904.6454448908381,492.42,445465.50997314655,C
Product_0570,2623.26161933163,168.92,443121.3527374989,C
Product_2116,469.90880929679713,941.96,442635.30200521107,C
Product_1872,221.69777878896807,1989.24,441010.08947816683,C
Product_0672,1741.7551261315143,252.82,440350.53098856943,C
Product_1958,1372.7489055529277,320.56,440048.3891640465,C
Product_0121,997.8883710427655,440.55,439619.72186289035,C
Product_0692,281.32432444213634,1557.08,438044.47910236166,C
Product_0757,1888.997496618812,229.92,434318.3044225972,C
Product_0295,618.0391033303232,701.74,433702.760371021,C
Product_0302,1131.9933094276983,382.64,433145.91991941445,C
Product_0513,1180.6329258232195,366.34,432513.06604607817,C
Product_0566,1736.7252260239798,248.65,431836.7274508626,C
Product_1329,1741.9795335253252,246.79,429903.129078715,C
Product_0242,2750.3234195840496,155.59,427922.8208530823,C
Product_0734,716.2969173698153,594.57,425888.6581605711,C
Product_0545,691.7459786297213,615.33,425652.05303022644,C
Product_0726,838.465823485014,504.72,423190.47042935627,C
Product_0196,3199.7641283217804,131.99,422336.8672971918,C
Product_0925,1450.0,285.33,413728.5,C
Product_0175,2105.043414230886,195.85,412272.752677119,C
Product_0766,270.97112413825477,1509.83,409120.33235766116,C
Product_0310,529.1617024695854,772.46,408756.248689656,C
Product_0182,3041.952012491145,134.15,408077.8624756871,C
Product_0155,1281.9055262486688,317.78,407363.93813130195,C
Product_1583,2653.9450349286067,153.13,406398.6031986175,C
Product_0348,3699.641673543267,109.26,404222.8492513374,C
Product_0839,2973.4668020730774,135.79,403767.0570535032,C
Product_0512,2769.1104028836094,144.38,399804.15996833553,C
Product_2072,7262.24421978231,54.34,394630.35090297076,C
Product_1093,1017.3727758102193,385.19,391881.8195143384,C
Product_0445,1478.667673392041,263.61,389791.5853828759,C
Product_0919,1068.434667664033,364.6,389551.2798303065,C
Product_0459,778.2436995051412,497.66,387300.7594957286,C
Product_2115,1109.3811843145527,348.49,386608.24892177846,C
Product_1325,2091.117654034471,184.22,385225.6942262302,C
Product_1115,1493.3189536963341,257.22,384111.5012697711,C
Product_0895,708.9500525439814,541.09,383605.7839310229,C
Product_0471,1100.229615021322,347.9,382769.8830659179,C
Product_1050,1997.2002271154597,191.28,382024.45944264514,C
Product_2056,959.9292583393752,396.32,380439.1636650612,C
Product_1326,996.64225819575,381.57,380288.7864597523,C
Product_2137,2314.7586415467554,163.18,377722.3151275996,C
Product_0153,509.09304159571474,739.4,376423.39495587145,C
Product_0896,1093.9535183109026,342.73,374930.68933069566,C
Product_0738,936.0617967408339,399.36,373825.6391464194,C
Product_0714,656.8809075592125,568.56,373476.2088018658,C
Product_1717,496.40199298896744,750.52,372559.6237780798,C
Product_1085,944.0,393.69,371643.36,C
Product_0489,1479.3050195002647,249.8,369530.39387116616,C
Product_2143,1043.6780659725955,353.16,368585.34577888186,C
Product_1678,1175.1914476969214,313.3,368187.4805634455,C
Product_2084,531.6283201637311,683.21,363213.7846190628,C
Product_1996,4112.132377565366,87.0,357755.51684818685,C
Product_1938,791.1387384294583,451.15,356922.2418424501,C
Product_1051,2006.7199185450274,177.46,356112.5167450006,C
Product_0846,1735.2224964820914,205.11,355911.4862534418,C
Product_0821,1225.7979050518416,288.85,354071.72487422446,C
Product_2121,865.0498437232042,407.38,352404.0053359589,C
Product_0787,636.3038192998855,552.89,351806.0186527137,C
Product_1706,194.3539122131142,1809.47,351677.57353226375,C
Product_0103,1596.3276365258657,219.6,350553.5489810801,C
Product_0322,839.4077698833213,415.88,349092.9033390757,C
Product_0205,1659.571025986795,210.03,348559.7025880065,C
Product_1177,738.4132330522799,470.29,347268.35937215673,C
Product_0600,2540.95544977316,134.83,342597.0232929152,C
Product_1038,1600.0,213.27,341232.0,C
Product_1335,1227.7766323921874,277.2,340339.6824991143,C
Product_0719,1187.7769897875728,286.53,340333.7408838332,C
Product_0272,1843.0492789199243,181.16,333886.80736913346,C
Product_1040,1954.2033810632706,169.57,331374.2673268988,C
Product_2139,314.00843966021495,1055.22,331347.98569825204,C
Product_2087,2007.733872422777,164.95,331175.70225613704,C
Product_0332,430.769126922673,768.77,331162.3817043433,C
Product_0744,831.9735946835125,397.34,330576.3881115468,C
Product_0394,759.13767793019,434.02,329480.93497526104,C
Product_0293,1925.0656446045803,171.14,329455.73441762786,C
Product_2107,4834.66221611309,68.0,328757.03069569013,C
Product_1815,844.7467373773869,387.46,327305.5708642423,C
Product_0781,1251.6686968888293,261.16,326885.7968794867,C
Product_1125,575.2797269618345,566.95,326154.8412010121,C
Product_2113,1936.1732814896416,168.29,325838.60154189175,C
Product_2095,2540.382760827835,128.09,325397.6278344374,C
Product_2118,488.2897215611204,662.35,323418.69707600813,C
Product_1590,965.9838551127635,333.42,322078.33697169763,C
Product_0645,845.4101844090438,380.47,321653.21286210895,C
Product_0681,2559.721597367365,125.28,320681.9217181835,C
Product_0893,1205.8077740505585,264.58,319032.62085829675,C
Product_1205,1700.0,186.7,317390.0,C
Product_0619,3368.8738150619324,93.33,314416.99315973016,C
Product_0168,1602.3582386534808,195.3,312940.5640090248,C
Product_0567,354.7257675937241,882.12,312910.6941097759,C
Product_0741,908.644330709233,342.05,310801.7933190932,C
Product_0903,900.0,345.27,310743.0,C
Product_0707,1076.2327072751732,287.9,309847.39642452233,C
Product_0569,1474.6262233275927,209.12,308373.8358222662,C
Product_2038,289.25251039128756,1052.54,304449.8372872458,C
Product_0318,1373.9576489892618,221.21,303933.1715329146,C
Product_1611,2542.0821085528632,119.28,303219.5539081855,C
Product_1126,2197.219532661582,137.54,302205.57452227396,C
Product_0280,1823.1734096039274,164.55,300003.18455032626,C
Product_0162,502.35885959626034,595.7,299255.1726614923,C
Product_0844,1851.1297258466252,161.42,298809.3603461622,C
Product_0116,1029.9417435700727,289.26,297920.9487450792,C
Product_1090,1180.7697868535756,250.74,296066.2163556656,C
Product_1175,563.6339470870688,520.77,293523.65062453283,C
Product_0873,588.7293023923696,496.58,292351.1969820029,C
Product_1077,2043.1031052133505,142.74,291632.5372381537,C
Product_0364,587.9831620273426,495.28,291216.3004889022,C
Product_1834,308.24726903493143,938.67,289342.4640250191,C
Product_1328,850.0,338.58,287793.0,C
Product_0104,805.441836297885,352.95,284280.69612133846,C
Product_0325,860.6600654666057,328.49,282718.22490512533,C
Product_1141,600.0,470.41,282246.0,C
Product_0735,444.1203864014521,630.15,279862.46149087505,C
Product_0671,613.5626909275707,454.35,278772.20862294175,C
Product_2066,774.0,359.28,278082.72,C
Product_0516,1684.2649434637333,164.32,276758.4155099606,C
Product_0610,225.0,1228.95,276513.75,C
Product_0773,1549.116099288925,178.33,276253.873986194,C
Product_1671,835.7347863671027,329.12,275057.0328891409,C
Product_1176,477.1699352017296,574.04,273914.6296032008,C
Product_0292,567.8466676854292,481.32,273315.9580903508,C
Product_0881,457.76710821572465,596.82,273204.56552530883,C
Product_0161,209.0085476058121,1300.24,271761.2739389811,C
Product_2154,1402.5881386711194,193.72,271709.37422336923,C
Product_1656,926.8025356698962,292.66,271238.0300891519,C
Product_0658,1919.6254699825924,140.66,270014.51860775147,C
Product_1120,583.6823351526309,462.33,269853.85401111585,C
Product_0534,1172.324558233692,229.48,269025.0396234676,C
Product_0476,2051.420152603669,130.9,268530.8979758203,C
Product_0687,863.3925574180548,310.3,267910.71056682244,C
Product_0197,1111.5280026104624,240.01,266777.8359065371,C
Product_0632,775.0492815892209,343.78,266446.4420247423,C
Product_0827,491.1819824959987,540.29,265380.7133227631,C
Product_1332,696.6518640132504,380.42,265020.3021079207,C
Product_2065,583.9874880369517,453.15,264633.9302039447,C
Product_0341,786.4661985246868,335.58,263922.32690091437,C
Product_0711,390.47626376779596,669.45,261404.33477935102,C
Product_1183,3163.583705168889,82.18,259983.30889077933,C
Product_0709,788.6155295239575,327.99,258658.00752856286,C
Product_2166,3007.631775693078,85.98,258596.18007409087,C
Product_0274,1457.9852291117008,175.94,256517.92120991263,C
Product_0876,1220.7670102331958,210.05,256422.1104994828,C
Product_1914,439.228105625498,583.05,256091.9469849466,C
Product_0686,1224.9504115573648,207.02,253589.23420060566,C
Product_1322,900.0,280.93,252837.0,C
Product_0586,2217.340541060471,113.61,251912.0588698801,C
Product_0615,397.4006190775356,630.04,250378.28604361054,C
Product_1094,613.4143929291796,408.14,250358.95033011536,C
Product_0261,632.8706857804373,390.77,247306.87788242145,C
Product_0315,915.6761320889694,269.7,246957.85282439506,C
Product_1954,637.675992291263,382.47,243891.9367716394,C
Product_2101,1117.6332852193327,216.2,241632.31626441973,C
Product_1575,467.5535347726333,514.57,240589.02238795394,C
Product_0639,984.9163067761604,244.06,240378.6738317897,C
Product_1957,1470.0824518098598,163.21,239932.15695988722,C
Product_0504,274.1901562206843,874.62,239812.1944337349,C
Product_1123,417.63240637201636,562.78,235035.16565804335,C
Product_1049,1049.828216312985,223.47,234605.11149946274,C
Product_0210,2298.9751430179754,100.8,231736.69441621192,C
Product_1069,613.3057617164534,377.1,231277.6027432746,C
Product_0819,330.27733048955923,698.95,230847.34014567744,C
Product_0529,344.7334291078553,668.05,230299.1673155027,C
Product_1333,2179.070631458328,105.38,229630.4631430786,C
Product_0747,346.6316567123863,661.89,229432.02726136136,C
Product_0281,848.2450410724579,269.91,228949.8190358671,C
Product_0289,1291.596988558426,176.38,227811.87684193515,C
Product_1321,902.8787834989719,251.49,227064.98526215644,C
Product_0430,825.0200657954142,274.13,226162.7506364969,C
Product_0967,322.4165801636505,699.99,225688.38194875373,C
Product_2129,556.9365787780621,400.69,223158.9177505817,C
Product_1323,1046.154500424786,210.87,220602.5995045746,C
Product_0298,493.93443760225716,443.93,219272.31488477002,C
Product_0710,431.96271018780465,500.19,216063.428008838,C
Product_0888,1350.0,159.4,215190.0,C
Product_0464,1451.36231022688,147.32,213814.69554262396,C
Product_0119,717.2001811004488,297.92,213668.27795344574,C
Product_1836,307.19405817877384,691.5,212424.69123062212,C
Product_0918,439.79044919055383,465.37,204665.28133980805,C
Product_1057,863.7686531618804,236.47,204255.37341318984,C
Product_0303,893.526445994934,226.3,202205.03472865355,C
Product_0485,431.6998867494409,467.91,201996.6940089309,C
Product_0234,380.60910154615095,530.6,201951.1892803877,C
Product_0786,859.5748123825728,233.99,201131.9103493982,C
Product_1340,1305.1114403322567,152.82,199447.13031157546,C
Product_0159,239.10997098083715,829.96,198451.71151525562,C
Product_1908,474.5160518003447,416.34,197560.0130065555,C
Product_1337,702.325294699081,281.19,197486.8496164346,C
Product_0491,358.11615280452713,550.59,197175.1725726446,C
Product_0955,362.41306024395874,543.99,197149.0806421111,C
Product_1816,298.14711071835524,660.47,196917.2222161521,C
Product_0771,812.9554214007792,241.85,196613.26866577845,C
Product_0823,204.77063013667765,951.66,194872.01787587066,C
Product_0843,1042.7763019020622,186.46,194436.06925265852,C
Product_0810,325.0,594.8,193309.99999999997,C
Product_0761,855.7617223851047,225.87,193290.9002351236,C
Product_0840,907.0,212.6,192828.19999999998,C
Product_0496,277.747107509935,692.59,192364.8691903059,C
Product_1777,742.7480247656898,253.78,188494.59372503677,C
Product_0172,651.359234627955,288.76,188086.49259116827,C
Product_0114,311.672115407089,600.1,187034.43645579412,C
Product_0533,813.9450805186358,229.47,186775.97762661136,C
Product_0544,216.78154635515108,857.54,185898.84726139624,C
Product_0848,553.0586183469917,332.75,184030.2552549615,C
Product_2069,690.0,266.46,183857.4,C
Product_0481,623.6017270941079,294.07,183382.5598865643,C
Product_2124,506.20988201003877,360.19,182331.73740119586,C
Product_1331,800.0,227.1,181680.0,C
Product_0222,2092.249015508243,86.81,181628.13703627055,C
Product_0818,409.04228572152675,443.68,181483.881328927,C
Product_0169,353.1721211090807,507.91,179379.6520325132,C
Product_0124,369.42204692583215,484.95,179151.2216566823,C
Product_1317,702.4743488312397,253.25,177901.62884151144,C
Product_1926,173.19158454632094,1022.47,177083.19945107677,C
Product_1674,319.1897722290251,554.77,177076.90993949625,C
Product_0133,361.81242690265327,486.98,176195.4156530541,C
Product_0970,390.60718543349174,449.8,175695.1120079846,C
Product_1182,457.76664009243007,382.46,175077.4291697508,C
Product_0602,447.44711656569774,390.61,174777.3182017272,C
Product_2078,932.7119133449098,187.0,174417.12779549815,C
Product_0317,1823.3194410179385,95.49,174108.77342280294,C
Product_0452,334.4838252370621,519.66,173817.86462269168,C
Product_0369,295.3117320260559,586.13,173091.06549243213,C
Product_1684,121.14463876342342,1421.29,172181.66362806608,C
Product_0737,300.32140482471624,572.72,172000.0749712115,C
Product_1138,1781.1669358958984,96.17,171294.82422510855,C
Product_2104,465.80056067826644,367.18,171032.64986984586,C
Product_0058,263.995326064078,645.63,170443.30236675066,C
Product_0493,253.48947086815986,672.23,170403.2270017031,C
Product_0622,546.5311079147393,311.29,170129.6685827792,C
Product_0523,306.0,554.65,169722.9,C
Product_0785,634.9327505700232,265.41,168517.5013287899,C
Product_0699,300.0,558.86,167658.0,C
Product_0299,463.2449340787058,361.24,167342.5999865917,C
Product_0316,1759.379904632056,94.85,166877.1839543505,C
Product_1764,384.8942273677722,433.51,166855.49650620294,C
Product_0505,1379.5179401120236,119.66,165073.11671380475,C
Product_1336,800.0,204.34,163472.0,C
Product_1595,703.3712928033921,231.31,162696.81373835262,C
Product_2077,569.7683949034631,285.25,162526.43464621285,C
Product_0216,308.0,526.79,162251.31999999998,C
Product_0793,505.56678111265853,319.98,161771.25862042847,C
Product_0247,635.8082998697483,253.41,161120.18126999293,C
Product_1334,942.2765941156447,170.47,160629.89099889394,C
Product_0782,302.46955922321257,529.89,160275.5947367881,C
Product_0342,588.9003747680548,268.51,158125.63962897038,C
Product_0789,231.97334820589938,681.07,157990.08826259192,C
Product_0643,348.29811954765927,449.04,156399.78760168093,C
Product_1044,1624.9122632071235,96.16,156251.563229997,C
Product_0291,859.6798672304742,181.66,156169.44468108795,C
Product_0454,600.6754343535574,258.2,155094.3971500885,C
Product_0621,710.1511828114163,215.2,152824.5345410168,C
Product_1779,1049.3448087341417,145.32,152490.78760524545,C
Product_0730,765.6980780101474,199.12,152465.80129338056,C
Product_0746,624.0789290418851,243.84,152175.40605757327,C
Product_0798,245.21509193970343,615.85,151015.71437106637,C
Product_0803,140.37847867915815,1059.87,148782.93819767932,C
Product_0460,403.66188829011287,363.3,146650.364015798,C
Product_0708,694.0222068347684,211.14,146535.848751093,C
Product_0134,177.0,824.51,145938.27,C
Product_0703,295.2593501379373,493.97,145849.2611876369,C
Product_1130,1015.2576497297762,142.95,145131.0810288715,C
Product_0898,337.61387805250234,429.03,144846.48210086508,C
Product_2092,426.9163227406532,338.7,144596.55851225922,C
Product_1658,402.1166535375046,355.48,142944.42799951215,C
Product_2131,230.19877336890804,619.04,142502.24866628883,C
Product_0805,142.46818133457867,991.06,141194.51579344753,C
Product_0502,385.916909992742,365.31,140979.30638944858,C
Product_1794,173.95452493913933,810.18,140934.4770151919,C
Product_0815,586.9775103773118,238.97,140270.0156548662,C
Product_0696,306.7639283733716,456.41,140010.12454889054,C
Product_0678,549.8704758526384,254.26,139810.06719029183,C
Product_0760,497.41554165069147,280.22,139385.78308135679,C
Product_0628,617.4472176416743,223.5,137999.45314291422,C
Product_0764,257.950028117435,527.83,136153.76334122574,C
Product_0679,620.0,209.22,129716.4,C
Product_1056,752.2380995247382,171.96,129354.863594274,C
Product_1727,331.21471629705496,390.52,129345.9710083259,C
Product_0688,610.0,211.84,129222.40000000001,C
Product_0680,462.6683664041355,278.28,128751.35300294281,C
Product_0762,706.5900060360359,182.17,128719.50139958465,C
Product_2134,611.3447148520066,210.45,128657.4952406048,C
Product_0137,296.32443076272244,433.84,128557.3910420995,C
Product_0701,400.88986085668205,320.23,128376.9601421353,C
Product_2170,230.25415606604645,556.46,128127.22768451221,C
Product_0657,150.99373138782403,845.79,127708.98807050768,C
Product_1319,500.0,254.06,127030.0,C
Product_1786,668.8662106758524,189.39,126676.57163989967,C
Product_1666,238.19478374029663,530.62,126390.9161482762,C
Product_0375,1792.616474901158,70.28,125985.08585605338,C
Product_0951,1169.0278022699035,107.74,125951.05541655941,C
Product_0535,102.94379212363772,1221.39,125734.51826188988,C
Product_1959,312.58556482489445,402.15,125706.2848943313,C
Product_2057,431.7820071106332,289.05,124806.58915532852,C
Product_1084,494.0,251.18,124082.92,C
Product_0728,972.493729267811,127.1,123603.95298993877,C
Product_0395,245.23916487225856,503.54,123487.72907977708,C
Product_0817,567.9796446761814,217.28,123410.61719524069,C
Product_0878,335.28057265833,366.84,122994.32527398177,C
Product_1079,500.4125738676581,244.88,122541.03108871212,C
Product_0267,186.8860537177762,655.65,122531.84112005997,C
Product_1752,408.8720138284158,298.87,122199.57877289863,C
Product_1750,200.84139886046626,608.31,122173.83134081021,C
Product_0775,312.20568776662276,389.31,121544.7963044239,C
Product_2064,237.3073382021887,504.88,119811.72891152103,C
Product_1892,509.38451871744763,235.05,119730.83112453607,C
Product_0538,467.0410492504534,255.9,119515.80450319103,C
Product_1871,189.8712971233411,628.51,119336.0089549911,C
Product_0702,457.2377593484679,258.67,118273.6912106682,C
Product_0151,240.79810237662744,490.76,118174.07672235368,C
Product_0157,531.018066986065,222.37,118082.48755569129,C
Product_0180,430.44602870979685,271.99,117077.01534877766,C
Product_0668,327.518766794607,356.03,116606.50654188392,C
Product_0733,1313.7693774771833,88.01,115624.84291176691,C
Product_0233,885.0345981567102,130.23,115258.05571794836,C
Product_2171,267.75298869960915,428.34,114689.31517959057,C
Product_0754,432.49836723901086,265.11,114659.64213873417,C
Product_0988,872.9637328557643,129.68,113205.93687673552,C
Product_0365,215.50982534170404,522.81,112670.69178689628,C
Product_0173,459.32807251294446,244.65,112374.61294029186,C
Product_1627,1341.4392573942685,82.57,110762.63948304474,C
Product_0966,596.6117414574138,183.54,109502.11902709372,C
Product_1024,344.6367078910453,316.95,109232.60456606682,C
Product_1851,87.32692568162437,1248.62,109038.14594458982,C
Product_1723,547.7831375393241,199.0,109008.8443703255,C
Product_1327,800.0,136.22,108976.0,C
Product_1913,466.5381532027417,230.27,107429.74053799533,C
Product_0972,378.61926457687036,280.26,106111.83509031369,C
Product_0847,504.3191846152818,210.3,106058.32452459377,C
Product_1688,571.6372101245761,185.13,105827.19671036277,C
Product_0842,1878.257655131856,56.34,105821.03629012877,C
Product_1747,200.0,528.83,105766.00000000001,C
Product_1917,129.80996887296584,814.07,105674.4013604153,C
Product_2153,515.4661730015315,202.41,104335.50807724,C
Product_0956,237.58957761104898,433.35,102959.44345774809,C
Product_0048,578.2906507683032,176.85,102270.70158837442,C
Product_0783,410.5143066482538,248.86,102160.59035248445,C
Product_1912,270.0,376.9,101763.0,C
Product_0913,636.9350118967467,158.96,101247.18949110685,C
Product_1168,92.07533253871235,1090.38,100397.10109356117,C
Product_0814,282.8496371917176,353.99,100125.94306949612,C
Product_0960,148.99987710312774,671.92,100115.9974231336,C
Product_0820,358.7704495216767,275.02,98669.04902745152,C
Product_1929,61.863952141459315,1581.95,97865.67909018157,C
Product_2063,128.62455934041424,759.19,97650.4792056491,C
Product_0125,199.58191679079812,485.37,96871.07495274968,C
Product_0875,1250.0,77.13,96412.5,C
Product_0691,323.07986389993727,296.13,95673.64009668842,C
Product_1122,490.7002220134932,194.14,95264.54110169956,C
Product_0722,186.09605505182213,510.84,95065.30876267281,C
Product_1318,1050.0,90.22,94731.0,C
Product_0772,456.75840129654745,206.07,94124.20375517954,C
Product_2085,534.6376569153514,175.81,93994.64646228793,C
Product_0794,605.8573569914497,154.74,93750.36742085693,C
Product_0343,180.62954088474282,514.58,92948.34914847097,C
Product_0717,443.53422133555654,208.65,92543.41528166387,C
Product_0305,170.0,541.78,92102.59999999999,C
Product_2165,440.5670206281109,207.99,91633.5346204408,C
Product_1802,187.07465676295794,484.79,90691.92285211438,C
Product_2061,150.97324736283417,599.83,90558.28296564883,C
Product_0587,60.0,1492.77,89566.2,C
Product_2067,169.59757747047627,527.63,89484.7698007474,C
Product_1710,339.1246665559293,262.83,89132.13611089489,C
Product_2162,276.4582381815855,320.83,88696.09655579807,C
Product_1181,120.1594730382631,736.36,88480.62956645542,C
Product_0346,200.82327033670808,439.11,88183.50623755189,C
Product_0634,153.53733279261766,562.89,86424.62925563655,C
Product_1770,198.17970344773084,435.4,86287.44288114201,C
Product_0006,982.5439735525571,87.63,86100.32840241057,C
Product_0776,453.7139446380191,188.78,85652.11846876524,C
Product_0497,138.98250133518547,615.92,85602.10222236744,C
Product_1754,119.8905051280344,710.64,85198.98856418637,C
Product_0490,210.0,400.16,84033.6,C
Product_1657,153.55510074003826,542.27,83268.32447830054,C
Product_2049,563.3883801742123,146.97,82801.19023420398,C
Product_0290,375.1343730049201,219.05,82173.18440672776,C
Product_0508,320.5213006760883,254.85,81684.8534773011,C
Product_1758,136.99512104152572,591.44,81024.39438879998,C
Product_0748,360.1514751505084,224.8,80962.0516138343,C
Product_1144,76.85032163835984,1032.33,79334.89253692802,C
Product_0900,388.6485563275262,203.12,78942.29476124712,C
Product_0170,147.3694620606923,531.67,78351.92189380828,C
Product_0732,500.9245558244467,156.41,78349.6097765017,C
Product_1844,304.1124394726426,256.86,78114.32120294299,C
Product_1061,166.19814325309935,468.54,77870.47803980717,C
Product_1699,320.14628004234095,243.09,77824.35921549266,C
Product_1645,157.98186882880935,492.55,77813.96949163005,C
Product_1776,737.4121190966949,104.64,77162.80414227815,C
Product_1121,387.0650173346339,198.38,76785.95813884468,C
Product_0788,201.3533999780319,381.1,76735.78073162795,C
Product_1907,368.8526426016477,206.72,76249.2182786126,C
Product_0307,283.44050889566546,267.85,75919.540307704,C
Product_1875,338.46766195320885,223.94,75796.44821780159,C
Product_1692,322.7959518819554,231.37,74685.29938692802,C
Product_0758,705.0206350030538,105.02,74041.26708802072,C
Product_0260,234.08656068382774,316.09,73992.4209665511,C
Product_0867,89.74765395387094,822.54,73821.035283217,C
Product_0524,753.3153139680488,97.99,73817.3676157291,C
Product_0312,155.81522818163722,473.4,73762.92902118705,C
Product_0698,270.12291226400833,271.35,73297.85224283866,C
Product_1691,230.2850175270715,317.05,73011.86480695802,C
Product_0731,408.1204798424965,178.1,72686.25745994863,C
Product_1713,232.88811084712654,308.17,71769.12911975899,C
Product_0801,166.75961159591492,423.74,70662.71781765299,C
Product_0237,109.20569708871356,642.59,70174.48889223645,C
Product_0282,971.7998849082596,70.75,68754.84185725937,C
Product_0492,161.6988775602575,425.04,68728.49091821186,C
Product_2068,389.73821277811993,175.97,68582.23330256576,C
Product_1677,170.1877258987257,402.73,68539.7028511938,C
Product_0351,403.00511871805804,168.72,67995.02363011075,C
Product_2163,385.0670859715752,175.6,67617.7802966086,C
Product_0532,138.0,489.76,67586.88,C
Product_0693,120.94199724614691,557.19,67387.6714455806,C
Product_1020,312.85963344624616,213.8,66889.38963080743,C
Product_1700,351.4365337761644,188.93,66396.90432633075,C
Product_2156,48.90705532758992,1354.4,66239.7157356878,C
Product_1704,277.10548891771606,237.82,65901.22737441123,C
Product_2160,258.3701961788513,254.86,65848.22819814205,C
Product_1757,253.4102517043171,259.79,65833.44929026454,C
Product_0060,125.92415782566589,522.41,65784.03928970611,C
Product_0778,150.13129568044005,432.84,64982.830022321665,C
Product_0752,216.5692104558353,298.55,64656.73778158963,C
Product_1063,83.22706415267912,775.27,64523.446025647536,C
Product_1755,286.94116640519564,224.74,64487.157737903675,C
Product_0474,212.26207099092989,301.53,64003.38226589508,C
Product_1920,87.87561751309931,725.13,63721.2465272737,C
Product_1058,236.39028210888574,268.63,63501.52148290998,C
Product_2074,211.53004221112232,297.28,62883.65094852244,C
Product_0753,135.0613000198891,462.93,62523.927618207264,C
Product_0802,81.586052883107,766.02,62496.548229517626,C
Product_2073,681.5189325763147,91.28,62209.048165566004,C
Product_1682,225.74135022129485,274.37,61936.65426021667,C
Product_0826,260.54893283885554,236.34,61578.13478713512,C
Product_2105,895.2694250110296,67.52,60448.591576744715,C
Product_0874,125.0,482.31,60288.75,C
Product_2091,915.9516944841109,65.76,60232.98342927514,C
Product_1897,211.79888093014287,283.12,59964.49916894205,C
Product_0428,500.0,119.85,59925.0,C
Product_1112,111.43046951139362,536.05,59732.303181582545,C
Product_1113,34.584034313752234,1726.45,59707.606040977545,C
Product_2140,380.2228213310282,156.78,59611.3339282786,C
Product_0581,354.2214225588743,167.2,59225.82185184378,C
Product_0105,703.0183677078644,82.74,58167.7397441487,C
Product_1748,295.9844104356075,195.61,57897.51052530919,C
Product_1618,187.8700497126775,308.01,57865.8540120018,C
Product_0232,296.0795290471194,194.96,57723.66498302641,C
Product_0244,125.4379436202355,458.2,57475.665766791906,C
Product_0296,164.35089136526904,349.65,57465.289165866314,C
Product_0718,289.66215058601944,197.67,57257.51730633846,C
Product_1760,142.5582607198353,400.09,57036.1345313989,C
Product_0102,171.00962967594086,327.21,55956.0609262646,C
Product_0258,37.62294990038281,1482.48,55775.270768319504,C
Product_0697,232.36377532618513,239.41,55630.21145084198,C
Product_1722,227.566258627025,244.38,55612.64228327237,C
Product_0809,124.4900139399208,445.57,55469.01551121051,C
Product_0309,165.26586919039946,334.49,55279.780585496716,C
Product_0472,163.07158210701397,335.64,54733.345818398164,C
Product_2130,364.0508033798761,149.64,54476.56221776465,C
Product_0625,261.48997637389533,207.24,54191.182703726074,C
Product_0712,202.12703942638333,268.02,54174.089107059255,C
Product_1911,50.457054750368805,1044.82,52718.53994428033,C
Product_1072,157.26108513567223,332.34,52264.149033989306,C
Product_0329,343.51654674311044,150.06,51548.093004271155,C
Product_2102,118.51539175632135,432.28,51231.83354842259,C
Product_0483,172.87566235010883,295.08,51012.15044627011,C
Product_0330,157.0,323.05,50718.85,C
Product_1689,177.15308392197966,286.02,50669.32506336462,C
Product_0405,174.3864490178366,288.11,50242.47982652891,C
Product_0661,128.0,391.72,50140.16,C
Product_2155,485.19404022311045,103.18,50062.32107022054,C
Product_1668,144.1037752392777,346.21,49890.16802559033,C
Product_1118,62.37550370340887,792.04,49403.893953247956,C
Product_0568,86.71348752651849,565.53,49039.078600872,C
Product_0954,53.30098906827326,919.69,49020.38663620024,C
Product_1145,89.01651357870384,550.18,48975.10544073127,C
Product_0522,186.73729710083927,260.48,48641.33114882662,C
Product_0306,240.24566233515446,201.31,48363.85428468994,C
Product_0571,473.6038624378992,102.04,48326.538123163235,C
Product_1801,194.41940375170938,246.29,47883.5549500085,C
Product_0623,215.45119876837214,221.12,47640.569071662445,C
Product_0806,125.03054968488858,378.78,47359.071609642095,C
Product_1667,421.6740593671442,111.92,47193.76072437078,C
Product_0541,38.0,1228.61,46687.17999999999,C
Product_0669,132.97459013443117,347.08,46152.82074385837,C
Product_1763,167.38003845507515,275.61,46131.61239860326,C
Product_1792,223.21000517346965,206.46,46083.937668114544,C
Product_0279,451.67271745764765,101.55,45867.364457824115,C
Product_2062,285.9210401998767,160.28,45827.424323236235,C
Product_1930,49.691696499461095,918.66,45649.773906194925,C
Product_1208,213.24190711767767,213.86,45603.91425618655,C
Product_2079,666.2230461462472,68.36,45543.007434557454,C
Product_1751,220.84636203543718,205.67,45421.471279828365,C
Product_0811,45.03418062291576,1006.15,45311.14083374669,C
Product_1924,41.699813263188034,1086.58,45310.183095514854,C
Product_1753,39.21977168395142,1153.58,45243.144219172675,C
Product_1783,175.2589169799961,255.14,44715.5600782762,C
Product_1054,166.26929468366978,267.31,44445.445161891774,C
Product_1928,75.80223610273589,584.36,44295.79468899475,C
Product_1916,224.66612636949017,196.92,44241.25360468,C
Product_0540,52.94421574453642,829.42,43912.991422833395,C
Product_0609,165.98823766008886,261.5,43405.924148113234,C
Product_0704,375.8768276601466,115.0,43225.83518091686,C
Product_1673,219.65242090634754,196.36,43130.949369170405,C
Product_0152,285.03619968751116,150.97,43031.91506682356,C
Product_1098,142.2433362545315,302.16,42980.246482669245,C
Product_0667,519.1155318170786,82.36,42754.35520045459,C
Product_0742,839.0079978512775,50.59,42445.41461129613,C
Product_0323,651.801374314463,65.02,42380.12535792639,C
Product_2145,219.0,193.21,42312.990000000005,C
Product_1062,523.9480040767266,80.68,42272.124968910306,C
Product_0721,119.22345264827652,354.36,42248.02268044327,C
Product_1712,186.8961315337719,225.81,42203.01546164103,C
Product_0135,93.04027376449314,451.54,42011.405215619234,C
Product_1853,217.46156590855963,191.28,41596.04832698929,C
Product_0912,252.11893382430154,164.71,41526.50959020071,C
Product_2059,177.77405877796286,233.48,41506.687243478766,C
Product_0484,100.0,413.98,41398.0,C
Product_1778,284.1685286729414,145.11,41235.695195730535,C
Product_1918,66.3999332679981,620.49,41200.494593460135,C
Product_1771,114.49645085674108,358.01,40990.87437122187,C
Product_0324,248.24708677013226,164.57,40854.02306976066,C
Product_1663,121.61368454352095,330.01,40133.732036207344,C
Product_1759,247.05130327383802,162.05,40034.66369552545,C
Product_1660,115.96884655973561,345.19,40031.286143955134,C
Product_0136,110.86253119110533,357.27,39607.8565186462,C
Product_1749,182.65765269120013,213.97,39083.25794633609,C
Product_0482,64.12640841405778,607.2,38937.55518901588,C
Product_1805,82.17641827163212,472.74,38848.079973731365,C
Product_1116,78.4504657831272,487.82,38269.70621832511,C
Product_2164,132.9066684814332,286.06,38019.28158579878,C
Product_0917,418.95552925439927,90.07,37735.32451994374,C
Product_1646,143.8327535806248,261.24,37574.86854540242,C
Product_1852,52.75370805510302,711.07,37511.57918674211,C
Product_0165,103.49330340059078,360.89,37349.6982642392,C
Product_0396,65.0,574.24,37325.6,C
Product_1828,197.33498500030623,188.83,37262.765217607826,C
Product_0265,42.683047460369814,867.72,37036.9339423121,C
Product_0347,140.05871125072315,261.35,36604.344185376496,C
Product_1683,105.22016919563823,343.74,36168.380959308684,C
Product_0799,133.48311672737816,268.64,35858.904477642864,C
Product_0866,138.81762963350008,256.15,35558.13583062104,C
Product_0947,23.154833027062082,1530.18,35431.06240134986,C
Product_1686,103.8124327679199,340.41,35338.79023852762,C
Product_1877,60.50362568771119,580.05,35095.12808015687,C
Product_1096,125.12153371536544,280.21,35060.30496238255,C
Product_0868,213.10512077190685,163.34,34808.59042688327,C
Product_1644,68.1629847063813,510.02,34764.485459948584,C
Product_1850,116.60707792484976,296.62,34587.991454068935,C
Product_0444,158.5097160086648,218.17,34582.0647416104,C
Product_0659,124.00105437365382,278.72,34561.5738750248,C
Product_2096,90.07471238763073,383.2,34516.629786940095,C
Product_1762,184.0251008226778,187.43,34491.8246471945,C
Product_1925,384.638628046374,89.41,34390.5397336263,C
Product_0763,342.2550658062598,99.54,34068.0692503551,C
Product_0579,78.37105761680866,434.32,34038.11774413234,C
Product_1614,120.97436777940408,280.14,33889.759389722254,C
Product_1076,150.0,224.18,33627.0,C
Product_0520,195.34224528576644,171.68,33536.35667066038,C
Product_2158,114.72064059512051,291.93,33490.39660893353,C
Product_0326,87.39105220672279,380.52,33254.043185702154,C
Product_1960,187.6743689749983,176.95,33208.97959012594,C
Product_1803,264.95341160615885,124.85,33079.43343902893,C
Product_1941,40.895299602563824,792.1,32393.166815190805,C
Product_1761,220.7500287651807,145.51,32121.33668562144,C
Product_0765,154.1096149024997,206.88,31882.197131029134,C
Product_0352,161.56867469861356,197.06,31838.72303610879,C
Product_0750,174.40122102752252,180.97,31561.38896935075,C
Product_1869,169.28150449683025,185.62,31422.032864701632,C
Product_0565,67.29895122091001,466.68,31407.074555774285,C
Product_0537,70.93117226877847,439.65,31184.889887968453,C
Product_1940,102.89895296217547,300.9,30962.294946318598,C
Product_0594,376.41457081871897,81.88,30820.825058636707,C
Product_0057,71.86928894349367,427.74,30741.369652689984,C
Product_1070,64.3660116879481,474.34,30531.3739840613,C
Product_1927,35.0,867.94,30377.9,C
Product_0666,347.341069207985,87.15,30270.774181475896,C
Product_1942,197.93427015494856,152.92,30268.108592094733,C
Product_1883,142.10748827098095,212.95,30261.789627305392,C
Product_0509,165.0,181.53,29952.45,C
Product_0629,33.31591453542592,897.78,29910.36175161468,C
Product_0578,80.81909727589321,369.49,29861.848252469783,C
Product_2151,57.5923685751104,516.96,29772.950858589073,C
Product_0263,89.59358617406991,329.44,29515.711029185593,C
Product_0637,18.991603671285905,1542.23,29289.420929967262,C
Product_0927,450.0,65.03,29263.5,C
Product_1620,74.0694833209185,394.71,29235.96576159974,C
Product_0585,186.0,156.09,29032.74,C
Product_1111,65.86983921182328,439.37,28941.231254498794,C
Product_1715,160.53527762571807,179.77,28859.42685877534,C
Product_1774,178.1360437649067,161.55,28777.87787022068,C
Product_1694,54.15485113541509,523.24,28335.984308094594,C
Product_0655,74.29229670174934,380.65,28279.362739520882,C
Product_0269,49.62384740428924,567.85,28178.901748525648,C
Product_0494,35.15918966930023,789.52,27758.883427705918,C
Product_2146,75.65615829834488,365.51,27653.082419628034,C
Product_0784,635.4635842097988,43.49,27636.311277284152,C
Product_1679,73.53045985262561,375.26,27593.040364296285,C
Product_0716,420.7496996197973,65.18,27424.465421218392,C
Product_0665,347.33651034867995,78.86,27390.9572060969,C
Product_1664,109.27912585483807,249.49,27264.049109523552,C
Product_0461,83.81426676229478,323.05,27076.19887755933,C
Product_0804,151.71981736802113,177.68,26957.577149949993,C
Product_1767,106.86891662923561,251.12,26836.92234393365,C
Product_0946,81.42972999607467,326.62,26596.57841131791,C
Product_1837,127.95260738863048,201.76,25815.718066730085,C
Product_1939,53.246614066465874,483.47,25743.140502714257,C
Product_0501,194.1109108765749,131.79,25581.876944423806,C
Product_1881,90.21284146605083,282.71,25504.07241086723,C
Product_1170,52.93172449756487,480.28,25422.048641690457,C
Product_0256,62.15957277466181,408.83,25412.698137464988,C
Product_0350,74.80953071581804,333.39,24940.749445346577,C
Product_1961,24.0,1031.79,24762.96,C
Product_1859,74.63211986447608,330.66,24677.856754387663,C
Product_1874,86.4025014876355,285.32,24652.361724452163,C
Product_0640,96.27143432949013,254.22,24474.12403524298,C
Product_1895,76.6629580587537,317.35,24328.98973994549,C
Product_0651,90.2784325273544,268.39,24229.828506016645,C
Product_0641,60.708364732734225,395.41,24004.694498970443,C
Product_1615,56.53919937176541,421.79,23847.668903016936,C
Product_0106,60.0,394.03,23641.8,C
Product_1174,168.32067429814026,140.28,23612.024190543118,C
Product_0354,179.39647212000014,131.54,23597.811942664815,C
Product_1800,46.0,512.31,23566.26,C
Product_0751,73.20086768560128,316.44,23163.68257043167,C
Product_1083,86.04397546275167,267.28,22997.833761684265,C
Product_0580,54.0,421.77,22775.579999999998,C
Product_1095,102.32494149363534,222.54,22771.392479993607,C
Product_0059,54.90047578053828,414.02,22729.894982658458,C
Product_1124,334.439608487974,67.76,22661.62787114512,C
Product_2122,439.51865941206796,51.43,22604.444653562656,C
Product_2126,200.0,112.05,22410.0,C
Product_0339,127.25676344224685,171.89,21874.16506808781,C
Product_1720,45.67934217983479,476.57,21769.404102643864,C
Product_0813,37.675756992812275,577.74,21766.791845027365,C
Product_0446,143.40445153491387,149.41,21426.05910383148,C
Product_1807,127.40334203299966,167.42,21329.8675231648,C
Product_0457,85.27175787899854,248.71,21207.938902085727,C
Product_0251,243.41493776315383,86.99,21174.665436016752,C
Product_0800,94.63982979385946,222.39,21046.951747856405,C
Product_0160,52.050110931591384,403.86,21020.957800832497,C
Product_1775,203.54223456519006,102.95,20954.67304848632,C
Product_2125,11.0,1895.44,20849.84,C
Product_0270,41.3355741746595,501.46,20728.13702562475,C
Product_1964,49.669481486917135,414.0,20563.165335583693,C
Product_1814,180.581174475867,113.59,20512.21560871373,C
Product_1893,45.916446239655556,445.31,20447.052674981016,C
Product_2098,53.59079535778943,380.5,20391.29763363888,C
Product_1866,44.63538972903388,448.13,20002.457199271954,C
Product_0328,59.80401969091541,332.72,19897.993431561375,C
Product_2094,95.4540792027748,207.64,19820.08500566416,C
Product_0507,140.92058379625848,138.38,19500.59038572625,C
Product_0156,38.10780789011486,508.73,19386.585107938135,C
Product_0266,101.8408636694222,189.35,19283.567535805094,C
Product_1956,58.919080787803594,322.0,18971.944013672757,C
Product_1711,46.59081118225683,402.83,18768.176468548518,C
Product_1110,89.0,210.57,18740.73,C
Product_1962,58.661827838192046,315.24,18492.55460771166,C
Product_1806,78.06414537317471,234.91,18338.04838961247,C
Product_0777,23.320791490229784,781.56,18226.59779710399,C
Product_0539,45.507985598961255,397.95,18109.90286910663,C
Product_1955,30.743892768156446,588.56,18094.625527626155,C
Product_2152,65.59944942194282,273.81,17961.785246222164,C
Product_0455,57.910590373225375,307.95,17833.566305434753,C
Product_0447,103.09425202885518,170.2,17546.64169531115,C
Product_1665,66.41451579702424,262.22,17415.214332295698,C
Product_0616,94.32605828745439,181.74,17142.81783316196,C
Product_0393,47.10632572952022,357.26,16829.205930128395,C
Product_2103,82.76114974732427,201.55,16680.509731573205,C
Product_1953,89.45880017067888,186.34,16669.752823804305,C
Product_0828,71.0,232.11,16479.81,C
Product_1178,43.30070711057854,379.13,16416.597086833644,C
Product_0797,116.03977295301974,140.83,16341.881224973771,C
Product_0807,49.59163240658351,327.33,16232.829035646979,C
Product_1915,108.85773317708635,148.5,16165.373376797323,C
Product_0456,79.20173867873203,203.58,16123.889960216267,C
Product_1690,41.12613061456834,390.18,16046.593643192275,C
Product_0675,69.1090722580494,232.0,16033.30476386746,C
Product_0656,126.45173066221116,125.04,15811.524402002884,C
Product_0521,73.60497114696551,208.55,15350.316732699657,C
Product_1946,57.90534731559647,259.92,15050.757874269835,C
Product_0334,110.17933271528722,136.17,15003.119735840659,C
Product_1894,91.95201256941512,161.75,14873.238033102894,C
Product_1937,40.49484912176104,365.07,14783.454568881303,C
Product_2051,35.204455531068234,417.76,14707.013342659066,C
Product_1099,24.424962469643017,599.62,14645.695996047345,C
Product_1171,67.82444907793227,211.72,14359.792358779821,C
Product_1097,199.0871695737341,71.91,14316.358364047217,C
Product_1856,41.88852869327004,341.51,14305.35143403865,C
Product_1868,122.76990696719055,116.03,14244.99230540312,C
Product_1923,36.07701780191051,394.06,14216.509635020855,C
Product_1769,51.78687758777342,273.07,14141.442662893287,C
Product_0112,60.0,232.94,13976.4,C
Product_1089,89.3567595514145,154.88,13839.574919323077,C
Product_1864,60.99837378746163,225.32,13744.153581790853,C
Product_1952,40.294150396822815,340.0,13700.011134919758,C
Product_0442,17.18008695263709,755.19,12974.229865762005,C
Product_1919,23.676195784321326,541.98,12832.024591186473,C
Product_0624,38.157423829612725,328.08,12518.687610019342,C
Product_1858,82.12764270416326,152.07,12489.150626022107,C
Product_1146,75.74822501032439,161.13,12205.31149591357,C
Product_0435,60.0,202.34,12140.4,C
Product_0511,30.0,403.78,12113.4,C
Product_1714,99.77817090750253,121.23,12096.107659116531,C
Product_0965,22.44917388729661,537.37,12063.51257181658,C
Product_0861,150.31242628922217,79.82,11997.937866405713,C
Product_2119,33.0,363.36,11990.880000000001,C
Product_1873,11.426099949526096,1025.37,11715.980105245571,C
Product_0945,24.22821155608873,475.67,11524.633390884726,C
Product_1898,82.80200280563155,136.41,11295.0212027162,C
Product_1943,75.35189199785273,149.67,11277.917675318617,C
Product_0499,39.841019980145866,282.42,11251.900862792796,C
Product_1119,66.9171245344833,164.11,10981.769307354056,C
Product_1854,11.587337254036463,946.28,10964.865496749624,C
Product_1965,23.98277261839157,456.05,10937.343452617477,C
Product_0262,52.44203993817824,208.33,10925.250180320674,C
Product_0331,29.94921700947375,362.43,10854.49472074357,C
Product_1616,102.15741532341232,104.42,10667.277308070716,C
Product_2157,124.04820530313788,84.85,10525.490219971249,C
Product_0362,28.020998447482206,365.72,10247.839552213194,C
Product_1936,42.250719231529715,241.95,10222.561518068615,C
Product_0340,43.420121693514126,233.44,10135.993208133938,C
Product_0515,69.0,145.63,10048.47,C
Product_1975,11.0,900.6,9906.6,C
Product_0500,11.793974617576428,824.43,9723.306493968534,C
Product_1855,41.184271421960524,233.19,9603.760252886974,C
Product_0498,16.609438614178398,576.64,9577.66668247983,C
Product_2127,84.66319102487056,112.48,9522.91572647744,C
Product_2058,51.57225252049279,183.87,9482.59007094301,C
Product_0694,71.02130735747575,131.65,9349.955113611682,C
Product_0525,28.255681664872967,325.64,9201.180177349232,C
Product_0626,42.578258717827595,215.47,9174.337405930311,C
Product_0402,73.44644690506745,124.51,9144.817104149948,C
Product_0163,70.12933385062567,129.65,9092.268133733618,C
Product_0449,44.0,199.3,8769.2,C
Product_0812,36.442669446571315,239.25,8718.908665092187,C
Product_2117,29.65024624744174,292.72,8679.220081551146,C
Product_0268,50.80818360701341,169.62,8618.084103421616,C
Product_1976,62.69768724243943,137.33,8610.273389004207,C
Product_1857,10.080069609780523,849.35,8561.507123067087,C
Product_1696,58.33400314345579,146.34,8536.59802001332,C
Product_1949,16.651825231198472,509.77,8488.600948108045,C
Product_0264,47.65473693679148,177.15,8442.03664835261,C
Product_1870,43.34431207373453,194.76,8441.738219480536,C
Product_1876,32.074884167273346,260.34,8350.375344107943,C
Product_1117,30.072089284914693,274.64,8258.99860120897,C
Product_0825,11.238269483197847,732.68,8234.055284949398,C
Product_1950,17.910634673753478,450.83,8074.65142996828,C
Product_1867,48.58886872855585,164.08,7972.461580981445,C
Product_1974,24.387776708264646,317.12,7733.851749724885,C
Product_1681,53.1808008905513,145.36,7730.361217450538,C
Product_0473,47.62568053878042,162.17,7723.456612974021,C
Product_2097,30.0,252.2,7566.0,C
Product_1709,62.32690940035292,120.78,7527.844117374625,C
Product_0824,47.47071732036258,156.71,7439.136111274021,C
Product_0271,25.934285520622748,285.72,7409.944058952332,C
Product_1772,88.14051070608706,83.92,7396.751658454826,C
Product_0611,30.146219018376605,243.49,7340.30286878452,C
Product_1909,122.3472923805993,59.82,7318.81503020745,C
Product_1945,23.42520721691405,312.24,7314.2867014092435,C
Product_2120,8.46777469395582,842.13,7130.967103021014,C
Product_1091,52.14500388805824,136.07,7095.370679048085,C
Product_1933,26.447925465782763,264.73,7001.559308556672,C
Product_1708,40.79637312343711,168.49,6873.780907567919,C
Product_1768,44.93805430152291,151.55,6810.362129395798,C
Product_0864,27.471612189638957,243.69,6694.557174493118,C
Product_0167,70.44902380788004,94.22,6637.707023178457,C
Product_1951,13.393769119317778,493.87,6614.780754957471,C
Product_1963,30.288906241265337,218.22,6609.645119968922,C
Product_1756,21.828000253405566,300.33,6555.603316105294,C
Product_0149,106.59000029043877,60.81,6481.737917661581,C
Product_1584,21.848210618894157,296.15,6470.347574785505,C
Product_1019,20.0,321.88,6437.6,C
Product_0450,39.95465073904766,159.78,6383.954095085035,C
Product_0860,21.61422343598109,290.47,6278.283481449427,C
Product_0257,22.647143347313843,276.91,6271.220464304677,C
Product_0862,17.941701909606927,343.42,6161.539269797211,C
Product_1693,21.394683516899057,287.83,6158.0317566690555,C
Product_1804,29.749726221431498,199.33,5930.012927717941,C
Product_1179,9.0,640.78,5767.0199999999995,C
Product_0526,27.7563132277048,201.28,5586.790726472423,C
Product_0959,26.630711954179898,208.07,5541.052236306211,C
Product_0530,17.885274174747533,308.35,5514.924291783402,C
Product_1865,57.46829865945817,95.56,5491.670619897823,C
Product_0440,11.650351480702613,467.62,5447.937359406155,C
Product_1861,13.106434916521124,414.8,5436.549203372962,C
Product_1172,82.48133804425103,64.19,5294.477089060473,C
Product_0327,29.386066209764408,178.99,5259.811990885732,C
Product_0164,43.76337699585362,119.94,5248.979436882683,C
Product_1566,45.24794910873229,115.9,5244.237301702073,C
Product_1685,28.072484167894885,186.79,5243.659317721085,C
Product_1781,46.0,113.3,5211.8,C
Product_1617,26.57497544248569,193.85,5151.558989525851,C
Product_1948,22.0750411119045,230.01,5077.480206149154,C
Product_1860,24.914560396206348,203.57,5071.857059855726,C
Product_0319,18.0,280.66,5051.88,C
Product_0363,19.103590022787234,264.38,5050.607130224489,C
Product_1662,47.6237809003584,104.79,4990.496000548556,C
Product_1697,10.196615022085949,488.27,4978.701216833906,C
Product_0673,11.543449275956144,429.84,4961.836236776989,C
Product_1862,13.627001003060386,363.1,4947.964064211226,C
Product_1707,7.475261173920032,644.86,4820.496920614072,C
Product_0573,35.0,135.56,4744.6,C
Product_0736,172.34231956042575,26.17,4510.198502896342,C
Product_0617,71.95775643361105,62.17,4473.6137174775995,C
Product_0432,41.573092117564244,106.78,4439.17477631351,C
Product_1799,23.941443252115185,181.29,4340.344247175962,C
Product_1808,31.0,137.24,4254.4400000000005,C
Product_1086,36.0,115.99,4175.639999999999,C
Product_1100,7.894037376304989,517.55,4085.5590441066465,C
Product_0528,23.978371050733585,167.49,4016.1373672873683,C
Product_1932,19.303735166187643,204.26,3942.9809450454877,C
Product_1931,29.539914229064276,129.25,3818.033914106558,C
Product_0148,16.601989094427864,229.03,3802.353562296814,C
Product_1922,17.74388261761638,204.08,3621.1715646031507,C
Product_1687,57.37723696017892,62.6,3591.8150337072007,C
Product_1921,12.031799802520851,294.49,3543.2447238443656,C
Product_0853,16.070366536943606,218.39,3509.607348003114,C
Product_0259,33.28906171165037,103.88,3458.0677306062403,C
Product_1169,24.0,143.45,3442.7999999999997,C
Product_1935,27.45505319801452,107.56,2953.065521978442,C
Product_0865,7.0,419.5,2936.5,C
Product_1071,14.198832856006144,206.47,2931.6330197795883,C
Product_1882,53.464179886242626,53.43,2856.5911313219435,C
Product_1702,28.370633564561,100.38,2847.844197210633,C
Product_0630,16.237845741095736,174.85,2839.1873278305893,C
Product_0644,32.58897380939182,82.92,2702.2777082747693,C
Product_0598,20.0,134.44,2688.8,C
Product_0527,3.0,856.17,2568.5099999999998,C
Product_0944,13.282576524579575,193.15,2565.529655722545,C
Product_0674,9.0,282.07,2538.63,C
Product_0466,15.0,168.94,2534.1,C
Product_0465,3.0,837.37,2512.11,C
Product_1947,13.406488141598079,178.44,2392.253743986761,C
Product_1934,6.2287762645728995,382.87,2384.811568417026,C
Product_1773,8.734165708223934,267.68,2337.961476777383,C
Product_1585,23.0,93.01,2139.23,C
Product_1695,6.626337415003393,317.85,2106.1813473588286,C
Product_0075,7.0,288.55,2019.8500000000001,C
Product_0531,21.0,88.16,1851.36,C
Product_1701,44.467399307495235,38.4,1707.548133407817,C
Product_1863,3.0691859052590162,545.5,1674.2409113187935,C
Product_0519,13.0,114.23,1484.99,C
Product_0518,6.0,236.71,1420.26,C
Product_0597,5.052933866135079,278.65,1408.0000217985396,C
Product_0536,4.0,311.51,1246.04,C
Product_0403,7.070884215514458,172.72,1221.2831217036571,C
Product_1793,10.0,114.63,1146.3,C
Product_0647,11.447349322884717,96.94,1109.7060433604445,C
Product_2060,3.4889113218640686,253.47,884.3343527528855,C
Product_0633,9.161347166654709,94.5,865.74730724887,C
Product_0467,3.0958182439605104,260.18,805.4699907136456,C
Product_2147,6.0,114.74,688.4399999999999,C
Product_0612,6.054581717278173,88.5,535.8304819791183,C
Product_0480,4.278925271215501,101.83,435.72296036787446,C
Product_1647,1.323844216253165,285.96,378.56649207975505,C
Product_0638,5.0,65.85,329.25,C
Product_1944,0.0,256.91,0.0,C
Product_0404,0.0,256.91,0.0,C
Product_0438,0.0,256.91,0.0,C
Product_1619,0.0,256.91,0.0,C
Product_1811,0.0,256.91,0.0,C
Product_2161,0.0,256.91,0.0,C
Product_1698,0.0,256.91,0.0,C
Product_0575,0.0,256.91,0.0,C
Product_0592,0.0,256.91,0.0,C
Product_1631,0.0,256.91,0.0,C
Product_0948,0.0,256.91,0.0,C
Product_1433,0.0,256.91,0.0,C
Product_1745,0.0,256.91,0.0,C
