Warehouse,SKU,Current_Stock,Reserved_Stock,Safety_Stock,Reorder_Point,EOQ,Inventory_Status,Stock_Gap
Whse_C,Product_1245,970531,970501,3927966.0,8032120.0,18011.0,Critical,7061589.0
Whse_S,Product_1245,1116304,1014873,3927966.0,8032120.0,18011.0,Critical,6915816.0
Whse_C,Product_0083,334941,334722,1917728.0,3057680.0,18975.0,Critical,2722739.0
Whse_J,Product_0083,531046,529946,1917728.0,3057680.0,18975.0,Critical,2526634.0
Whse_S,Product_0083,585577,499528,1917728.0,3057680.0,18975.0,Critical,2472103.0
Whse_C,Product_1166,592063,591949,1199251.0,2288315.0,8786.0,Critical,1696252.0
Whse_C,Product_1480,149597,149330,1300974.0,1795069.0,13444.0,Critical,1645472.0
Whse_J,Product_1480,177427,167994,1300974.0,1795069.0,13444.0,Critical,1617642.0
Whse_S,Product_1480,316407,165147,1300974.0,1795069.0,13444.0,Critical,1478662.0
Whse_C,Product_1263,192258,192223,967615.0,1579592.0,17343.0,Critical,1387334.0
Whse_J,Product_1152,658388,654424,1101785.0,1975926.0,11054.0,Critical,1317538.0
Whse_C,Product_1341,173329,173246,728603.0,1260275.0,13418.0,Critical,1086946.0
Whse_S,Product_1263,542594,380024,967615.0,1579592.0,17343.0,Critical,1036998.0
Whse_C,Product_1342,164180,163765,842758.0,1116519.0,14173.0,Critical,952339.0
Whse_S,Product_0077,271385,260377,536668.0,1164516.0,3769.0,Critical,893131.0
Whse_S,Product_1342,288945,163815,842758.0,1116519.0,14173.0,Critical,827574.0
Whse_J,Product_0073,232024,231682,673339.0,1027940.0,3843.0,Critical,795916.0
Whse_A,Product_0990,348446,348428,628493.0,958991.0,3154.0,Critical,610545.0
Whse_J,Product_1248,68823,68648,472932.0,676582.0,13035.0,Critical,607759.0
Whse_J,Product_1624,258028,257350,350896.0,855629.0,3445.0,Critical,597601.0
Whse_J,Product_1157,78804,73185,339181.0,634148.0,12158.0,Critical,555344.0
Whse_J,Product_1817,100515,89467,443013.0,605438.0,5293.0,Critical,504923.0
Whse_J,Product_1812,182627,148931,468922.0,685445.0,2721.0,Critical,502818.0
Whse_J,Product_1396,117556,104497,353843.0,584232.0,5450.0,Critical,466676.0
Whse_J,Product_1451,62044,60471,251834.0,505132.0,10162.0,Critical,443088.0
Whse_C,Product_1432,66881,66813,445071.0,502343.0,18594.0,Critical,435462.0
Whse_C,Product_1904,66903,66639,384876.0,502288.0,4945.0,Critical,435385.0
Whse_S,Product_0084,700963,549863,614169.0,1136005.0,5694.0,Critical,435042.0
Whse_J,Product_1570,77550,65457,327504.0,495909.0,12127.0,Critical,418359.0
Whse_S,Product_1341,847364,204249,728603.0,1260275.0,13418.0,Critical,412911.0
Whse_J,Product_1432,93478,83830,445071.0,502343.0,18594.0,Critical,408865.0
Whse_J,Product_0072,168479,168380,137132.0,551906.0,3272.0,Critical,383427.0
Whse_J,Product_1016,35868,34622,332309.0,414454.0,11391.0,Critical,378586.0
Whse_C,Product_1157,265251,265248,339181.0,634148.0,12158.0,Critical,368897.0
Whse_J,Product_1151,85114,84358,211403.0,450908.0,5077.0,Critical,365794.0
Whse_J,Product_1159,141333,138676,322500.0,505508.0,5971.0,Critical,364175.0
Whse_S,Product_1016,51372,31338,332309.0,414454.0,11391.0,Critical,363082.0
Whse_S,Product_1812,323792,115940,468922.0,685445.0,2721.0,Critical,361653.0
Whse_J,Product_1281,52378,49681,270870.0,412199.0,5610.0,Critical,359821.0
Whse_C,Product_1264,71692,71644,334800.0,430084.0,15651.0,Critical,358392.0
Whse_A,Product_1264,81909,81906,334800.0,430084.0,15651.0,Critical,348175.0
Whse_J,Product_1264,82636,74643,334800.0,430084.0,15651.0,Critical,347448.0
Whse_C,Product_1281,69920,69868,270870.0,412199.0,5610.0,Critical,342279.0
Whse_J,Product_1150,89558,82306,220502.0,423928.0,4573.0,Critical,334370.0
Whse_J,Product_1267,59072,56723,222010.0,388884.0,8518.0,Critical,329812.0
Whse_C,Product_1016,85902,85175,332309.0,414454.0,11391.0,Critical,328552.0
Whse_A,Product_1432,178755,178718,445071.0,502343.0,18594.0,Critical,323588.0
Whse_S,Product_1432,185727,100118,445071.0,502343.0,18594.0,Critical,316616.0
Whse_C,Product_1241,76065,75927,325586.0,392302.0,16630.0,Critical,316237.0
Whse_J,Product_1904,187778,98819,384876.0,502288.0,4945.0,Critical,314510.0
Whse_C,Product_1278,47037,46637,221315.0,360526.0,4910.0,Critical,313489.0
Whse_S,Product_1570,184857,174859,327504.0,495909.0,12127.0,Critical,311052.0
Whse_J,Product_1241,103323,102810,325586.0,392302.0,16630.0,Critical,288979.0
Whse_J,Product_1278,76364,73547,221315.0,360526.0,4910.0,Critical,284162.0
Whse_J,Product_1163,76887,76161,170782.0,360308.0,3603.0,Critical,283421.0
Whse_J,Product_1360,76554,69035,233261.0,356181.0,13741.0,Critical,279627.0
Whse_J,Product_1156,99065,95110,169466.0,371472.0,5110.0,Critical,272407.0
Whse_J,Product_1359,124187,123363,303777.0,391585.0,29685.0,Critical,267398.0
Whse_J,Product_1162,144379,139891,139479.0,409853.0,4289.0,Critical,265474.0
Whse_C,Product_1570,233465,233116,327504.0,495909.0,12127.0,Critical,262444.0
Whse_J,Product_1290,71748,66921,120259.0,332075.0,6964.0,Critical,260327.0
Whse_J,Product_1165,62234,62210,118585.0,322205.0,3344.0,Critical,259971.0
Whse_J,Product_1282,125809,123190,135557.0,379417.0,5162.0,Critical,253608.0
Whse_J,Product_1018,65782,65096,212498.0,314716.0,6384.0,Critical,248934.0
Whse_C,Product_1403,55899,55670,223055.0,304612.0,8693.0,Critical,248713.0
Whse_J,Product_0071,40271,39419,171042.0,288163.0,6325.0,Critical,247892.0
Whse_S,Product_1281,167962,66666,270870.0,412199.0,5610.0,Critical,244237.0
Whse_C,Product_0071,44633,44493,171042.0,288163.0,6325.0,Critical,243530.0
Whse_J,Product_1403,61397,50120,223055.0,304612.0,8693.0,Critical,243215.0
Whse_J,Product_1407,59986,48222,207382.0,303015.0,4218.0,Critical,243029.0
Whse_J,Product_1149,68109,65605,201293.0,310939.0,7452.0,Critical,242830.0
Whse_S,Product_1241,155640,53425,325586.0,392302.0,16630.0,Critical,236662.0
Whse_J,Product_1269,41742,40589,109142.0,274879.0,7581.0,Critical,233137.0
Whse_C,Product_1366,172307,171858,239418.0,405317.0,2103.0,Critical,233010.0
Whse_A,Product_1435,21764,21695,150247.0,251417.0,3060.0,Critical,229653.0
Whse_J,Product_1526,77033,72541,169781.0,297066.0,6742.0,Critical,220033.0
Whse_J,Product_1435,39497,35512,150247.0,251417.0,3060.0,Critical,211920.0
Whse_J,Product_1164,60769,59637,128889.0,271349.0,2011.0,Critical,210580.0
Whse_S,Product_1817,397135,137525,443013.0,605438.0,5293.0,Critical,208303.0
Whse_J,Product_0079,50699,50630,163520.0,257593.0,2315.0,Critical,206894.0
Whse_J,Product_0064,47593,47145,152330.0,253807.0,4398.0,Critical,206214.0
Whse_J,Product_1361,159077,154646,186276.0,362077.0,8898.0,Critical,203000.0
Whse_J,Product_0933,46580,40879,95014.0,245899.0,4841.0,Critical,199319.0
Whse_J,Product_1242,52846,50360,198257.0,252022.0,6859.0,Critical,199176.0
Whse_S,Product_1278,162240,68826,221315.0,360526.0,4910.0,Critical,198286.0
Whse_J,Product_1048,211652,206142,78901.0,409021.0,4505.0,Critical,197369.0
Whse_C,Product_1355,26830,26742,115094.0,222810.0,6825.0,Critical,195980.0
Whse_C,Product_1348,50078,49868,130140.0,245514.0,4032.0,Critical,195436.0
Whse_C,Product_1431,69415,69328,167931.0,260658.0,7311.0,Critical,191243.0
Whse_J,Product_1820,31301,18857,154498.0,222512.0,2082.0,Critical,191211.0
Whse_J,Product_0108,53248,53180,132327.0,243826.0,2973.0,Critical,190578.0
Whse_C,Product_1407,115191,114938,207382.0,303015.0,4218.0,Critical,187824.0
Whse_S,Product_1355,36270,35555,115094.0,222810.0,6825.0,Critical,186540.0
Whse_J,Product_0936,44613,35532,127270.0,231058.0,6334.0,Critical,186445.0
Whse_J,Product_0829,249759,246118,133870.0,434333.0,4911.0,Critical,184574.0
Whse_J,Product_1158,93596,89996,161051.0,275715.0,7493.0,Critical,182119.0
Whse_J,Product_1348,66387,61220,130140.0,245514.0,4032.0,Critical,179127.0
Whse_J,Product_1279,24992,22548,149181.0,203637.0,7560.0,Critical,178645.0
Whse_J,Product_0063,42703,42669,120608.0,220837.0,2671.0,Critical,178134.0
Whse_C,Product_1502,110161,110041,191041.0,286157.0,7255.0,Critical,175996.0
Whse_J,Product_1268,38541,38498,139519.0,212081.0,2111.0,Critical,173540.0
Whse_C,Product_0094,242522,242459,219694.0,409502.0,3224.0,Critical,166980.0
Whse_J,Product_1147,55464,54996,115807.0,221619.0,1754.0,Critical,166155.0
Whse_J,Product_2042,130968,121510,118824.0,296537.0,4392.0,Critical,165569.0
Whse_J,Product_1233,78269,75868,165422.0,243495.0,5952.0,Critical,165226.0
Whse_C,Product_0093,42772,42730,103514.0,206106.0,4686.0,Critical,163334.0
Whse_A,Product_1825,35272,35215,146332.0,198127.0,8854.0,Critical,162855.0
Whse_J,Product_1287,82440,82297,127076.0,245268.0,16187.0,Critical,162828.0
Whse_C,Product_0044,45336,45308,96131.0,207885.0,1218.0,Critical,162549.0
Whse_J,Product_1234,96615,93554,157954.0,257662.0,8577.0,Critical,161047.0
Whse_A,Product_0936,71710,71689,127270.0,231058.0,6334.0,Critical,159348.0
Whse_J,Product_1355,65329,57296,115094.0,222810.0,6825.0,Critical,157481.0
Whse_J,Product_1399,60962,56448,105438.0,216906.0,4661.0,Critical,155944.0
Whse_C,Product_1470,18039,17875,139988.0,173746.0,12150.0,Critical,155707.0
Whse_C,Product_1350,33174,32925,125120.0,188766.0,15359.0,Critical,155592.0
Whse_S,Product_0064,98290,36269,152330.0,253807.0,4398.0,Critical,155517.0
Whse_S,Product_0071,135722,110694,171042.0,288163.0,6325.0,Critical,152441.0
Whse_C,Product_1393,21922,21819,94738.0,174268.0,6823.0,Critical,152346.0
Whse_J,Product_1486,81495,72657,112970.0,231035.0,2646.0,Critical,149540.0
Whse_A,Product_1470,24349,24340,139988.0,173746.0,12150.0,Critical,149397.0
Whse_J,Product_1350,42266,22368,125120.0,188766.0,15359.0,Critical,146500.0
Whse_J,Product_1825,52702,45481,146332.0,198127.0,8854.0,Critical,145425.0
Whse_J,Product_1489,50280,47656,121771.0,194376.0,1830.0,Critical,144096.0
Whse_C,Product_1078,39855,39660,76515.0,183071.0,1791.0,Critical,143216.0
Whse_C,Product_1825,55621,55410,146332.0,198127.0,8854.0,Critical,142506.0
Whse_A,Product_1431,118265,118241,167931.0,260658.0,7311.0,Critical,142393.0
Whse_J,Product_1470,32700,26529,139988.0,173746.0,12150.0,Critical,141046.0
Whse_J,Product_0931,23275,22079,72989.0,164321.0,7688.0,Critical,141046.0
Whse_J,Product_0093,67945,67852,103514.0,206106.0,4686.0,Critical,138161.0
Whse_A,Product_1886,11067,10926,122961.0,148478.0,7707.0,Critical,137411.0
Whse_J,Product_1400,24667,24285,98484.0,160355.0,2041.0,Critical,135688.0
Whse_C,Product_1101,65756,65600,99272.0,201104.0,1548.0,Critical,135348.0
Whse_S,Product_0936,98076,32760,127270.0,231058.0,6334.0,Critical,132982.0
Whse_C,Product_1766,20938,20856,92984.0,151498.0,3971.0,Critical,130560.0
Whse_S,Product_1242,121733,50936,198257.0,252022.0,6859.0,Critical,130289.0
Whse_C,Product_1279,74262,74158,149181.0,203637.0,7560.0,Critical,129375.0
Whse_A,Product_0982,12477,12444,103260.0,141012.0,2907.0,Critical,128535.0
Whse_C,Product_1047,46790,46573,76187.0,174854.0,2321.0,Critical,128064.0
Whse_J,Product_1393,47910,42916,94738.0,174268.0,6823.0,Critical,126358.0
Whse_J,Product_0096,30844,30416,76013.0,156462.0,2939.0,Critical,125618.0
Whse_C,Product_1216,20168,20106,89911.0,144197.0,4928.0,Critical,124029.0
Whse_C,Product_1886,29673,29211,122961.0,148478.0,7707.0,Critical,118805.0
Whse_J,Product_0982,22255,21592,103260.0,141012.0,2907.0,Critical,118757.0
Whse_J,Product_0066,525752,525410,410879.0,642121.0,4302.0,Critical,116369.0
Whse_J,Product_1382,38940,33339,74237.0,154303.0,10093.0,Critical,115363.0
Whse_C,Product_0033,46440,46428,117294.0,160318.0,5458.0,Critical,113878.0
Whse_J,Product_1356,19062,11277,101923.0,132727.0,7610.0,Critical,113665.0
Whse_J,Product_1502,172827,165435,191041.0,286157.0,7255.0,Critical,113330.0
Whse_C,Product_0063,108109,107874,120608.0,220837.0,2671.0,Critical,112728.0
Whse_J,Product_2034,248131,118462,129292.0,357800.0,2893.0,Critical,109669.0
Whse_J,Product_0074,40818,39745,84286.0,150272.0,2805.0,Critical,109454.0
Whse_A,Product_0985,28049,27968,117894.0,135750.0,4404.0,Critical,107701.0
Whse_J,Product_1766,44539,32074,92984.0,151498.0,3971.0,Critical,106959.0
Whse_J,Product_1216,37271,32207,89911.0,144197.0,4928.0,Critical,106926.0
Whse_J,Product_2035,37973,30895,55415.0,144777.0,2893.0,Critical,106804.0
Whse_S,Product_1264,324593,125416,334800.0,430084.0,15651.0,Critical,105491.0
Whse_J,Product_0831,21779,18904,50899.0,126454.0,2482.0,Critical,104675.0
Whse_A,Product_1438,23599,23494,88880.0,127962.0,2063.0,Critical,104363.0
Whse_J,Product_1195,36385,29298,73088.0,139951.0,4129.0,Critical,103566.0
Whse_S,Product_0146,132047,78231,99839.0,235522.0,2164.0,Critical,103475.0
Whse_C,Product_0557,32435,32279,75200.0,134151.0,713.0,Critical,101716.0
Whse_C,Product_1195,38267,38254,73088.0,139951.0,4129.0,Critical,101684.0
Whse_J,Product_1256,29517,27172,90386.0,131017.0,3421.0,Critical,101500.0
Whse_J,Product_0998,14714,14032,75395.0,115879.0,5404.0,Critical,101165.0
Whse_C,Product_1485,40163,39621,52614.0,141088.0,2886.0,Critical,100925.0
Whse_J,Product_1217,52100,50081,68552.0,152602.0,1806.0,Critical,100502.0
Whse_J,Product_0033,60330,59381,117294.0,160318.0,5458.0,Critical,99988.0
Whse_J,Product_0065,30539,29980,112560.0,130088.0,1943.0,Critical,99549.0
Whse_C,Product_1270,39895,39802,58675.0,139025.0,3264.0,Critical,99130.0
Whse_J,Product_1215,59378,57090,107590.0,157752.0,2253.0,Critical,98374.0
Whse_J,Product_2032,191589,94011,101336.0,289023.0,2880.0,Critical,97434.0
Whse_S,Product_0063,123669,101899,120608.0,220837.0,2671.0,Critical,97168.0
Whse_J,Product_1347,47396,43912,65446.0,143384.0,1362.0,Critical,95988.0
Whse_J,Product_1438,32389,19139,88880.0,127962.0,2063.0,Critical,95573.0
Whse_A,Product_1388,10496,10437,65172.0,105029.0,4884.0,Critical,94533.0
Whse_J,Product_0082,93893,93676,109154.0,188324.0,3863.0,Critical,94431.0
Whse_J,Product_1886,54810,17486,122961.0,148478.0,7707.0,Critical,93668.0
Whse_A,Product_0998,22585,22566,75395.0,115879.0,5404.0,Critical,93294.0
Whse_J,Product_0098,191750,191640,119703.0,283647.0,2636.0,Critical,91897.0
Whse_J,Product_0089,14928,14261,57686.0,106330.0,2944.0,Critical,91402.0
Whse_A,Product_1496,16633,16589,80791.0,107752.0,5804.0,Critical,91119.0
Whse_S,Product_1393,83543,41781,94738.0,174268.0,6823.0,Critical,90725.0
Whse_S,Product_0082,97657,75626,109154.0,188324.0,3863.0,Critical,90667.0
Whse_J,Product_2033,48275,30326,44852.0,137922.0,1157.0,Critical,89647.0
Whse_J,Product_1388,15844,10969,65172.0,105029.0,4884.0,Critical,89185.0
Whse_A,Product_1521,16486,16357,53621.0,104992.0,8474.0,Critical,88506.0
Whse_A,Product_1839,21892,21694,78633.0,109141.0,6665.0,Critical,87249.0
Whse_C,Product_1823,32978,32736,54173.0,118666.0,7343.0,Critical,85688.0
Whse_J,Product_1155,51738,50183,58280.0,137007.0,1980.0,Critical,85269.0
Whse_J,Product_0109,33650,33513,39651.0,118378.0,2979.0,Critical,84728.0
Whse_J,Product_1496,23415,23338,80791.0,107752.0,5804.0,Critical,84337.0
Whse_J,Product_0085,35711,35186,55773.0,119900.0,1003.0,Critical,84189.0
Whse_J,Product_1556,49735,47353,57041.0,133154.0,3891.0,Critical,83419.0
Whse_J,Product_1244,16314,14994,76278.0,98919.0,2326.0,Critical,82605.0
Whse_J,Product_1270,56421,49267,58675.0,139025.0,3264.0,Critical,82604.0
Whse_J,Product_1295,34009,28869,73983.0,115874.0,13120.0,Critical,81865.0
Whse_J,Product_2046,55429,31885,40282.0,136517.0,1757.0,Critical,81088.0
Whse_C,Product_1581,24534,24399,75772.0,105172.0,6059.0,Critical,80638.0
Whse_S,Product_1356,53377,45913,101923.0,132727.0,7610.0,Critical,79350.0
Whse_J,Product_0099,18534,18378,38471.0,97541.0,1592.0,Critical,79007.0
Whse_J,Product_1397,48224,22908,39851.0,126247.0,3076.0,Critical,78023.0
Whse_J,Product_2044,43145,39136,46732.0,120646.0,3774.0,Critical,77501.0
Whse_J,Product_1465,33067,30372,60842.0,109822.0,3647.0,Critical,76755.0
Whse_J,Product_0128,13876,13876,40565.0,90365.0,1435.0,Critical,76489.0
Whse_C,Product_0387,15569,15104,53352.0,91923.0,2019.0,Critical,76354.0
Whse_J,Product_1842,24280,17383,30822.0,100276.0,986.0,Critical,75996.0
Whse_A,Product_1385,6694,6650,61135.0,82648.0,2559.0,Critical,75954.0
Whse_S,Product_0033,84723,32283,117294.0,160318.0,5458.0,Critical,75595.0
Whse_A,Product_1410,10894,10859,50823.0,86077.0,6580.0,Critical,75183.0
Whse_J,Product_1294,59128,45890,72281.0,134074.0,6376.0,Critical,74946.0
Whse_C,Product_1521,30278,30195,53621.0,104992.0,8474.0,Critical,74714.0
Whse_J,Product_1520,28584,24455,61977.0,102842.0,6117.0,Critical,74258.0
Whse_C,Product_1513,9571,9024,52132.0,82339.0,5211.0,Critical,72768.0
Whse_J,Product_1839,36564,21969,78633.0,109141.0,6665.0,Critical,72577.0
Whse_C,Product_1548,10999,10972,59300.0,82083.0,4008.0,Critical,71084.0
Whse_J,Product_1385,11699,7958,61135.0,82648.0,2559.0,Critical,70949.0
Whse_J,Product_1363,62828,33250,45333.0,133095.0,2876.0,Critical,70267.0
Whse_J,Product_1555,24629,22644,50893.0,94347.0,3493.0,Critical,69718.0
Whse_S,Product_1348,175850,37053,130140.0,245514.0,4032.0,Critical,69664.0
Whse_J,Product_0837,45750,44170,42265.0,115208.0,2931.0,Critical,69458.0
Whse_A,Product_0413,7626,7572,37754.0,76922.0,1708.0,Critical,69296.0
Whse_J,Product_1286,71969,70844,90072.0,141033.0,20544.0,Critical,69064.0
Whse_J,Product_1513,13289,9621,52132.0,82339.0,5211.0,Critical,69050.0
Whse_J,Product_1900,10625,8948,31700.0,79101.0,1336.0,Critical,68476.0
Whse_J,Product_1430,30055,17834,74720.0,98380.0,3711.0,Critical,68325.0
Whse_J,Product_1437,16464,16404,35100.0,84024.0,3330.0,Critical,67560.0
Whse_A,Product_1513,14871,14833,52132.0,82339.0,5211.0,Critical,67468.0
Whse_C,Product_1235,42532,41489,67190.0,109706.0,1733.0,Critical,67174.0
Whse_J,Product_1394,114036,105563,137077.0,180905.0,8725.0,Critical,66869.0
Whse_J,Product_1524,59013,36157,42851.0,125171.0,1167.0,Critical,66158.0
Whse_C,Product_1356,67006,66991,101923.0,132727.0,7610.0,Critical,65721.0
Whse_A,Product_1299,11517,11497,55107.0,77110.0,4320.0,Critical,65593.0
Whse_C,Product_1404,11856,11473,49258.0,77420.0,2790.0,Critical,65564.0
Whse_C,Product_1643,14653,14156,52016.0,80043.0,2473.0,Critical,65390.0
Whse_S,Product_0996,73628,23502,89997.0,138583.0,1069.0,Critical,64955.0
Whse_J,Product_1410,21181,15081,50823.0,86077.0,6580.0,Critical,64896.0
Whse_J,Product_0962,29796,27723,56953.0,94619.0,1057.0,Critical,64823.0
Whse_J,Product_1378,32415,25629,55826.0,95617.0,16995.0,Critical,63202.0
Whse_A,Product_1250,8983,8953,48536.0,72176.0,9263.0,Critical,63193.0
Whse_C,Product_1520,39946,39946,61977.0,102842.0,6117.0,Critical,62896.0
Whse_J,Product_1274,58651,52646,81954.0,121103.0,13306.0,Critical,62452.0
Whse_J,Product_0129,15809,15695,51301.0,78207.0,921.0,Critical,62398.0
Whse_J,Product_1047,112555,109341,76187.0,174854.0,2321.0,Critical,62299.0
Whse_J,Product_1581,42899,35992,75772.0,105172.0,6059.0,Critical,62273.0
Whse_J,Product_1832,26432,21737,38960.0,88658.0,1148.0,Critical,62226.0
Whse_J,Product_1148,26849,24332,40896.0,88731.0,2461.0,Critical,61882.0
Whse_C,Product_1528,21334,21113,32872.0,83187.0,983.0,Critical,61853.0
Whse_J,Product_1554,75182,25958,73848.0,136992.0,4971.0,Critical,61810.0
Whse_C,Product_0368,27175,27010,50656.0,88822.0,2261.0,Critical,61647.0
Whse_J,Product_1460,28227,28072,59052.0,89441.0,2463.0,Critical,61214.0
Whse_C,Product_1394,121995,121765,137077.0,180905.0,8725.0,Critical,58910.0
Whse_J,Product_1373,4803,4108,39831.0,63452.0,1635.0,Critical,58649.0
Whse_J,Product_1221,69633,65416,52693.0,127872.0,1875.0,Critical,58239.0
Whse_A,Product_1548,24143,24109,59300.0,82083.0,4008.0,Critical,57940.0
Whse_J,Product_2036,86227,77407,52175.0,143844.0,1140.0,Critical,57617.0
Whse_C,Product_1967,17011,16979,43555.0,74512.0,1312.0,Critical,57501.0
Whse_J,Product_2048,54189,32806,37929.0,110882.0,1529.0,Critical,56693.0
Whse_J,Product_1000,10892,9431,43849.0,66489.0,3403.0,Critical,55597.0
Whse_J,Product_1376,47826,25127,45995.0,103381.0,3945.0,Critical,55555.0
Whse_J,Product_1821,48732,32029,41580.0,103677.0,1821.0,Critical,54945.0
Whse_J,Product_1349,14765,14578,34065.0,68787.0,4392.0,Critical,54022.0
Whse_J,Product_1452,26459,14052,39484.0,80425.0,3940.0,Critical,53966.0
Whse_A,Product_0424,68068,68029,61067.0,121269.0,4313.0,Critical,53201.0
Whse_J,Product_1521,53017,40759,53621.0,104992.0,8474.0,Critical,51975.0
Whse_J,Product_1134,26908,24010,58502.0,78134.0,3127.0,Critical,51226.0
Whse_J,Product_1643,28937,23910,52016.0,80043.0,2473.0,Critical,51106.0
Whse_C,Product_1465,58806,58552,60842.0,109822.0,3647.0,Critical,51016.0
Whse_J,Product_1404,26492,22584,49258.0,77420.0,2790.0,Critical,50928.0
Whse_J,Product_1838,36500,23079,37008.0,86989.0,1681.0,Critical,50489.0
Whse_C,Product_1198,11759,11637,33658.0,61155.0,2694.0,Critical,49396.0
Whse_J,Product_1253,29345,26466,37537.0,77680.0,2705.0,Critical,48335.0
Whse_J,Product_0677,5854,4785,37712.0,54178.0,2730.0,Critical,48324.0
Whse_J,Product_1199,32245,25860,33804.0,80325.0,925.0,Critical,48080.0
Whse_J,Product_1250,24737,18903,48536.0,72176.0,9263.0,Critical,47439.0
Whse_C,Product_1601,13518,13421,30264.0,60937.0,1828.0,Critical,47419.0
Whse_J,Product_0930,24801,22771,25383.0,71983.0,3189.0,Critical,47182.0
Whse_C,Product_1564,12505,12503,29620.0,59479.0,837.0,Critical,46974.0
Whse_S,Product_1078,136140,67807,76515.0,183071.0,1791.0,Critical,46931.0
Whse_J,Product_1280,19411,17702,39501.0,66306.0,897.0,Critical,46895.0
Whse_S,Product_0556,12428,10025,33358.0,59281.0,2365.0,Critical,46853.0
Whse_C,Product_0558,10317,10178,22301.0,57062.0,1420.0,Critical,46745.0
Whse_J,Product_1246,39953,33875,55359.0,86662.0,4733.0,Critical,46709.0
Whse_J,Product_1466,24135,16080,49961.0,70263.0,1626.0,Critical,46128.0
Whse_J,Product_0980,17247,15241,36116.0,63209.0,1863.0,Critical,45962.0
Whse_J,Product_1315,30094,21748,45035.0,76038.0,6332.0,Critical,45944.0
Whse_J,Product_1262,19096,10799,39357.0,64763.0,5191.0,Critical,45667.0
Whse_J,Product_1418,37413,12311,57050.0,82454.0,2554.0,Critical,45041.0
Whse_C,Product_1299,32353,32258,55107.0,77110.0,4320.0,Critical,44757.0
Whse_J,Product_0054,11490,10860,24139.0,55539.0,1727.0,Critical,44049.0
Whse_C,Product_1243,11359,11352,23539.0,55258.0,2670.0,Critical,43899.0
Whse_J,Product_2047,56302,24632,27316.0,98223.0,2297.0,Critical,41921.0
Whse_J,Product_1988,52068,16398,49530.0,93827.0,1023.0,Critical,41759.0
Whse_J,Product_1345,13137,10753,30212.0,54856.0,1455.0,Critical,41719.0
Whse_J,Product_1272,20416,17265,28902.0,62099.0,2150.0,Critical,41683.0
Whse_A,Product_0980,21628,21627,36116.0,63209.0,1863.0,Critical,41581.0
Whse_A,Product_1000,25348,25301,43849.0,66489.0,3403.0,Critical,41141.0
Whse_J,Product_1243,14206,13593,23539.0,55258.0,2670.0,Critical,41052.0
Whse_C,Product_1353,12377,12347,18600.0,52911.0,1613.0,Critical,40534.0
Whse_A,Product_1154,12694,12681,28311.0,53202.0,2855.0,Critical,40508.0
Whse_J,Product_1505,18611,12280,25242.0,58817.0,1419.0,Critical,40206.0
Whse_J,Product_1381,41372,23719,37177.0,81395.0,9675.0,Critical,40023.0
Whse_C,Product_1354,35543,35403,45689.0,75167.0,3409.0,Critical,39624.0
Whse_J,Product_1247,14234,9860,42951.0,53845.0,3617.0,Critical,39611.0
Whse_J,Product_1362,27413,20338,13924.0,66804.0,1641.0,Critical,39391.0
Whse_A,Product_1505,19906,19876,25242.0,58817.0,1419.0,Critical,38911.0
Whse_C,Product_1439,9698,9634,38744.0,48214.0,3892.0,Critical,38516.0
Whse_S,Product_1404,39107,19656,49258.0,77420.0,2790.0,Critical,38313.0
Whse_J,Product_1789,65630,19142,45462.0,103745.0,1691.0,Critical,38115.0
Whse_J,Product_0832,9870,9845,24391.0,47800.0,1918.0,Critical,37930.0
Whse_J,Product_1023,4736,4178,32756.0,42644.0,4820.0,Critical,37908.0
Whse_J,Product_1453,42316,38161,48384.0,80167.0,14990.0,Critical,37851.0
Whse_C,Product_0556,21669,21564,33358.0,59281.0,2365.0,Critical,37612.0
Whse_C,Product_1450,34141,34029,51565.0,71725.0,7598.0,Critical,37584.0
Whse_J,Product_0070,58644,58360,70919.0,96028.0,5586.0,Critical,37384.0
Whse_J,Product_1210,35469,32049,24401.0,72662.0,1628.0,Critical,37193.0
Whse_J,Product_1483,58133,42737,48528.0,95035.0,3914.0,Critical,36902.0
Whse_J,Product_1527,8526,7326,17846.0,45214.0,836.0,Critical,36688.0
Whse_J,Product_1154,16718,12598,28311.0,53202.0,2855.0,Critical,36484.0
Whse_A,Product_1104,3477,3455,28905.0,39732.0,1625.0,Critical,36255.0
Whse_J,Product_1104,3797,3380,28905.0,39732.0,1625.0,Critical,35935.0
Whse_J,Product_0062,7293,6988,22984.0,43069.0,1420.0,Critical,35776.0
Whse_A,Product_1512,9207,9117,33210.0,44940.0,6742.0,Critical,35733.0
Whse_J,Product_1456,19705,4868,27172.0,55414.0,8496.0,Critical,35709.0
Whse_C,Product_1568,32481,32335,36743.0,68137.0,1830.0,Critical,35656.0
Whse_C,Product_0374,26746,26710,42626.0,61984.0,2364.0,Critical,35238.0
Whse_C,Product_1610,11323,11292,17269.0,46354.0,1216.0,Critical,35031.0
Whse_J,Product_1637,30904,22871,44865.0,65920.0,3603.0,Critical,35016.0
Whse_J,Product_0941,9996,7569,22597.0,43760.0,3313.0,Critical,33764.0
Whse_S,Product_1101,167494,41967,99272.0,201104.0,1548.0,Critical,33610.0
Whse_C,Product_1512,11375,11144,33210.0,44940.0,6742.0,Critical,33565.0
Whse_J,Product_0690,7329,6605,27069.0,40885.0,1023.0,Critical,33556.0
Whse_J,Product_1408,20130,17459,38001.0,53636.0,1937.0,Critical,33506.0
Whse_J,Product_1450,39696,35571,51565.0,71725.0,7598.0,Critical,32029.0
Whse_A,Product_1846,16482,16197,22504.0,48437.0,2757.0,Critical,31955.0
Whse_C,Product_1023,10697,10610,32756.0,42644.0,4820.0,Critical,31947.0
Whse_C,Product_1135,30346,29905,29103.0,62224.0,4085.0,Critical,31878.0
Whse_A,Product_1461,8256,8212,24534.0,39828.0,3501.0,Critical,31572.0
Whse_S,Product_1216,112808,25616,89911.0,144197.0,4928.0,Critical,31389.0
Whse_J,Product_1484,21343,14157,17283.0,52571.0,1215.0,Critical,31228.0
Whse_J,Product_1833,41828,27502,31445.0,72910.0,2840.0,Critical,31082.0
Whse_C,Product_2015,16012,15827,27256.0,47006.0,2498.0,Critical,30994.0
Whse_J,Product_1316,14043,13980,32780.0,44744.0,4638.0,Critical,30701.0
Whse_J,Product_0021,8723,8543,22792.0,39373.0,2205.0,Critical,30650.0
Whse_A,Product_0422,8721,8710,14379.0,39172.0,1532.0,Critical,30451.0
Whse_J,Product_1288,47062,36301,47595.0,77073.0,3198.0,Critical,30011.0
Whse_J,Product_0032,3045,3038,16099.0,32894.0,1532.0,Critical,29849.0
Whse_C,Product_0038,6424,6424,16386.0,36213.0,1111.0,Critical,29789.0
Whse_J,Product_0126,19676,19399,17724.0,49381.0,802.0,Critical,29705.0
Whse_S,Product_1403,275143,55867,223055.0,304612.0,8693.0,Critical,29469.0
Whse_J,Product_1512,15698,7585,33210.0,44940.0,6742.0,Critical,29242.0
Whse_J,Product_0943,17278,16401,25201.0,46395.0,3960.0,Critical,29117.0
Whse_J,Product_1439,19124,13582,38744.0,48214.0,3892.0,Critical,29090.0
Whse_J,Product_1479,25354,14018,32541.0,54391.0,6090.0,Critical,29037.0
Whse_J,Product_1841,30945,27537,31385.0,59969.0,1749.0,Critical,29024.0
Whse_J,Product_1819,40351,15408,20440.0,69305.0,1273.0,Critical,28954.0
Whse_C,Product_1468,4861,4588,11856.0,33753.0,1618.0,Critical,28892.0
Whse_A,Product_1409,8909,8806,17105.0,37795.0,1414.0,Critical,28886.0
Whse_C,Product_1247,25108,25004,42951.0,53845.0,3617.0,Critical,28737.0
Whse_S,Product_1005,9662,9662,16215.0,37663.0,1035.0,Critical,28001.0
Whse_J,Product_1572,67900,36218,32042.0,95862.0,1693.0,Critical,27962.0
Whse_C,Product_1740,9195,9021,16075.0,37130.0,1593.0,Critical,27935.0
Whse_J,Product_1198,33255,18550,33658.0,61155.0,2694.0,Critical,27900.0
Whse_J,Product_1823,90784,67638,54173.0,118666.0,7343.0,Critical,27882.0
Whse_J,Product_1508,21791,13040,42664.0,49599.0,2967.0,Critical,27808.0
Whse_J,Product_1523,30304,13901,33710.0,57602.0,2378.0,Critical,27298.0
Whse_C,Product_1466,43039,42972,49961.0,70263.0,1626.0,Critical,27224.0
Whse_J,Product_1369,21764,13516,20647.0,48848.0,1126.0,Critical,27084.0
Whse_S,Product_0070,69272,21808,70919.0,96028.0,5586.0,Critical,26756.0
Whse_J,Product_1458,9653,6972,16983.0,36271.0,4209.0,Critical,26618.0
Whse_J,Product_0934,5175,4282,10094.0,31661.0,797.0,Critical,26486.0
Whse_J,Product_0928,14501,14325,19082.0,40933.0,1229.0,Critical,26432.0
Whse_C,Product_0100,31660,31652,19628.0,58057.0,1183.0,Critical,26397.0
Whse_J,Product_1222,8631,6583,24648.0,34614.0,2226.0,Critical,25983.0
Whse_A,Product_1006,9297,9284,19650.0,34941.0,466.0,Critical,25644.0
Whse_J,Product_1273,42584,42218,39222.0,68184.0,1408.0,Critical,25600.0
Whse_A,Product_1469,3530,3501,15503.0,29056.0,1721.0,Critical,25526.0
Whse_C,Product_0553,12160,12138,30218.0,37415.0,1211.0,Critical,25255.0
Whse_J,Product_1564,34300,12889,29620.0,59479.0,837.0,Critical,25179.0
Whse_C,Product_0021,14328,14056,22792.0,39373.0,2205.0,Critical,25045.0
Whse_J,Product_1304,15911,14083,23427.0,40775.0,1395.0,Critical,24864.0
Whse_C,Product_1980,19421,19311,22770.0,44228.0,1388.0,Critical,24807.0
Whse_A,Product_0981,4973,4923,22579.0,29676.0,3184.0,Critical,24703.0
Whse_S,Product_0980,38739,15628,36116.0,63209.0,1863.0,Critical,24470.0
Whse_J,Product_1885,23826,23025,23738.0,47996.0,1090.0,Critical,24170.0
Whse_S,Product_0558,33130,14620,22301.0,57062.0,1420.0,Critical,23932.0
Whse_J,Product_1398,34210,19413,32567.0,58120.0,2114.0,Critical,23910.0
Whse_J,Product_1354,51469,47648,45689.0,75167.0,3409.0,Critical,23698.0
Whse_J,Product_0357,10385,9995,19923.0,33247.0,933.0,Critical,22862.0
Whse_C,Product_0958,6744,6650,11595.0,29524.0,349.0,Critical,22780.0
Whse_J,Product_0981,6929,5418,22579.0,29676.0,3184.0,Critical,22747.0
Whse_C,Product_1997,12112,11753,16218.0,34583.0,1844.0,Critical,22471.0
Whse_A,Product_1481,7904,7859,9865.0,30339.0,1383.0,Critical,22435.0
Whse_J,Product_0975,14500,10758,23347.0,36881.0,1858.0,Critical,22381.0
Whse_C,Product_0202,5078,4901,18116.0,27245.0,3387.0,Critical,22167.0
Whse_J,Product_1030,3601,2513,14803.0,25742.0,2379.0,Critical,22141.0
Whse_J,Product_1487,16676,13132,13591.0,38698.0,817.0,Critical,22022.0
Whse_A,Product_0078,4939,4851,13914.0,26776.0,984.0,Critical,21837.0
Whse_J,Product_1463,7268,3851,14442.0,29104.0,3878.0,Critical,21836.0
Whse_C,Product_1494,4283,4268,15686.0,26108.0,1071.0,Critical,21825.0
Whse_C,Product_1542,12172,11460,15521.0,33824.0,854.0,Critical,21652.0
Whse_C,Product_1479,32755,32741,32541.0,54391.0,6090.0,Critical,21636.0
Whse_J,Product_1224,15526,14662,22610.0,37022.0,4048.0,Critical,21496.0
Whse_J,Product_0078,5328,5064,13914.0,26776.0,984.0,Critical,21448.0
Whse_J,Product_1501,7208,5572,14675.0,28555.0,1561.0,Critical,21347.0
Whse_J,Product_1652,35183,32152,32406.0,56366.0,1294.0,Critical,21183.0
Whse_J,Product_1013,31045,23613,12250.0,52149.0,597.0,Critical,21104.0
Whse_J,Product_1447,6255,5926,9877.0,27318.0,800.0,Critical,21063.0
Whse_J,Product_1469,8147,5378,15503.0,29056.0,1721.0,Critical,20909.0
Whse_A,Product_1416,2603,2595,17331.0,23472.0,2514.0,Critical,20869.0
Whse_J,Product_1211,27250,22677,19453.0,47924.0,902.0,Critical,20674.0
Whse_J,Product_0081,2828,2373,11550.0,22896.0,2763.0,Critical,20068.0
Whse_J,Product_1459,14323,7162,14260.0,34264.0,3447.0,Critical,19941.0
Whse_J,Product_1824,64104,62696,35170.0,83888.0,3067.0,Critical,19784.0
Whse_C,Product_1387,4053,3468,13929.0,23827.0,3181.0,Critical,19774.0
Whse_A,Product_1427,2122,2115,15183.0,21815.0,2348.0,Critical,19693.0
Whse_C,Product_1352,7111,6961,14608.0,26702.0,2139.0,Critical,19591.0
Whse_A,Product_0202,8023,7903,18116.0,27245.0,3387.0,Critical,19222.0
Whse_J,Product_1580,11621,3322,23267.0,30832.0,1289.0,Critical,19211.0
Whse_J,Product_0356,8891,8007,12401.0,28080.0,701.0,Critical,19189.0
Whse_A,Product_1387,4699,4644,13929.0,23827.0,3181.0,Critical,19128.0
Whse_J,Product_1997,15463,13174,16218.0,34583.0,1844.0,Critical,19120.0
Whse_C,Product_1969,7356,7211,14784.0,26454.0,1912.0,Critical,19098.0
Whse_J,Product_1830,25036,7938,22274.0,44025.0,401.0,Critical,18989.0
Whse_J,Product_1236,9838,8182,13147.0,28657.0,1536.0,Critical,18819.0
Whse_C,Product_1402,7975,7875,19584.0,26586.0,3151.0,Critical,18611.0
Whse_C,Product_2021,3058,1964,11096.0,21613.0,756.0,Critical,18555.0
Whse_A,Product_1402,8169,8155,19584.0,26586.0,3151.0,Critical,18417.0
Whse_J,Product_1153,187483,185026,103707.0,205774.0,4956.0,Critical,18291.0
Whse_C,Product_1298,3689,3481,10901.0,21949.0,897.0,Critical,18260.0
Whse_J,Product_1219,6348,5948,7894.0,24541.0,1170.0,Critical,18193.0
Whse_A,Product_0999,23970,23929,6667.0,42108.0,625.0,Critical,18138.0
Whse_J,Product_1167,73873,73494,59105.0,91882.0,2795.0,Critical,18009.0
Whse_J,Product_1846,30512,18694,22504.0,48437.0,2757.0,Critical,17925.0
Whse_C,Product_1132,6044,5930,13384.0,23914.0,685.0,Critical,17870.0
Whse_J,Product_1135,44505,42262,29103.0,62224.0,4085.0,Critical,17719.0
Whse_J,Product_1427,4184,2863,15183.0,21815.0,2348.0,Critical,17631.0
Whse_J,Product_1240,10592,4202,12840.0,28188.0,1970.0,Critical,17596.0
Whse_A,Product_0081,5341,5326,11550.0,22896.0,2763.0,Critical,17555.0
Whse_J,Product_1547,20420,11269,19885.0,37861.0,686.0,Critical,17441.0
Whse_J,Product_1239,21907,7187,23833.0,39296.0,2937.0,Critical,17389.0
Whse_A,Product_1424,3659,3604,14185.0,20917.0,3259.0,Critical,17258.0
Whse_J,Product_0979,4120,2295,16771.0,21285.0,5068.0,Critical,17165.0
Whse_S,Product_1431,243494,51859,167931.0,260658.0,7311.0,Critical,17164.0
Whse_A,Product_1298,5251,5172,10901.0,21949.0,897.0,Critical,16698.0
Whse_J,Product_0036,2661,2404,9391.0,19317.0,1578.0,Critical,16656.0
Whse_A,Product_1519,2671,2531,12298.0,19213.0,1735.0,Critical,16542.0
Whse_S,Product_0379,30167,17359,24232.0,46682.0,1515.0,Critical,16515.0
Whse_S,Product_0374,45474,17425,42626.0,61984.0,2364.0,Critical,16510.0
Whse_J,Product_1582,27042,22172,21969.0,43484.0,1195.0,Critical,16442.0
Whse_J,Product_1218,11410,4657,11734.0,27813.0,626.0,Critical,16403.0
Whse_A,Product_0635,2728,2688,7225.0,19131.0,582.0,Critical,16403.0
Whse_J,Product_1515,16485,9257,16521.0,32844.0,2732.0,Critical,16359.0
Whse_J,Product_1377,44208,37791,38328.0,60447.0,12502.0,Critical,16239.0
Whse_A,Product_1284,8069,8052,20747.0,24076.0,2445.0,Critical,16007.0
Whse_A,Product_1419,3103,3041,12958.0,19087.0,2721.0,Critical,15984.0
Whse_A,Product_1443,3921,3909,11943.0,19733.0,1117.0,Critical,15812.0
Whse_J,Product_1468,18041,8712,11856.0,33753.0,1618.0,Critical,15712.0
Whse_S,Product_0979,5819,2752,16771.0,21285.0,5068.0,Critical,15466.0
Whse_S,Product_1904,486882,63267,384876.0,502288.0,4945.0,Critical,15406.0
Whse_A,Product_0935,7838,7734,7449.0,23065.0,943.0,Critical,15227.0
Whse_A,Product_0984,6215,6177,15874.0,21295.0,2411.0,Critical,15080.0
Whse_A,Product_0979,6606,6561,16771.0,21285.0,5068.0,Critical,14679.0
Whse_J,Product_1481,15734,5517,9865.0,30339.0,1383.0,Critical,14605.0
Whse_J,Product_1542,19247,12519,15521.0,33824.0,854.0,Critical,14577.0
Whse_J,Product_1225,6295,5882,11462.0,20675.0,1255.0,Critical,14380.0
Whse_J,Product_0984,7176,2842,15874.0,21295.0,2411.0,Critical,14119.0
Whse_J,Product_1419,5015,2322,12958.0,19087.0,2721.0,Critical,14072.0
Whse_C,Product_1970,25416,25216,30726.0,39422.0,6201.0,Critical,14006.0
Whse_J,Product_1036,2065,2039,7856.0,16065.0,415.0,Critical,14000.0
Whse_J,Product_0367,2898,2441,5716.0,16674.0,1018.0,Critical,13776.0
Whse_C,Product_0147,5804,5766,5661.0,19552.0,790.0,Critical,13748.0
Whse_J,Product_0976,1585,1537,9507.0,15300.0,1062.0,Critical,13715.0
Whse_J,Product_0031,8111,8060,13605.0,21778.0,2560.0,Critical,13667.0
Whse_S,Product_0553,23916,3834,30218.0,37415.0,1211.0,Critical,13499.0
Whse_S,Product_0391,38345,6991,11802.0,51802.0,469.0,Critical,13457.0
Whse_A,Product_0427,17763,17704,21189.0,31166.0,1856.0,Critical,13403.0
Whse_C,Product_0036,6026,5869,9391.0,19317.0,1578.0,Critical,13291.0
Whse_J,Product_1352,13450,6768,14608.0,26702.0,2139.0,Critical,13252.0
Whse_A,Product_0420,46598,46548,27164.0,59830.0,1928.0,Critical,13232.0
Whse_J,Product_1284,10860,10125,20747.0,24076.0,2445.0,Critical,13216.0
Whse_C,Product_2001,3438,3297,8876.0,16632.0,1315.0,Critical,13194.0
Whse_J,Product_1204,7196,4568,5229.0,20347.0,869.0,Critical,13151.0
Whse_C,Product_1401,5364,5228,8645.0,18499.0,4333.0,Critical,13135.0
Whse_A,Product_0976,2170,2107,9507.0,15300.0,1062.0,Critical,13130.0
Whse_J,Product_0479,5252,4517,8914.0,17763.0,840.0,Critical,12511.0
Whse_A,Product_1629,4180,4035,13979.0,16690.0,1543.0,Critical,12510.0
Whse_J,Product_1266,14453,12458,17634.0,26860.0,3111.0,Critical,12407.0
Whse_J,Product_1387,11449,8876,13929.0,23827.0,3181.0,Critical,12378.0
Whse_J,Product_1474,21147,9012,15865.0,33467.0,534.0,Critical,12320.0
Whse_J,Product_0937,7802,7724,8112.0,20093.0,1751.0,Critical,12291.0
Whse_A,Product_1444,4367,4322,9414.0,16647.0,921.0,Critical,12280.0
Whse_A,Product_1392,6038,5997,7674.0,18228.0,1951.0,Critical,12190.0
Whse_C,Product_0193,2537,2407,7576.0,14564.0,1032.0,Critical,12027.0
Whse_J,Product_1314,4627,2468,8848.0,16560.0,2958.0,Critical,11933.0
Whse_J,Product_0012,9096,8967,10804.0,21017.0,3885.0,Critical,11921.0
Whse_A,Product_1503,3865,3723,7334.0,15697.0,1218.0,Critical,11832.0
Whse_A,Product_1442,2572,2550,8382.0,14293.0,596.0,Critical,11721.0
Whse_J,Product_0037,5793,5754,7525.0,17429.0,1240.0,Critical,11636.0
Whse_J,Product_0355,18441,18373,15851.0,30073.0,2431.0,Critical,11632.0
Whse_J,Product_1160,7990,6877,8351.0,19551.0,884.0,Critical,11561.0
Whse_J,Product_1374,22578,12932,23298.0,33782.0,2904.0,Critical,11204.0
Whse_A,Product_1420,4592,4322,10475.0,15787.0,2276.0,Critical,11195.0
Whse_J,Product_0942,3468,2475,10997.0,14603.0,2176.0,Critical,11135.0
Whse_J,Product_1297,7995,2808,8834.0,19125.0,1011.0,Critical,11130.0
Whse_A,Product_1384,2359,2343,7709.0,13403.0,917.0,Critical,11044.0
Whse_J,Product_0101,6258,6146,5145.0,17293.0,766.0,Critical,11035.0
Whse_A,Product_1636,2033,1973,6749.0,13051.0,734.0,Critical,11018.0
Whse_C,Product_1344,2651,2327,9307.0,13556.0,2318.0,Critical,10905.0
Whse_C,Product_1545,4420,4276,5274.0,15056.0,459.0,Critical,10636.0
Whse_J,Product_1106,4621,3072,9407.0,15232.0,948.0,Critical,10611.0
Whse_J,Product_0973,2394,1801,7795.0,12455.0,1417.0,Critical,10061.0
Whse_J,Product_1220,37327,35253,27384.0,47374.0,1797.0,Critical,10047.0
Whse_C,Product_1991,2249,1968,8160.0,12263.0,3127.0,Critical,10014.0
Whse_A,Product_0973,2445,2416,7795.0,12455.0,1417.0,Critical,10010.0
Whse_A,Product_1518,1025,978,5142.0,11023.0,945.0,Critical,9998.0
Whse_A,Product_0987,2781,2735,7952.0,12775.0,948.0,Critical,9994.0
Whse_J,Product_1905,39897,11927,24212.0,49799.0,1659.0,Critical,9902.0
Whse_J,Product_1533,23721,10511,13585.0,33464.0,1017.0,Critical,9743.0
Whse_S,Product_1285,30931,17230,18126.0,40643.0,1861.0,Critical,9712.0
Whse_C,Product_1190,10586,10423,8651.0,20219.0,1275.0,Critical,9633.0
Whse_A,Product_1002,7808,7744,11285.0,17375.0,1114.0,Critical,9567.0
Whse_C,Product_1835,57100,56526,29803.0,66607.0,2167.0,Critical,9507.0
Whse_A,Product_0122,637,611,6083.0,10087.0,1040.0,Critical,9450.0
Whse_J,Product_2031,4138,3037,6351.0,13518.0,432.0,Critical,9380.0
Whse_C,Product_0191,4422,4409,8303.0,13786.0,2575.0,Critical,9364.0
Whse_J,Product_1494,16785,7270,15686.0,26108.0,1071.0,Critical,9323.0
Whse_J,Product_0407,2924,2443,6539.0,12189.0,1095.0,Critical,9265.0
Whse_J,Product_1401,9270,6013,8645.0,18499.0,4333.0,Critical,9229.0
Whse_J,Product_0055,4717,4400,2956.0,13929.0,568.0,Critical,9212.0
Whse_J,Product_1351,14414,10615,13455.0,23607.0,1362.0,Critical,9193.0
Whse_J,Product_0020,3109,2450,8551.0,12165.0,2605.0,Critical,9056.0
Whse_A,Product_0193,5588,5559,7576.0,14564.0,1032.0,Critical,8976.0
Whse_J,Product_1209,6639,2428,7337.0,15602.0,791.0,Critical,8963.0
Whse_A,Product_0997,4025,3963,6255.0,12953.0,1237.0,Critical,8928.0
Whse_J,Product_0086,15165,15000,16633.0,24072.0,2701.0,Critical,8907.0
Whse_A,Product_1314,7680,7652,8848.0,16560.0,2958.0,Critical,8880.0
Whse_J,Product_0107,20453,20077,15845.0,29331.0,1762.0,Critical,8878.0
Whse_J,Product_0018,7120,6899,8701.0,15950.0,1736.0,Critical,8830.0
Whse_A,Product_0191,4961,4960,8303.0,13786.0,2575.0,Critical,8825.0
Whse_A,Product_0421,2538,2514,4961.0,11312.0,836.0,Critical,8774.0
Whse_J,Product_0478,6001,4825,7181.0,14701.0,1338.0,Critical,8700.0
Whse_A,Product_0937,11532,11505,8112.0,20093.0,1751.0,Critical,8561.0
Whse_J,Product_1629,8132,5183,13979.0,16690.0,1543.0,Critical,8558.0
Whse_J,Product_1371,13249,7464,12958.0,21756.0,2074.0,Critical,8507.0
Whse_J,Product_0178,3376,3105,9497.0,11767.0,1590.0,Critical,8391.0
Whse_J,Product_0935,14816,12368,7449.0,23065.0,943.0,Critical,8249.0
Whse_A,Product_1464,2760,2734,8704.0,10917.0,3569.0,Critical,8157.0
Whse_A,Product_1539,2753,2664,7577.0,10860.0,2116.0,Critical,8107.0
Whse_J,Product_1507,18426,14896,10192.0,26488.0,1207.0,Critical,8062.0
Whse_J,Product_1380,16224,9811,16581.0,24248.0,1627.0,Critical,8024.0
Whse_J,Product_0932,11191,9462,11597.0,19161.0,2013.0,Critical,7970.0
Whse_C,Product_2004,5645,5487,7478.0,13605.0,2055.0,Critical,7960.0
Whse_C,Product_0288,1731,1599,5642.0,9616.0,1577.0,Critical,7885.0
Whse_A,Product_0288,1740,1731,5642.0,9616.0,1577.0,Critical,7876.0
Whse_A,Product_1848,5143,4990,5516.0,12966.0,1377.0,Critical,7823.0
Whse_S,Product_1581,97359,17837,75772.0,105172.0,6059.0,Critical,7813.0
Whse_J,Product_0206,1812,1618,6710.0,9520.0,3143.0,Critical,7708.0
Whse_J,Product_0015,11762,11717,7015.0,19447.0,637.0,Critical,7685.0
Whse_J,Product_1514,19175,7023,14810.0,26799.0,1850.0,Critical,7624.0
Whse_J,Product_0053,6102,6080,3547.0,13644.0,991.0,Critical,7542.0
Whse_J,Product_0987,5235,2272,7952.0,12775.0,948.0,Critical,7540.0
Whse_J,Product_0288,2096,1117,5642.0,9616.0,1577.0,Critical,7520.0
Whse_J,Product_0214,4314,3532,8529.0,11794.0,1050.0,Critical,7480.0
Whse_C,Product_1600,12528,12165,7202.0,19996.0,1108.0,Critical,7468.0
Whse_C,Product_1733,2569,2446,6162.0,9955.0,1394.0,Critical,7386.0
Whse_J,Product_1436,7755,7210,8120.0,15111.0,1750.0,Critical,7356.0
Whse_A,Product_1478,4440,4253,5868.0,11795.0,3059.0,Critical,7355.0
Whse_J,Product_2006,3550,3461,6766.0,10889.0,1642.0,Critical,7339.0
Whse_A,Product_1423,1766,1713,6101.0,9094.0,1343.0,Critical,7328.0
Whse_J,Product_0061,3745,3699,4094.0,10992.0,543.0,Critical,7247.0
Whse_J,Product_0045,5167,5130,4004.0,12375.0,319.0,Critical,7208.0
Whse_A,Product_0206,2453,2436,6710.0,9520.0,3143.0,Critical,7067.0
Whse_J,Product_0052,3422,2761,4823.0,10383.0,1266.0,Critical,6961.0
Whse_C,Product_0012,14100,13939,10804.0,21017.0,3885.0,Critical,6917.0
Whse_A,Product_1622,2063,2061,5221.0,8909.0,1863.0,Critical,6846.0
Whse_A,Product_0417,4948,4917,5381.0,11779.0,1029.0,Critical,6831.0
Whse_J,Product_1612,9553,5589,8029.0,16352.0,1155.0,Critical,6799.0
Whse_J,Product_1634,11285,9256,8930.0,18063.0,709.0,Critical,6778.0
Whse_J,Product_0011,3687,3605,6502.0,10418.0,2390.0,Critical,6731.0
Whse_C,Product_0206,2818,2666,6710.0,9520.0,3143.0,Critical,6702.0
Whse_C,Product_2003,2716,2422,4328.0,9365.0,740.0,Critical,6649.0
Whse_J,Product_0179,2522,2125,4905.0,9122.0,1127.0,Critical,6600.0
Whse_C,Product_0477,2268,2217,2144.0,8822.0,430.0,Critical,6554.0
Whse_J,Product_1306,7449,4331,7061.0,13890.0,1389.0,Critical,6441.0
Whse_J,Product_1424,14486,5205,14185.0,20917.0,3259.0,Critical,6431.0
Whse_A,Product_2138,704,641,4345.0,7119.0,1664.0,Critical,6415.0
Whse_C,Product_1602,1804,1547,2997.0,8218.0,483.0,Critical,6414.0
Whse_J,Product_1519,12834,8144,12298.0,19213.0,1735.0,Critical,6379.0
Whse_J,Product_0408,4260,3610,6036.0,10629.0,3147.0,Critical,6369.0
Whse_J,Product_0991,5459,2954,4790.0,11812.0,759.0,Critical,6353.0
Whse_C,Product_0870,12603,12426,8912.0,18929.0,972.0,Critical,6326.0
Whse_J,Product_1213,4638,2253,6352.0,10816.0,2320.0,Critical,6178.0
Whse_J,Product_1416,17328,2552,17331.0,23472.0,2514.0,Critical,6144.0
Whse_J,Product_1464,4774,1764,8704.0,10917.0,3569.0,Critical,6143.0
Whse_J,Product_1015,3855,1390,5882.0,9941.0,1231.0,Critical,6086.0
Whse_A,Product_1429,2515,2513,5292.0,8587.0,1200.0,Critical,6072.0
Whse_A,Product_0123,965,934,3670.0,6875.0,2885.0,Critical,5910.0
Whse_S,Product_0935,17175,4870,7449.0,23065.0,943.0,Critical,5890.0
Whse_A,Product_0989,2651,2634,3444.0,8527.0,2072.0,Critical,5876.0
Whse_C,Product_0194,2958,2913,4579.0,8805.0,1409.0,Critical,5847.0
Whse_C,Product_2138,1273,1132,4345.0,7119.0,1664.0,Critical,5846.0
Whse_J,Product_1765,8137,2975,9871.0,13979.0,1903.0,Critical,5842.0
Whse_J,Product_1440,16828,5831,10461.0,22668.0,1064.0,Critical,5840.0
Whse_J,Product_0431,2733,2475,2933.0,8471.0,636.0,Critical,5738.0
Whse_J,Product_0995,2470,1345,4403.0,8154.0,887.0,Critical,5684.0
Whse_J,Product_0014,10599,10441,7408.0,16273.0,1897.0,Critical,5674.0
Whse_J,Product_0358,3537,3354,2920.0,9194.0,269.0,Critical,5657.0
Whse_J,Product_0025,3763,3378,5239.0,9418.0,1743.0,Critical,5655.0
Whse_J,Product_0475,3601,2558,2369.0,9241.0,410.0,Critical,5640.0
Whse_J,Product_1402,21103,9947,19584.0,26586.0,3151.0,Critical,5483.0
Whse_A,Product_1630,2337,2305,4588.0,7812.0,779.0,Critical,5475.0
Whse_A,Product_1422,3977,3920,6222.0,9441.0,1661.0,Critical,5464.0
Whse_A,Product_0995,2713,2697,4403.0,8154.0,887.0,Critical,5441.0
Whse_A,Product_0416,1727,1683,3608.0,7103.0,297.0,Critical,5376.0
Whse_C,Product_1587,1771,1691,4332.0,7132.0,873.0,Critical,5361.0
Whse_J,Product_1375,74095,73578,50129.0,79451.0,5541.0,Critical,5356.0
Whse_J,Product_1309,11679,5383,13851.0,17026.0,3002.0,Critical,5347.0
Whse_A,Product_0415,13294,13286,13055.0,18604.0,1366.0,Critical,5310.0
Whse_J,Product_1522,17115,10110,8745.0,22413.0,572.0,Critical,5298.0
Whse_C,Product_1593,6121,5766,6229.0,11417.0,1733.0,Critical,5296.0
Whse_C,Product_1227,3338,3170,3654.0,8621.0,720.0,Critical,5283.0
Whse_J,Product_1462,1774,1041,1962.0,6985.0,413.0,Critical,5211.0
Whse_C,Product_0209,3707,3639,5355.0,8908.0,1823.0,Critical,5201.0
Whse_A,Product_0321,1153,1145,2770.0,6353.0,162.0,Critical,5200.0
Whse_J,Product_1449,9251,5773,3671.0,14446.0,482.0,Critical,5195.0
Whse_J,Product_1495,1206,1146,3556.0,6328.0,1023.0,Critical,5122.0
Whse_A,Product_1249,6912,6869,4826.0,12005.0,1505.0,Critical,5093.0
Whse_C,Product_0550,4948,4838,3032.0,10009.0,686.0,Critical,5061.0
Whse_C,Product_1131,2896,2449,1275.0,7901.0,288.0,Critical,5005.0
Whse_A,Product_1368,3278,3254,5326.0,8274.0,2228.0,Critical,4996.0
Whse_J,Product_1014,2449,1442,2512.0,7359.0,928.0,Critical,4910.0
Whse_J,Product_1034,3287,1706,2835.0,8190.0,1776.0,Critical,4903.0
Whse_J,Product_1994,3506,2341,4654.0,8408.0,763.0,Critical,4902.0
Whse_J,Product_1275,4012,1423,4362.0,8912.0,1417.0,Critical,4900.0
Whse_J,Product_0019,5129,4306,4433.0,10004.0,840.0,Critical,4875.0
Whse_A,Product_0986,2664,2664,3883.0,7524.0,643.0,Critical,4860.0
Whse_C,Product_0195,2257,2131,3584.0,7080.0,560.0,Critical,4823.0
Whse_A,Product_0418,16877,16839,14053.0,21695.0,1908.0,Critical,4818.0
Whse_J,Product_0974,4759,3765,3839.0,9572.0,1202.0,Critical,4813.0
Whse_J,Product_0097,2500,2170,3508.0,7309.0,1248.0,Critical,4809.0
Whse_J,Product_1831,14193,9026,8708.0,18931.0,659.0,Critical,4738.0
Whse_A,Product_0209,4197,4193,5355.0,8908.0,1823.0,Critical,4711.0
Whse_A,Product_0977,868,861,2963.0,5524.0,1615.0,Critical,4656.0
Whse_A,Product_1017,1546,1532,3811.0,6198.0,1871.0,Critical,4652.0
Whse_J,Product_1650,14170,3772,6439.0,18822.0,384.0,Critical,4652.0
Whse_J,Product_0039,1592,1173,2455.0,6240.0,480.0,Critical,4648.0
Whse_A,Product_1445,8834,8811,8319.0,13453.0,861.0,Critical,4619.0
Whse_J,Product_0088,2659,2339,4007.0,7274.0,558.0,Critical,4615.0
Whse_J,Product_0016,9437,9089,8057.0,13962.0,3433.0,Critical,4525.0
Whse_J,Product_1576,6835,6473,6719.0,11319.0,275.0,Critical,4484.0
Whse_J,Product_1289,18349,3312,11866.0,22823.0,1793.0,Critical,4474.0
Whse_J,Product_0200,1109,686,3343.0,5566.0,2934.0,Critical,4457.0
Whse_A,Product_1004,795,778,1598.0,5251.0,384.0,Critical,4456.0
Whse_J,Product_1252,1791,608,2576.0,6230.0,913.0,Critical,4439.0
Whse_J,Product_2005,14425,2126,3967.0,18856.0,606.0,Critical,4431.0
Whse_J,Product_0080,1593,1552,4398.0,6022.0,1019.0,Critical,4429.0
Whse_C,Product_0200,1192,1180,3343.0,5566.0,2934.0,Critical,4374.0
Whse_J,Product_1420,11428,4854,10475.0,15787.0,2276.0,Critical,4359.0
Whse_A,Product_1544,822,755,2244.0,5169.0,666.0,Critical,4347.0
Whse_J,Product_0838,6804,2958,3132.0,11111.0,1237.0,Critical,4307.0
Whse_J,Product_0845,5033,3527,5003.0,9336.0,863.0,Critical,4303.0
Whse_J,Product_0001,3952,3769,5146.0,8255.0,712.0,Critical,4303.0
Whse_J,Product_1313,2935,1672,3659.0,7229.0,910.0,Critical,4294.0
Whse_J,Product_1265,9482,3025,8401.0,13768.0,847.0,Critical,4286.0
Whse_C,Product_0551,4724,4638,3606.0,8935.0,830.0,Critical,4211.0
Whse_J,Product_1261,3823,1314,3651.0,8010.0,433.0,Critical,4187.0
Whse_A,Product_1560,3056,2922,3960.0,7198.0,1329.0,Critical,4142.0
Whse_A,Product_0200,1436,1432,3343.0,5566.0,2934.0,Critical,4130.0
Whse_J,Product_1173,40932,36100,18425.0,45007.0,724.0,Critical,4075.0
Whse_J,Product_0013,1246,1130,3924.0,5310.0,917.0,Critical,4064.0
Whse_J,Product_0378,1243,886,1374.0,5300.0,1214.0,Critical,4057.0
Whse_J,Product_1446,9130,3793,2942.0,13160.0,1024.0,Critical,4030.0
Whse_J,Product_0069,1633,1309,3688.0,5653.0,892.0,Critical,4020.0
Whse_A,Product_1022,2511,2418,3546.0,6521.0,452.0,Critical,4010.0
Whse_J,Product_1300,5612,753,6510.0,9599.0,586.0,Critical,3987.0
Whse_J,Product_0989,4571,838,3444.0,8527.0,2072.0,Critical,3956.0
Whse_J,Product_0986,3627,2874,3883.0,7524.0,643.0,Critical,3897.0
Whse_J,Product_1032,1076,738,1567.0,4899.0,718.0,Critical,3823.0
Whse_A,Product_0246,777,777,2040.0,4582.0,583.0,Critical,3805.0
Whse_C,Product_1738,8292,8065,6020.0,12096.0,658.0,Critical,3804.0
Whse_A,Product_0097,3522,3511,3508.0,7309.0,1248.0,Critical,3787.0
Whse_J,Product_0034,4040,3205,3065.0,7788.0,1131.0,Critical,3748.0
Whse_J,Product_1782,14790,8612,7004.0,18499.0,1052.0,Critical,3709.0
Whse_J,Product_0183,1174,747,3191.0,4877.0,815.0,Critical,3703.0
Whse_A,Product_0425,2831,2797,3798.0,6512.0,1542.0,Critical,3681.0
Whse_A,Product_1847,1279,1095,2421.0,4894.0,604.0,Critical,3615.0
Whse_J,Product_0226,1158,996,3698.0,4764.0,1722.0,Critical,3606.0
Whse_A,Product_0091,1443,1424,1138.0,5020.0,553.0,Critical,3577.0
Whse_J,Product_1428,2268,1493,2111.0,5783.0,477.0,Critical,3515.0
Whse_J,Product_0929,11692,7655,9334.0,15157.0,2824.0,Critical,3465.0
Whse_A,Product_1535,804,761,2082.0,4266.0,1551.0,Critical,3462.0
Whse_J,Product_1302,2721,2067,3603.0,6160.0,376.0,Critical,3439.0
Whse_C,Product_0250,865,839,2228.0,4279.0,808.0,Critical,3414.0
Whse_A,Product_1495,2927,2874,3556.0,6328.0,1023.0,Critical,3401.0
Whse_J,Product_1223,6996,1432,4307.0,10388.0,954.0,Critical,3392.0
Whse_J,Product_0076,1644,1511,1586.0,5009.0,707.0,Critical,3365.0
Whse_J,Product_1906,28260,10308,16312.0,31624.0,1772.0,Critical,3364.0
Whse_A,Product_2107,1526,1412,1659.0,4883.0,394.0,Critical,3357.0
Whse_J,Product_0008,6113,5907,4266.0,9466.0,521.0,Critical,3353.0
Whse_C,Product_0552,16309,16154,13749.0,19629.0,1526.0,Critical,3320.0
Whse_C,Product_0008,6153,6058,4266.0,9466.0,521.0,Critical,3313.0
Whse_J,Product_1454,11775,2006,7817.0,15068.0,1485.0,Critical,3293.0
Whse_J,Product_0023,2216,1980,2738.0,5504.0,1580.0,Critical,3288.0
Whse_J,Product_1423,5814,3934,6101.0,9094.0,1343.0,Critical,3280.0
Whse_A,Product_1500,1111,1026,2438.0,4373.0,793.0,Critical,3262.0
Whse_A,Product_0212,2196,2159,1744.0,5452.0,779.0,Critical,3256.0
Whse_J,Product_0017,2760,2610,3301.0,6003.0,887.0,Critical,3243.0
Whse_J,Product_1227,5393,4432,3654.0,8621.0,720.0,Critical,3228.0
Whse_J,Product_0090,4652,4484,3282.0,7852.0,820.0,Critical,3200.0
Whse_A,Product_1003,2786,2775,3536.0,5986.0,772.0,Critical,3200.0
Whse_C,Product_0213,647,630,2419.0,3790.0,1102.0,Critical,3143.0
Whse_J,Product_1516,8629,6344,5587.0,11771.0,771.0,Critical,3142.0
Whse_J,Product_0068,2765,2594,1647.0,5876.0,1185.0,Critical,3111.0
Whse_J,Product_0003,1965,1815,1128.0,5061.0,884.0,Critical,3096.0
Whse_A,Product_2082,785,545,2343.0,3878.0,1959.0,Critical,3093.0
Whse_A,Product_1421,3917,3913,5318.0,7002.0,961.0,Critical,3085.0
Whse_C,Product_0226,1715,1532,3698.0,4764.0,1722.0,Critical,3049.0
Whse_J,Product_0406,1444,809,1718.0,4442.0,586.0,Critical,2998.0
Whse_J,Product_1189,1591,1227,1124.0,4564.0,715.0,Critical,2973.0
Whse_J,Product_0217,2283,1353,2362.0,5221.0,645.0,Critical,2938.0
Whse_A,Product_0226,1827,1818,3698.0,4764.0,1722.0,Critical,2937.0
Whse_A,Product_2111,1898,1821,2436.0,4811.0,532.0,Critical,2913.0
Whse_J,Product_1257,1137,1123,2065.0,4043.0,980.0,Critical,2906.0
Whse_C,Product_0204,1208,998,1805.0,4103.0,1024.0,Critical,2895.0
Whse_J,Product_0009,883,849,1082.0,3761.0,935.0,Critical,2878.0
Whse_J,Product_0963,863,758,2303.0,3700.0,1728.0,Critical,2837.0
Whse_C,Product_0215,466,464,2241.0,3277.0,587.0,Critical,2811.0
Whse_C,Product_1847,2093,1560,2421.0,4894.0,604.0,Critical,2801.0
Whse_A,Product_0428,1719,1704,0.0,4500.0,270.0,Critical,2781.0
Whse_C,Product_0889,3404,3147,2888.0,6175.0,501.0,Critical,2771.0
Whse_J,Product_0564,2150,1894,3173.0,4918.0,506.0,Critical,2768.0
Whse_A,Product_0287,702,698,1898.0,3454.0,907.0,Critical,2752.0
Whse_C,Product_0879,2336,2325,2318.0,5058.0,542.0,Critical,2722.0
Whse_J,Product_1229,4488,1900,2922.0,7127.0,525.0,Critical,2639.0
Whse_C,Product_2008,3380,3035,2749.0,6019.0,1110.0,Critical,2639.0
Whse_J,Product_0648,2407,1649,803.0,5045.0,742.0,Critical,2638.0
Whse_C,Product_0891,2047,2028,1663.0,4669.0,429.0,Critical,2622.0
Whse_A,Product_0250,1692,1676,2228.0,4279.0,808.0,Critical,2587.0
Whse_J,Product_1197,2467,1123,1485.0,5004.0,774.0,Critical,2537.0
Whse_S,Product_1744,14537,6487,8862.0,17064.0,1566.0,Critical,2527.0
Whse_A,Product_0204,1578,1555,1805.0,4103.0,1024.0,Critical,2525.0
Whse_C,Product_0559,3205,2982,1957.0,5721.0,541.0,Critical,2516.0
Whse_A,Product_0213,1308,1266,2419.0,3790.0,1102.0,Critical,2482.0
Whse_J,Product_1472,9099,3192,8164.0,11561.0,1788.0,Critical,2462.0
Whse_J,Product_0022,1485,1258,1768.0,3947.0,1616.0,Critical,2462.0
Whse_J,Product_0836,3598,1934,1853.0,6057.0,257.0,Critical,2459.0
Whse_C,Product_2019,2180,2174,2768.0,4635.0,1168.0,Critical,2455.0
Whse_J,Product_0047,1324,1179,1405.0,3772.0,916.0,Critical,2448.0
Whse_J,Product_0229,634,501,1968.0,3068.0,365.0,Critical,2434.0
Whse_A,Product_1978,738,641,1422.0,3165.0,1264.0,Critical,2427.0
Whse_A,Product_1001,11592,11552,11494.0,13972.0,1553.0,Critical,2380.0
Whse_J,Product_0618,783,596,1546.0,3099.0,1249.0,Critical,2316.0
Whse_C,Product_1986,1227,784,1885.0,3503.0,1139.0,Critical,2276.0
Whse_J,Product_0275,1001,659,1543.0,3264.0,931.0,Critical,2263.0
Whse_A,Product_1541,2147,2128,2841.0,4403.0,1094.0,Critical,2256.0
Whse_J,Product_2001,14378,3611,8876.0,16632.0,1315.0,Critical,2254.0
Whse_J,Product_1310,3860,772,2753.0,6092.0,1546.0,Critical,2232.0
Whse_A,Product_1499,1812,1623,1509.0,4020.0,1120.0,Critical,2208.0
Whse_A,Product_1365,739,657,1202.0,2937.0,673.0,Critical,2198.0
Whse_A,Product_1293,418,368,1402.0,2595.0,542.0,Critical,2177.0
Whse_J,Product_0685,1303,899,2515.0,3476.0,739.0,Critical,2173.0
Whse_C,Product_0902,655,615,769.0,2811.0,293.0,Critical,2156.0
Whse_J,Product_0115,1229,1027,1644.0,3345.0,840.0,Critical,2116.0
Whse_J,Product_1391,7995,3832,5305.0,10045.0,1310.0,Critical,2050.0
Whse_J,Product_0250,2245,830,2228.0,4279.0,808.0,Critical,2034.0
Whse_J,Product_0181,897,450,1084.0,2930.0,407.0,Critical,2033.0
Whse_J,Product_1231,3372,1608,720.0,5387.0,384.0,Critical,2015.0
Whse_A,Product_0905,854,795,1769.0,2868.0,953.0,Critical,2014.0
Whse_J,Product_1308,7022,1320,3816.0,9023.0,1447.0,Critical,2001.0
Whse_J,Product_1202,685,424,821.0,2682.0,575.0,Critical,1997.0
Whse_J,Product_0287,1457,799,1898.0,3454.0,907.0,Critical,1997.0
Whse_C,Product_0894,1369,1241,2510.0,3357.0,676.0,Critical,1988.0
Whse_J,Product_1022,4539,2184,3546.0,6521.0,452.0,Critical,1982.0
Whse_C,Product_1599,1101,769,954.0,3061.0,395.0,Critical,1960.0
Whse_A,Product_0650,579,558,643.0,2530.0,704.0,Critical,1951.0
Whse_J,Product_0994,1795,976,1079.0,3738.0,387.0,Critical,1943.0
Whse_J,Product_0382,1939,714,1234.0,3874.0,382.0,Critical,1935.0
Whse_C,Product_0562,4199,4016,2715.0,6124.0,399.0,Critical,1925.0
Whse_J,Product_1415,4317,2421,2241.0,6234.0,406.0,Critical,1917.0
Whse_J,Product_0087,3088,2926,1708.0,4992.0,585.0,Critical,1904.0
Whse_J,Product_0649,2412,1787,1645.0,4315.0,463.0,Critical,1903.0
Whse_C,Product_0892,1341,1145,1106.0,3241.0,676.0,Critical,1900.0
Whse_A,Product_0426,1419,1392,1231.0,3316.0,878.0,Critical,1897.0
Whse_C,Product_0905,982,747,1769.0,2868.0,953.0,Critical,1886.0
Whse_J,Product_1628,11729,8027,4584.0,13610.0,517.0,Critical,1881.0
Whse_J,Product_1009,5850,2246,3682.0,7691.0,935.0,Critical,1841.0
Whse_C,Product_0561,5821,5508,4585.0,7653.0,1061.0,Critical,1832.0
Whse_A,Product_1140,320,281,944.0,2150.0,606.0,Critical,1830.0
Whse_C,Product_0229,1238,757,1968.0,3068.0,365.0,Critical,1830.0
Whse_A,Product_0120,383,354,1099.0,2167.0,559.0,Critical,1784.0
Whse_J,Product_1537,3610,3405,1496.0,5373.0,386.0,Critical,1763.0
Whse_J,Product_0399,823,748,733.0,2582.0,1997.0,Critical,1759.0
Whse_J,Product_1012,611,539,740.0,2363.0,693.0,Critical,1752.0
Whse_J,Product_1017,4463,1250,3811.0,6198.0,1871.0,Critical,1735.0
Whse_J,Product_0067,3974,3437,1308.0,5694.0,241.0,Critical,1720.0
Whse_A,Product_0423,611,585,917.0,2298.0,398.0,Critical,1687.0
Whse_A,Product_0599,467,467,999.0,2142.0,615.0,Critical,1675.0
Whse_C,Product_0940,2167,2053,1900.0,3830.0,1179.0,Critical,1663.0
Whse_A,Product_2089,422,388,1478.0,2077.0,1902.0,Critical,1655.0
Whse_A,Product_2090,600,523,896.0,2244.0,594.0,Critical,1644.0
Whse_J,Product_1651,23449,8493,19060.0,25065.0,1515.0,Critical,1616.0
Whse_J,Product_0905,1271,1029,1769.0,2868.0,953.0,Critical,1597.0
Whse_A,Product_0228,483,473,1556.0,2077.0,1275.0,Critical,1594.0
Whse_C,Product_0884,320,209,956.0,1910.0,143.0,Critical,1590.0
Whse_J,Product_1203,3725,1623,1639.0,5313.0,561.0,Critical,1588.0
Whse_A,Product_1477,2553,2472,1641.0,4138.0,662.0,Critical,1585.0
Whse_J,Product_0841,2137,1570,2165.0,3718.0,677.0,Critical,1581.0
Whse_A,Product_0436,433,425,654.0,2014.0,146.0,Critical,1581.0
Whse_A,Product_0506,7861,7809,1972.0,9408.0,238.0,Critical,1547.0
Whse_A,Product_1417,1872,1810,2642.0,3403.0,886.0,Critical,1531.0
Whse_J,Product_0383,2095,1278,1623.0,3622.0,895.0,Critical,1527.0
Whse_J,Product_0007,832,722,947.0,2351.0,387.0,Critical,1519.0
Whse_A,Product_0140,626,615,1041.0,2138.0,2349.0,Critical,1512.0
Whse_A,Product_1107,1742,1734,1942.0,3251.0,1369.0,Critical,1509.0
Whse_J,Product_0297,982,598,1518.0,2474.0,457.0,Critical,1492.0
Whse_J,Product_0140,654,640,1041.0,2138.0,2349.0,Critical,1484.0
Whse_A,Product_0201,1251,1230,1582.0,2712.0,933.0,Critical,1461.0
Whse_A,Product_1553,800,755,1806.0,2235.0,530.0,Critical,1435.0
Whse_J,Product_0230,736,393,1225.0,2162.0,807.0,Critical,1426.0
Whse_A,Product_0205,147,133,502.0,1559.0,718.0,Critical,1412.0
Whse_A,Product_0245,771,666,1121.0,2178.0,737.0,Critical,1407.0
Whse_J,Product_0046,1807,1355,721.0,3192.0,396.0,Critical,1385.0
Whse_J,Product_1226,5171,1360,3307.0,6548.0,1844.0,Critical,1377.0
Whse_J,Product_1254,1388,1344,1347.0,2759.0,440.0,Critical,1371.0
Whse_J,Product_1271,5654,5099,3681.0,7021.0,1468.0,Critical,1367.0
Whse_A,Product_0190,390,367,632.0,1753.0,461.0,Critical,1363.0
Whse_A,Product_2132,386,362,949.0,1749.0,770.0,Critical,1363.0
Whse_J,Product_0035,2824,2399,3189.0,4182.0,1443.0,Critical,1358.0
Whse_J,Product_0220,1366,1010,1235.0,2696.0,399.0,Critical,1330.0
Whse_A,Product_0636,380,365,594.0,1700.0,414.0,Critical,1320.0
Whse_A,Product_0437,924,239,740.0,2227.0,643.0,Critical,1303.0
Whse_A,Product_0231,686,645,997.0,1987.0,913.0,Critical,1301.0
Whse_J,Product_0224,851,533,812.0,2146.0,952.0,Critical,1295.0
Whse_C,Product_0890,853,665,766.0,2145.0,326.0,Critical,1292.0
Whse_A,Product_1724,393,360,743.0,1679.0,1208.0,Critical,1286.0
Whse_J,Product_1191,17373,2308,5715.0,18656.0,1162.0,Critical,1283.0
Whse_C,Product_1010,6426,5888,3527.0,7709.0,634.0,Critical,1283.0
Whse_C,Product_2167,592,462,997.0,1865.0,2831.0,Critical,1273.0
Whse_A,Product_1007,4487,4325,3377.0,5755.0,671.0,Critical,1268.0
Whse_A,Product_2167,602,553,997.0,1865.0,2831.0,Critical,1263.0
Whse_A,Product_0230,902,891,1225.0,2162.0,807.0,Critical,1260.0
Whse_J,Product_0242,1532,611,1199.0,2754.0,523.0,Critical,1222.0
Whse_A,Product_0211,512,512,1002.0,1722.0,1479.0,Critical,1210.0
Whse_J,Product_0370,1104,716,471.0,2310.0,254.0,Critical,1206.0
Whse_J,Product_0239,805,515,548.0,1986.0,363.0,Critical,1181.0
Whse_J,Product_0188,3121,1289,2100.0,4299.0,1335.0,Critical,1178.0
Whse_A,Product_1448,2087,1960,1361.0,3242.0,246.0,Critical,1155.0
Whse_S,Product_0321,5199,647,2770.0,6353.0,162.0,Critical,1154.0
Whse_C,Product_1597,789,701,571.0,1941.0,332.0,Critical,1152.0
Whse_C,Product_0961,1044,1038,1535.0,2187.0,1965.0,Critical,1143.0
Whse_J,Product_0095,14073,13860,10027.0,15205.0,1617.0,Critical,1132.0
Whse_J,Product_1426,1487,882,855.0,2608.0,479.0,Critical,1121.0
Whse_C,Product_1586,1777,1758,761.0,2897.0,330.0,Critical,1120.0
Whse_J,Product_0983,2399,822,801.0,3506.0,689.0,Critical,1107.0
Whse_J,Product_0252,3059,1102,2082.0,4155.0,745.0,Critical,1096.0
Whse_J,Product_0174,952,698,974.0,2036.0,738.0,Critical,1084.0
Whse_J,Product_0743,323,309,530.0,1406.0,1439.0,Critical,1083.0
Whse_C,Product_0863,3339,3232,1847.0,4422.0,667.0,Critical,1083.0
Whse_J,Product_0138,676,532,1241.0,1751.0,857.0,Critical,1075.0
Whse_A,Product_0349,275,258,699.0,1321.0,2546.0,Critical,1046.0
Whse_J,Product_1413,4531,1067,1531.0,5573.0,838.0,Critical,1042.0
Whse_J,Product_0225,944,941,1471.0,1962.0,802.0,Critical,1018.0
Whse_S,Product_0685,2468,643,2515.0,3476.0,739.0,Critical,1008.0
Whse_J,Product_0676,963,496,653.0,1959.0,598.0,Critical,996.0
Whse_C,Product_0144,3804,3734,2026.0,4795.0,349.0,Critical,991.0
Whse_A,Product_0486,211,194,660.0,1176.0,942.0,Critical,965.0
Whse_A,Product_2052,215,141,357.0,1167.0,574.0,Critical,952.0
Whse_J,Product_0142,829,759,755.0,1777.0,544.0,Critical,948.0
Whse_A,Product_0646,703,519,636.0,1649.0,1083.0,Critical,946.0
Whse_A,Product_2113,393,244,563.0,1338.0,260.0,Critical,945.0
Whse_J,Product_0215,2337,2192,2241.0,3277.0,587.0,Critical,940.0
Whse_J,Product_0606,770,573,947.0,1705.0,1969.0,Critical,935.0
Whse_J,Product_1011,1123,991,929.0,2053.0,963.0,Critical,930.0
Whse_J,Product_0010,281,281,741.0,1210.0,947.0,Critical,929.0
Whse_C,Product_0349,393,185,699.0,1321.0,2546.0,Critical,928.0
Whse_C,Product_1592,511,379,248.0,1419.0,280.0,Critical,908.0
Whse_A,Product_0484,294,278,0.0,1200.0,120.0,Critical,906.0
Whse_A,Product_0208,508,486,739.0,1398.0,1169.0,Critical,890.0
Whse_J,Product_1357,29451,21617,23741.0,30337.0,2895.0,Critical,886.0
Whse_A,Product_0203,1322,1297,487.0,2204.0,206.0,Critical,882.0
Whse_A,Product_0308,387,369,777.0,1264.0,2351.0,Critical,877.0
Whse_A,Product_0207,2539,2526,1592.0,3409.0,383.0,Critical,870.0
Whse_J,Product_0235,1127,608,528.0,1993.0,547.0,Critical,866.0
Whse_A,Product_1143,322,220,435.0,1175.0,1349.0,Critical,853.0
Whse_C,Product_0555,3596,3596,869.0,4445.0,415.0,Critical,849.0
Whse_A,Product_1725,193,174,448.0,1040.0,781.0,Critical,847.0
Whse_J,Product_0050,1410,836,829.0,2254.0,1115.0,Critical,844.0
Whse_C,Product_0876,707,685,499.0,1546.0,125.0,Critical,839.0
Whse_J,Product_1498,648,423,518.0,1469.0,605.0,Critical,821.0
Whse_J,Product_0218,242,241,311.0,1048.0,430.0,Critical,806.0
Whse_J,Product_0284,1332,890,1443.0,2134.0,1062.0,Critical,802.0
Whse_A,Product_0225,1175,1171,1471.0,1962.0,802.0,Critical,787.0
Whse_C,Product_0208,620,362,739.0,1398.0,1169.0,Critical,778.0
Whse_A,Product_0130,352,337,429.0,1128.0,1120.0,Critical,776.0
Whse_J,Product_0234,989,496,610.0,1752.0,267.0,Critical,763.0
Whse_A,Product_2080,330,284,407.0,1089.0,479.0,Critical,759.0
Whse_J,Product_0219,4258,1173,3123.0,5013.0,867.0,Critical,755.0
Whse_A,Product_0210,312,310,354.0,1051.0,535.0,Critical,739.0
Whse_J,Product_0373,1548,514,447.0,2284.0,701.0,Critical,736.0
Whse_A,Product_2108,720,630,970.0,1452.0,649.0,Critical,732.0
Whse_J,Product_0026,1144,959,1246.0,1865.0,1053.0,Critical,721.0
Whse_J,Product_1143,456,307,435.0,1175.0,1349.0,Critical,719.0
Whse_A,Product_1425,1365,1331,788.0,2079.0,639.0,Critical,714.0
Whse_J,Product_0240,1388,779,657.0,2097.0,430.0,Critical,709.0
Whse_J,Product_0092,1406,978,711.0,2112.0,511.0,Critical,706.0
Whse_J,Product_0248,293,288,530.0,995.0,1192.0,Critical,702.0
Whse_A,Product_2081,495,436,698.0,1193.0,358.0,Critical,698.0
Whse_C,Product_0893,294,196,414.0,982.0,447.0,Critical,688.0
Whse_J,Product_0486,488,385,660.0,1176.0,942.0,Critical,688.0
Whse_J,Product_0185,967,828,744.0,1634.0,1459.0,Critical,667.0
Whse_J,Product_0600,706,480,482.0,1359.0,890.0,Critical,653.0
Whse_J,Product_1207,6874,2036,2880.0,7527.0,678.0,Critical,653.0
Whse_A,Product_2071,523,481,559.0,1174.0,732.0,Critical,651.0
Whse_A,Product_2112,641,576,684.0,1280.0,495.0,Critical,639.0
Whse_S,Product_0226,4126,1488,3698.0,4764.0,1722.0,Critical,638.0
Whse_J,Product_0993,854,823,659.0,1482.0,1301.0,Critical,628.0
Whse_A,Product_0300,363,298,432.0,984.0,572.0,Critical,621.0
Whse_J,Product_0254,858,488,520.0,1476.0,436.0,Critical,618.0
Whse_J,Product_0184,674,406,468.0,1287.0,388.0,Critical,613.0
Whse_C,Product_0469,660,608,767.0,1272.0,573.0,Critical,612.0
Whse_J,Product_0030,628,296,364.0,1238.0,438.0,Critical,610.0
Whse_C,Product_0883,817,735,459.0,1419.0,406.0,Critical,602.0
Whse_J,Product_0042,876,783,251.0,1474.0,375.0,Critical,598.0
Whse_J,Product_0300,390,194,432.0,984.0,572.0,Critical,594.0
Whse_A,Product_0273,309,284,404.0,894.0,1767.0,Critical,585.0
Whse_J,Product_0253,901,364,769.0,1486.0,604.0,Critical,585.0
Whse_J,Product_0177,518,496,374.0,1097.0,316.0,Critical,579.0
Whse_A,Product_0247,96,94,247.0,671.0,355.0,Critical,575.0
Whse_J,Product_0228,1504,1374,1556.0,2077.0,1275.0,Critical,573.0
Whse_J,Product_0158,731,506,594.0,1281.0,641.0,Critical,550.0
Whse_C,Product_0873,1119,709,632.0,1663.0,257.0,Critical,544.0
Whse_A,Product_2128,510,283,422.0,1049.0,933.0,Critical,539.0
Whse_A,Product_2078,246,126,317.0,784.0,916.0,Critical,538.0
Whse_J,Product_0221,535,529,427.0,1062.0,1154.0,Critical,527.0
Whse_A,Product_1276,2934,2927,2436.0,3451.0,1464.0,Critical,517.0
Whse_A,Product_0189,251,246,148.0,768.0,872.0,Critical,517.0
Whse_A,Product_0304,220,205,501.0,733.0,1033.0,Critical,513.0
Whse_A,Product_1139,762,610,467.0,1274.0,645.0,Critical,512.0
Whse_J,Product_0110,971,643,707.0,1481.0,636.0,Critical,510.0
Whse_A,Product_2136,379,357,426.0,889.0,471.0,Critical,510.0
Whse_J,Product_0187,854,816,763.0,1356.0,574.0,Critical,502.0
Whse_J,Product_0654,726,174,700.0,1226.0,1058.0,Critical,500.0
Whse_J,Product_0182,616,242,444.0,1102.0,454.0,Critical,486.0
Whse_J,Product_1392,17748,3791,7674.0,18228.0,1951.0,Critical,480.0
Whse_J,Product_1214,5012,1749,3759.0,5487.0,822.0,Critical,475.0
Whse_C,Product_0304,260,175,501.0,733.0,1033.0,Critical,473.0
Whse_J,Product_1632,10814,2805,3277.0,11287.0,626.0,Critical,473.0
Whse_J,Product_0227,1061,678,733.0,1531.0,193.0,Critical,470.0
Whse_A,Product_0320,636,623,424.0,1096.0,412.0,Critical,460.0
Whse_J,Product_1368,7815,3482,5326.0,8274.0,2228.0,Critical,459.0
Whse_J,Product_0056,1107,1022,492.0,1565.0,416.0,Critical,458.0
Whse_J,Product_0607,464,163,325.0,921.0,1513.0,Critical,457.0
Whse_A,Product_2110,607,469,570.0,1061.0,568.0,Critical,454.0
Whse_C,Product_0439,218,215,348.0,662.0,615.0,Critical,444.0
Whse_J,Product_0468,778,296,282.0,1222.0,545.0,Critical,444.0
Whse_J,Product_0593,1098,1089,795.0,1538.0,330.0,Critical,440.0
Whse_C,Product_0664,497,388,723.0,933.0,1987.0,Critical,436.0
Whse_A,Product_0547,118,98,222.0,552.0,509.0,Critical,434.0
Whse_A,Product_0301,258,254,309.0,688.0,589.0,Critical,430.0
Whse_A,Product_0293,92,69,214.0,521.0,1408.0,Critical,429.0
Whse_J,Product_0601,417,173,119.0,841.0,615.0,Critical,424.0
Whse_A,Product_0131,131,113,205.0,555.0,1356.0,Critical,424.0
Whse_A,Product_2095,710,515,596.0,1128.0,945.0,Critical,418.0
Whse_J,Product_1633,14573,10890,5002.0,14989.0,679.0,Critical,416.0
Whse_A,Product_2109,1152,978,1145.0,1566.0,911.0,Critical,414.0
Whse_C,Product_1594,693,525,284.0,1103.0,516.0,Critical,410.0
Whse_J,Product_0196,1295,687,667.0,1705.0,891.0,Critical,410.0
Whse_A,Product_0419,7513,7505,4196.0,7917.0,769.0,Critical,404.0
Whse_J,Product_0433,6901,6759,3678.0,7298.0,860.0,Critical,397.0
Whse_J,Product_0375,358,164,155.0,753.0,495.0,Critical,395.0
Whse_A,Product_2115,99,86,183.0,489.0,1169.0,Critical,390.0
Whse_J,Product_0281,194,72,207.0,575.0,604.0,Critical,381.0
Whse_A,Product_2075,416,266,451.0,787.0,658.0,Critical,371.0
Whse_J,Product_0233,578,537,415.0,947.0,328.0,Critical,369.0
Whse_J,Product_0283,337,279,240.0,705.0,579.0,Critical,368.0
Whse_J,Product_0005,3104,2925,1099.0,3472.0,375.0,Critical,368.0
Whse_A,Product_0249,215,166,342.0,581.0,895.0,Critical,366.0
Whse_A,Product_2083,1022,926,714.0,1378.0,626.0,Critical,356.0
Whse_C,Product_0871,8942,8746,3935.0,9295.0,351.0,Critical,353.0
Whse_J,Product_0027,406,397,354.0,757.0,366.0,Critical,351.0
Whse_J,Product_0380,536,400,342.0,883.0,410.0,Critical,347.0
Whse_J,Product_0510,220,97,282.0,564.0,823.0,Critical,344.0
Whse_J,Product_1039,2073,604,825.0,2415.0,604.0,Critical,342.0
Whse_J,Product_1536,11026,3064,6093.0,11366.0,683.0,Critical,340.0
Whse_A,Product_1891,153,76,182.0,489.0,1202.0,Critical,336.0
Whse_A,Product_0453,150,110,266.0,486.0,1340.0,Critical,336.0
Whse_A,Product_1914,385,298,180.0,708.0,137.0,Critical,323.0
Whse_C,Product_0658,225,212,261.0,547.0,622.0,Critical,322.0
Whse_A,Product_2088,347,276,453.0,667.0,1022.0,Critical,320.0
Whse_J,Product_0512,260,230,216.0,580.0,746.0,Critical,320.0
Whse_J,Product_0660,374,166,263.0,687.0,798.0,Critical,313.0
Whse_J,Product_0249,276,177,342.0,581.0,895.0,Critical,305.0
Whse_C,Product_0886,2596,2586,1235.0,2900.0,161.0,Critical,304.0
Whse_J,Product_0040,422,368,209.0,725.0,477.0,Critical,303.0
Whse_A,Product_2169,122,41,191.0,423.0,923.0,Critical,301.0
Whse_J,Product_0699,199,147,76.0,496.0,393.0,Critical,297.0
Whse_A,Product_2072,537,477,387.0,828.0,1544.0,Critical,291.0
Whse_J,Product_1723,385,126,310.0,676.0,250.0,Critical,291.0
Whse_J,Product_0304,443,312,501.0,733.0,1033.0,Critical,290.0
Whse_A,Product_0533,57,52,155.0,342.0,319.0,Critical,285.0
Whse_A,Product_2055,103,76,143.0,386.0,1086.0,Critical,283.0
Whse_A,Product_0495,94,61,154.0,368.0,2383.0,Critical,274.0
Whse_J,Product_0004,1863,1317,1198.0,2131.0,722.0,Critical,268.0
Whse_C,Product_1925,331,246,116.0,597.0,305.0,Critical,266.0
Whse_J,Product_0940,3564,1031,1900.0,3830.0,1179.0,Critical,266.0
Whse_J,Product_0490,185,82,81.0,449.0,215.0,Critical,264.0
Whse_C,Product_0495,110,44,154.0,368.0,2383.0,Critical,258.0
Whse_J,Product_0583,1484,1197,584.0,1742.0,1039.0,Critical,258.0
Whse_J,Product_0241,1638,1073,1170.0,1893.0,414.0,Critical,255.0
Whse_J,Product_0028,1188,772,613.0,1443.0,1023.0,Critical,255.0
Whse_J,Product_0308,1011,344,777.0,1264.0,2351.0,Critical,253.0
Whse_A,Product_2076,290,176,304.0,537.0,1344.0,Critical,247.0
Whse_A,Product_2117,82,64,0.0,327.0,108.0,Critical,245.0
Whse_A,Product_2168,517,165,378.0,761.0,609.0,Critical,244.0
Whse_A,Product_0311,205,203,211.0,448.0,897.0,Critical,243.0
Whse_A,Product_1716,157,125,152.0,397.0,618.0,Critical,240.0
Whse_A,Product_2087,406,165,280.0,639.0,1063.0,Critical,233.0
Whse_C,Product_0670,268,114,292.0,499.0,1591.0,Critical,231.0
Whse_J,Product_1779,239,111,274.0,465.0,657.0,Critical,226.0
Whse_A,Product_1180,285,229,125.0,509.0,359.0,Critical,224.0
Whse_A,Product_2093,234,187,214.0,456.0,430.0,Critical,222.0
Whse_J,Product_0397,567,483,434.0,788.0,337.0,Critical,221.0
Whse_A,Product_0458,164,139,202.0,385.0,1383.0,Critical,221.0
Whse_C,Product_0249,363,330,342.0,581.0,895.0,Critical,218.0
Whse_J,Product_0619,506,396,288.0,724.0,731.0,Critical,218.0
Whse_A,Product_0274,456,383,184.0,670.0,723.0,Critical,214.0
Whse_A,Product_2079,248,103,167.0,461.0,369.0,Critical,213.0
Whse_J,Product_0197,380,199,226.0,588.0,1004.0,Critical,208.0
Whse_A,Product_1957,273,172,94.0,480.0,1283.0,Critical,207.0
Whse_J,Product_1251,3924,882,1938.0,4128.0,306.0,Critical,204.0
Whse_J,Product_1115,402,361,252.0,601.0,451.0,Critical,199.0
Whse_A,Product_0353,125,80,136.0,315.0,1754.0,Critical,190.0
Whse_J,Product_0835,7043,3475,2442.0,7230.0,581.0,Critical,187.0
Whse_A,Product_1676,175,77,217.0,362.0,1788.0,Critical,187.0
Whse_A,Product_0951,76,51,65.0,260.0,1032.0,Critical,184.0
Whse_J,Product_1060,385,199,289.0,566.0,428.0,Critical,181.0
Whse_A,Product_0512,410,361,216.0,580.0,746.0,Critical,170.0
Whse_J,Product_1124,65,65,81.0,232.0,328.0,Critical,167.0
Whse_A,Product_1670,92,42,116.0,259.0,864.0,Critical,167.0
Whse_A,Product_2100,160,155,188.0,327.0,505.0,Critical,167.0
Whse_J,Product_0303,273,137,153.0,439.0,1134.0,Critical,166.0
Whse_A,Product_1672,128,77,166.0,293.0,1254.0,Critical,165.0
Whse_C,Product_0896,596,358,271.0,753.0,419.0,Critical,157.0
Whse_A,Product_0272,208,145,170.0,365.0,1101.0,Critical,157.0
Whse_A,Product_2092,111,87,71.0,267.0,1018.0,Critical,156.0
Whse_A,Product_1892,67,57,106.0,221.0,590.0,Critical,154.0
Whse_A,Product_0132,244,229,93.0,397.0,561.0,Critical,153.0
Whse_J,Product_0410,439,178,320.0,592.0,1967.0,Critical,153.0
Whse_A,Product_0333,144,89,170.0,295.0,1833.0,Critical,151.0
Whse_A,Product_1563,1336,1108,815.0,1485.0,880.0,Critical,149.0
Whse_J,Product_0505,47,46,78.0,193.0,1011.0,Critical,146.0
Whse_J,Product_0301,543,312,309.0,688.0,589.0,Critical,145.0
Whse_J,Product_0199,1580,1133,532.0,1723.0,284.0,Critical,143.0
Whse_J,Product_0369,514,192,138.0,655.0,279.0,Critical,141.0
Whse_A,Product_1138,489,402,183.0,629.0,395.0,Critical,140.0
Whse_A,Product_0137,63,41,62.0,203.0,344.0,Critical,140.0
Whse_A,Product_1656,86,61,77.0,226.0,697.0,Critical,140.0
Whse_J,Product_1346,11639,6428,8004.0,11778.0,1835.0,Critical,139.0
Whse_A,Product_1675,108,104,109.0,244.0,833.0,Critical,136.0
Whse_J,Product_0341,139,57,110.0,275.0,706.0,Critical,136.0
Whse_C,Product_0458,255,75,202.0,385.0,1383.0,Critical,130.0
Whse_J,Product_1578,56680,53933,38210.0,56810.0,471.0,Critical,130.0
Whse_A,Product_0295,94,92,134.0,223.0,846.0,Critical,129.0
Whse_A,Product_2114,1154,1042,941.0,1283.0,1251.0,Critical,129.0
Whse_A,Product_1053,115,64,67.0,242.0,872.0,Critical,127.0
Whse_A,Product_1776,123,49,118.0,243.0,1165.0,Critical,120.0
Whse_J,Product_0152,172,82,115.0,290.0,357.0,Critical,118.0
Whse_A,Product_0342,71,37,93.0,186.0,1072.0,Critical,115.0
Whse_A,Product_2119,73,45,45.0,188.0,319.0,Critical,115.0
Whse_C,Product_0443,53,37,94.0,160.0,779.0,Critical,107.0
Whse_A,Product_2142,294,238,128.0,399.0,973.0,Critical,105.0
Whse_A,Product_2058,48,41,24.0,153.0,155.0,Critical,105.0
Whse_J,Product_0305,84,68,64.0,189.0,196.0,Critical,105.0
Whse_A,Product_2057,76,26,57.0,181.0,576.0,Critical,105.0
Whse_J,Product_1330,564,288,106.0,663.0,547.0,Critical,99.0
Whse_J,Product_0216,129,127,80.0,226.0,310.0,Critical,97.0
Whse_C,Product_0445,95,66,115.0,190.0,1079.0,Critical,95.0
Whse_J,Product_0448,227,112,123.0,322.0,1059.0,Critical,95.0
Whse_A,Product_2165,59,33,55.0,153.0,1235.0,Critical,94.0
Whse_A,Product_1669,201,157,100.0,293.0,2107.0,Critical,92.0
Whse_J,Product_0345,124,116,97.0,215.0,494.0,Critical,91.0
Whse_A,Product_1778,124,121,93.0,213.0,582.0,Critical,89.0
Whse_J,Product_0462,501,91,224.0,590.0,559.0,Critical,89.0
Whse_A,Product_0471,51,45,97.0,140.0,789.0,Critical,89.0
Whse_J,Product_0517,776,83,302.0,865.0,1568.0,Critical,89.0
Whse_A,Product_2056,149,117,100.0,234.0,831.0,Critical,85.0
Whse_A,Product_1777,137,49,110.0,220.0,987.0,Critical,83.0
Whse_J,Product_0581,403,171,91.0,485.0,343.0,Critical,82.0
Whse_A,Product_0329,20,19,49.0,101.0,974.0,Critical,81.0
Whse_A,Product_0119,126,84,84.0,206.0,527.0,Critical,80.0
Whse_A,Product_1661,40,30,72.0,117.0,1243.0,Critical,77.0
Whse_A,Product_2166,95,54,99.0,171.0,1957.0,Critical,76.0
Whse_A,Product_2073,150,85,103.0,225.0,697.0,Critical,75.0
Whse_J,Product_0714,106,68,73.0,181.0,1119.0,Critical,75.0
Whse_A,Product_1094,51,45,37.0,124.0,1319.0,Critical,73.0
Whse_C,Product_0471,72,67,97.0,140.0,789.0,Critical,68.0
Whse_C,Product_0895,482,233,176.0,550.0,674.0,Critical,68.0
Whse_A,Product_2077,296,60,125.0,363.0,464.0,Critical,67.0
Whse_A,Product_2085,284,147,110.0,351.0,475.0,Critical,67.0
Whse_C,Product_0666,48,25,53.0,114.0,813.0,Critical,66.0
Whse_J,Product_1041,2687,369,369.0,2753.0,493.0,Critical,66.0
Whse_J,Product_0168,102,78,96.0,167.0,483.0,Critical,65.0
Whse_J,Product_0175,682,464,303.0,747.0,298.0,Critical,65.0
Whse_A,Product_0135,44,33,27.0,109.0,608.0,Critical,65.0
Whse_A,Product_0466,64,43,30.0,128.0,170.0,Critical,64.0
Whse_A,Product_2070,654,584,287.0,717.0,509.0,Critical,63.0
Whse_J,Product_1777,158,45,110.0,220.0,987.0,Critical,62.0
Whse_A,Product_0567,91,74,63.0,152.0,412.0,Critical,61.0
Whse_A,Product_0634,77,48,41.0,137.0,235.0,Critical,60.0
Whse_J,Product_0006,847,637,292.0,907.0,220.0,Critical,60.0
Whse_A,Product_2124,35,35,38.0,95.0,549.0,Critical,60.0
Whse_J,Product_0139,120,78,108.0,179.0,824.0,Critical,59.0
Whse_A,Product_1959,102,54,45.0,161.0,556.0,Critical,59.0
Whse_A,Product_0150,27,12,33.0,85.0,1428.0,Critical,58.0
Whse_C,Product_0608,78,23,81.0,136.0,2807.0,Critical,58.0
Whse_A,Product_2084,320,145,90.0,378.0,310.0,Critical,58.0
Whse_J,Product_0309,44,31,45.0,101.0,663.0,Critical,57.0
Whse_J,Product_0785,66,55,56.0,121.0,656.0,Critical,55.0
Whse_A,Product_0352,45,45,44.0,98.0,249.0,Critical,53.0
Whse_A,Product_1688,32,31,36.0,84.0,1255.0,Critical,52.0
Whse_A,Product_0642,56,36,39.0,108.0,816.0,Critical,52.0
Whse_J,Product_1094,73,49,37.0,124.0,1319.0,Critical,51.0
Whse_A,Product_0548,137,63,91.0,188.0,687.0,Critical,51.0
Whse_A,Product_0169,63,45,33.0,113.0,392.0,Critical,50.0
Whse_J,Product_0760,559,133,110.0,608.0,382.0,Critical,49.0
Whse_A,Product_2053,211,184,115.0,259.0,959.0,Critical,48.0
Whse_A,Product_0516,134,125,77.0,182.0,1738.0,Critical,48.0
Whse_J,Product_0314,333,162,163.0,378.0,412.0,Critical,45.0
Whse_C,Product_1942,52,13,33.0,94.0,553.0,Critical,42.0
Whse_J,Product_1692,41,11,34.0,83.0,631.0,Critical,42.0
Whse_A,Product_1291,822,552,544.0,863.0,679.0,Critical,41.0
Whse_A,Product_2054,179,123,104.0,216.0,522.0,Critical,37.0
Whse_A,Product_0168,130,54,96.0,167.0,483.0,Critical,37.0
Whse_A,Product_0133,75,37,59.0,111.0,566.0,Critical,36.0
Whse_A,Product_2130,221,60,96.0,256.0,498.0,Critical,35.0
Whse_A,Product_1793,24,10,12.0,59.0,171.0,Critical,35.0
Whse_A,Product_0643,17,6,29.0,52.0,1222.0,Critical,35.0
Whse_A,Product_2164,45,42,25.0,79.0,343.0,Critical,34.0
Whse_A,Product_0412,73,72,74.0,105.0,1489.0,Critical,32.0
Whse_A,Product_2123,191,184,141.0,223.0,466.0,Critical,32.0
Whse_J,Product_0048,367,248,108.0,398.0,573.0,Critical,31.0
Whse_A,Product_1719,167,139,118.0,198.0,2474.0,Critical,31.0
Whse_C,Product_2169,392,144,191.0,423.0,923.0,Critical,31.0
Whse_J,Product_0657,42,14,16.0,69.0,697.0,Critical,27.0
Whse_A,Product_1828,27,22,28.0,54.0,429.0,Critical,27.0
Whse_A,Product_1727,65,65,41.0,92.0,164.0,Critical,27.0
Whse_C,Product_0613,88,36,44.0,114.0,3243.0,Critical,26.0
Whse_A,Product_1960,19,19,14.0,45.0,989.0,Critical,26.0
Whse_J,Product_0908,722,412,246.0,748.0,535.0,Critical,26.0
Whse_A,Product_1705,141,56,61.0,167.0,784.0,Critical,26.0
Whse_A,Product_1807,22,16,13.0,45.0,700.0,Critical,23.0
Whse_A,Product_1093,129,75,82.0,150.0,786.0,Critical,21.0
Whse_A,Product_0151,106,84,69.0,127.0,392.0,Critical,21.0
Whse_A,Product_1834,13,13,17.0,33.0,883.0,Critical,20.0
Whse_J,Product_0119,186,58,84.0,206.0,527.0,Critical,20.0
Whse_A,Product_0647,35,21,17.0,55.0,334.0,Critical,20.0
Whse_A,Product_0125,25,7,14.0,44.0,906.0,Critical,19.0
Whse_A,Product_2051,37,15,8.0,55.0,244.0,Critical,18.0
Whse_A,Product_0395,46,15,24.0,64.0,938.0,Critical,18.0
Whse_J,Product_2172,2557,895,930.0,2575.0,555.0,Critical,18.0
Whse_A,Product_2091,421,137,209.0,438.0,600.0,Critical,17.0
Whse_A,Product_0505,177,73,78.0,193.0,1011.0,Critical,16.0
Whse_C,Product_0611,19,6,13.0,33.0,280.0,Critical,14.0
Whse_A,Product_2144,170,112,104.0,182.0,865.0,Critical,12.0
Whse_J,Product_1756,5,5,4.0,16.0,382.0,Critical,11.0
Whse_A,Product_0414,2381,2377,1316.0,2391.0,314.0,Critical,10.0
Whse_A,Product_0825,17,7,6.0,26.0,294.0,Critical,9.0
Whse_A,Product_1808,21,8,10.0,30.0,393.0,Critical,9.0
Whse_C,Product_0614,94,13,63.0,102.0,1592.0,Critical,8.0
Whse_A,Product_0325,95,41,32.0,103.0,1208.0,Critical,8.0
Whse_A,Product_0454,69,48,39.0,76.0,804.0,Critical,7.0
Whse_C,Product_0642,102,51,39.0,108.0,816.0,Critical,6.0
Whse_A,Product_1083,27,19,8.0,33.0,456.0,Critical,6.0
Whse_J,Product_0170,240,79,38.0,245.0,166.0,Critical,5.0
Whse_J,Product_0150,80,41,33.0,85.0,1428.0,Critical,5.0
Whse_A,Product_2118,230,161,153.0,235.0,181.0,Critical,5.0
Whse_J,Product_0701,401,314,104.0,405.0,423.0,Critical,4.0
Whse_A,Product_0442,31,13,10.0,35.0,316.0,Critical,4.0
Whse_A,Product_0121,448,437,156.0,452.0,258.0,Critical,4.0
Whse_J,Product_0444,464,44,203.0,468.0,239.0,Critical,4.0
Whse_J,Product_0198,971,189,352.0,975.0,509.0,Critical,4.0
Whse_J,Product_0232,22,14,11.0,25.0,1332.0,Critical,3.0
Whse_A,Product_1775,57,30,23.0,59.0,380.0,Critical,2.0
Whse_A,Product_0172,48,36,19.0,49.0,790.0,Critical,1.0
Whse_J,Product_0525,42,22,14.0,43.0,258.0,Critical,1.0
Whse_J,Product_1033,688,581,119.0,689.0,440.0,Critical,1.0
Whse_A,Product_0507,86,36,26.0,87.0,369.0,Critical,1.0
Whse_A,Product_2074,142,50,42.0,143.0,699.0,Critical,1.0
Whse_A,Product_0149,32,14,13.0,33.0,659.0,Critical,1.0
Whse_J,Product_0450,35,22,12.0,36.0,646.0,Critical,1.0
Whse_A,Product_1773,14,6,2.0,15.0,216.0,Critical,1.0
Whse_A,Product_1794,24,16,8.0,25.0,1266.0,Critical,1.0
Whse_A,Product_0136,42,11,11.0,41.0,963.0,Warning,-1.0
Whse_A,Product_0544,56,31,23.0,55.0,503.0,Warning,-1.0
Whse_J,Product_0548,190,67,91.0,188.0,687.0,Warning,-2.0
Whse_A,Product_0474,24,23,11.0,20.0,736.0,Warning,-4.0
Whse_J,Product_0761,161,161,51.0,155.0,702.0,Warning,-6.0
Whse_A,Product_1707,23,5,2.0,16.0,145.0,Healthy,-7.0
Whse_A,Product_2039,96,11,38.0,89.0,1124.0,Warning,-7.0
Whse_A,Product_0394,80,50,39.0,73.0,323.0,Warning,-7.0
Whse_A,Product_2086,157,72,66.0,149.0,481.0,Warning,-8.0
Whse_A,Product_1913,470,438,189.0,462.0,386.0,Warning,-8.0
Whse_J,Product_0717,255,94,108.0,247.0,361.0,Warning,-8.0
Whse_J,Product_0472,44,18,22.0,35.0,463.0,Healthy,-9.0
Whse_J,Product_1111,22,4,6.0,13.0,687.0,Healthy,-9.0
Whse_A,Product_0463,249,234,164.0,239.0,1997.0,Warning,-10.0
Whse_J,Product_0257,21,5,3.0,11.0,459.0,Healthy,-10.0
Whse_A,Product_0487,81,27,37.0,70.0,655.0,Warning,-11.0
Whse_A,Product_0326,68,21,14.0,56.0,555.0,Healthy,-12.0
Whse_A,Product_2060,21,17,3.0,9.0,141.0,Healthy,-12.0
Whse_A,Product_0302,93,93,44.0,80.0,673.0,Warning,-13.0
Whse_A,Product_1844,102,27,20.0,89.0,682.0,Warning,-13.0
Whse_A,Product_0465,55,14,0.0,42.0,120.0,Healthy,-13.0
Whse_A,Product_0330,90,81,49.0,76.0,420.0,Warning,-14.0
Whse_A,Product_1171,61,40,22.0,47.0,398.0,Healthy,-14.0
Whse_A,Product_0432,42,16,9.0,27.0,225.0,Healthy,-15.0
Whse_J,Product_0498,31,5,6.0,16.0,327.0,Healthy,-15.0
Whse_A,Product_0365,66,13,14.0,51.0,1218.0,Healthy,-15.0
Whse_A,Product_0232,41,10,11.0,25.0,1332.0,Healthy,-16.0
Whse_A,Product_1748,83,48,24.0,67.0,657.0,Healthy,-16.0
Whse_A,Product_1908,55,8,22.0,38.0,1457.0,Healthy,-17.0
Whse_A,Product_1434,3031,2975,1141.0,3014.0,425.0,Warning,-17.0
Whse_A,Product_1706,86,51,17.0,69.0,533.0,Healthy,-17.0
Whse_J,Product_0327,40,4,5.0,20.0,479.0,Healthy,-20.0
Whse_A,Product_0639,48,13,18.0,28.0,961.0,Healthy,-20.0
Whse_A,Product_1647,28,3,0.0,7.0,94.0,Healthy,-21.0
Whse_C,Product_2165,175,33,55.0,153.0,1235.0,Warning,-22.0
Whse_A,Product_0965,32,7,3.0,10.0,494.0,Healthy,-22.0
Whse_A,Product_0337,100,44,42.0,78.0,819.0,Healthy,-22.0
Whse_J,Product_0453,508,187,266.0,486.0,1340.0,Warning,-22.0
Whse_A,Product_1698,23,4,0.0,0.0,0.0,Healthy,-23.0
Whse_A,Product_1646,71,24,15.0,48.0,390.0,Healthy,-23.0
Whse_A,Product_1800,103,21,24.0,80.0,178.0,Healthy,-23.0
Whse_A,Product_0318,106,35,47.0,83.0,887.0,Healthy,-23.0
Whse_A,Product_0638,40,6,5.0,16.0,227.0,Healthy,-24.0
Whse_A,Product_0364,57,37,20.0,32.0,1211.0,Healthy,-25.0
Whse_C,Product_0116,314,94,95.0,289.0,383.0,Warning,-25.0
Whse_A,Product_0148,32,8,3.0,7.0,282.0,Healthy,-25.0
Whse_A,Product_1616,66,26,14.0,41.0,469.0,Healthy,-25.0
Whse_A,Product_1726,524,189,167.0,499.0,1098.0,Warning,-25.0
Whse_A,Product_0496,78,53,35.0,52.0,372.0,Healthy,-26.0
Whse_C,Product_0882,279,175,125.0,253.0,488.0,Warning,-26.0
Whse_J,Product_0292,296,42,102.0,269.0,255.0,Warning,-27.0
Whse_A,Product_0243,633,557,265.0,606.0,531.0,Warning,-27.0
Whse_C,Product_0342,213,68,93.0,186.0,1072.0,Warning,-27.0
Whse_C,Product_0949,9080,9008,4512.0,9053.0,500.0,Warning,-27.0
Whse_A,Product_1585,63,19,16.0,35.0,249.0,Healthy,-28.0
Whse_C,Product_0491,149,32,47.0,121.0,1053.0,Healthy,-28.0
Whse_A,Product_1671,124,29,37.0,96.0,923.0,Healthy,-28.0
Whse_C,Product_0125,72,13,14.0,44.0,906.0,Healthy,-28.0
Whse_A,Product_0319,43,8,3.0,9.0,257.0,Healthy,-34.0
Whse_A,Product_2121,241,235,73.0,207.0,384.0,Warning,-34.0
Whse_A,Product_0456,49,8,5.0,12.0,556.0,Healthy,-37.0
Whse_J,Product_0400,1285,759,309.0,1248.0,325.0,Warning,-37.0
Whse_A,Product_1095,78,13,18.0,40.0,676.0,Healthy,-38.0
Whse_J,Product_0157,230,86,121.0,192.0,556.0,Warning,-38.0
Whse_C,Product_0615,82,33,25.0,44.0,902.0,Healthy,-38.0
Whse_A,Product_0637,46,3,2.0,8.0,481.0,Healthy,-38.0
Whse_A,Product_1918,83,10,12.0,43.0,548.0,Healthy,-40.0
Whse_A,Product_0565,112,19,22.0,72.0,421.0,Healthy,-40.0
Whse_A,Product_1584,58,3,6.0,17.0,308.0,Healthy,-41.0
Whse_J,Product_0631,74,24,18.0,32.0,2663.0,Healthy,-42.0
Whse_A,Product_1822,139,17,35.0,97.0,1493.0,Healthy,-42.0
Whse_C,Product_0119,253,24,84.0,206.0,527.0,Healthy,-47.0
Whse_A,Product_1054,73,26,10.0,25.0,514.0,Healthy,-48.0
Whse_C,Product_0620,95,17,29.0,45.0,4584.0,Healthy,-50.0
Whse_J,Product_0485,459,71,153.0,409.0,359.0,Warning,-50.0
Whse_A,Product_0347,73,13,10.0,23.0,937.0,Healthy,-50.0
Whse_J,Product_0724,1420,378,431.0,1370.0,884.0,Warning,-50.0
Whse_J,Product_1117,57,27,3.0,7.0,305.0,Healthy,-50.0
Whse_J,Product_0269,67,10,4.0,16.0,474.0,Healthy,-51.0
Whse_A,Product_1814,107,31,22.0,55.0,509.0,Healthy,-52.0
Whse_A,Product_1178,72,34,9.0,20.0,506.0,Healthy,-52.0
Whse_A,Product_0946,71,11,4.0,19.0,478.0,Healthy,-52.0
Whse_C,Product_0463,291,201,164.0,239.0,1997.0,Healthy,-52.0
Whse_A,Product_0967,187,60,57.0,133.0,376.0,Healthy,-54.0
Whse_A,Product_1689,79,6,10.0,24.0,723.0,Healthy,-55.0
Whse_A,Product_1836,90,14,17.0,34.0,1176.0,Healthy,-56.0
Whse_J,Product_0344,704,355,380.0,647.0,838.0,Warning,-57.0
Whse_A,Product_1816,131,17,26.0,74.0,1030.0,Healthy,-57.0
Whse_A,Product_1792,70,6,6.0,12.0,682.0,Healthy,-58.0
Whse_J,Product_0791,409,144,134.0,350.0,1419.0,Warning,-59.0
Whse_J,Product_1045,1760,963,477.0,1700.0,1286.0,Warning,-60.0
Whse_J,Product_0682,1195,281,333.0,1135.0,382.0,Warning,-60.0
Whse_C,Product_0412,166,78,74.0,105.0,1489.0,Healthy,-61.0
Whse_C,Product_0453,548,77,266.0,486.0,1340.0,Warning,-62.0
Whse_A,Product_0966,179,82,38.0,115.0,983.0,Healthy,-64.0
Whse_J,Product_0524,262,81,116.0,197.0,545.0,Healthy,-65.0
Whse_C,Product_0645,134,22,30.0,69.0,1161.0,Healthy,-65.0
Whse_J,Product_0324,131,23,31.0,66.0,665.0,Healthy,-65.0
Whse_J,Product_0104,237,97,50.0,171.0,591.0,Healthy,-66.0
Whse_A,Product_1976,75,4,3.0,8.0,627.0,Healthy,-67.0
Whse_A,Product_1837,127,10,21.0,60.0,828.0,Healthy,-67.0
Whse_J,Product_1705,234,59,61.0,167.0,784.0,Healthy,-67.0
Whse_C,Product_1859,81,11,4.0,11.0,382.0,Healthy,-70.0
Whse_J,Product_0471,210,45,97.0,140.0,789.0,Healthy,-70.0
Whse_A,Product_0134,167,145,54.0,95.0,330.0,Healthy,-72.0
Whse_J,Product_0286,1152,643,518.0,1078.0,421.0,Warning,-74.0
Whse_C,Product_0622,197,97,55.0,120.0,446.0,Healthy,-77.0
Whse_J,Product_0176,718,455,232.0,641.0,263.0,Warning,-77.0
Whse_J,Product_0346,116,30,20.0,38.0,528.0,Healthy,-78.0
Whse_J,Product_0389,1654,589,505.0,1574.0,707.0,Warning,-80.0
Whse_A,Product_1772,103,12,8.0,23.0,477.0,Healthy,-80.0
Whse_J,Product_0588,734,263,232.0,652.0,500.0,Warning,-82.0
Whse_A,Product_2147,90,10,4.0,8.0,148.0,Healthy,-82.0
Whse_J,Product_0736,127,24,11.0,45.0,595.0,Healthy,-82.0
Whse_A,Product_0944,88,3,2.0,6.0,305.0,Healthy,-82.0
Whse_A,Product_1786,150,45,25.0,67.0,1787.0,Healthy,-83.0
Whse_A,Product_1898,139,5,21.0,54.0,914.0,Healthy,-85.0
Whse_J,Product_0264,97,8,4.0,11.0,311.0,Healthy,-86.0
Whse_A,Product_1751,161,24,32.0,74.0,589.0,Healthy,-87.0
Whse_J,Product_0538,143,68,28.0,55.0,923.0,Healthy,-88.0
Whse_J,Product_0333,384,70,170.0,295.0,1833.0,Healthy,-89.0
Whse_J,Product_0043,786,606,370.0,696.0,758.0,Warning,-90.0
Whse_A,Product_2122,315,114,67.0,223.0,420.0,Healthy,-92.0
Whse_J,Product_0735,184,69,48.0,90.0,769.0,Healthy,-94.0
Whse_A,Product_2116,234,185,76.0,139.0,501.0,Healthy,-95.0
Whse_C,Product_0610,155,45,29.0,58.0,477.0,Healthy,-97.0
Whse_J,Product_1042,1414,726,305.0,1316.0,658.0,Warning,-98.0
Whse_J,Product_0605,2036,1055,828.0,1935.0,630.0,Warning,-101.0
Whse_C,Product_0617,142,8,17.0,41.0,708.0,Healthy,-101.0
Whse_J,Product_0323,189,42,54.0,88.0,793.0,Healthy,-101.0
Whse_A,Product_1644,125,5,8.0,23.0,447.0,Healthy,-102.0
Whse_J,Product_1175,181,115,35.0,78.0,688.0,Healthy,-103.0
Whse_A,Product_2120,117,98,5.0,13.0,46.0,Healthy,-104.0
Whse_A,Product_2059,476,275,93.0,370.0,375.0,Healthy,-106.0
Whse_C,Product_1794,131,17,8.0,25.0,1266.0,Healthy,-106.0
Whse_J,Product_0578,170,53,20.0,61.0,367.0,Healthy,-109.0
Whse_J,Product_0338,329,43,79.0,216.0,901.0,Healthy,-113.0
Whse_J,Product_0454,191,62,39.0,76.0,804.0,Healthy,-115.0
Whse_J,Product_0461,140,25,14.0,24.0,488.0,Healthy,-116.0
Whse_J,Product_0821,242,21,49.0,126.0,737.0,Healthy,-116.0
Whse_J,Product_0805,139,15,7.0,22.0,586.0,Healthy,-117.0
Whse_J,Product_0276,890,689,377.0,772.0,519.0,Warning,-118.0
Whse_J,Product_0502,216,18,46.0,98.0,599.0,Healthy,-118.0
Whse_J,Product_0503,423,74,118.0,303.0,1003.0,Healthy,-120.0
Whse_J,Product_0222,691,163,205.0,568.0,888.0,Healthy,-123.0
Whse_A,Product_1774,209,42,32.0,85.0,832.0,Healthy,-124.0
Whse_J,Product_0255,609,88,282.0,484.0,738.0,Healthy,-125.0
Whse_J,Product_1653,11349,3571,5128.0,11222.0,1887.0,Warning,-127.0
Whse_A,Product_1815,268,50,57.0,140.0,1195.0,Healthy,-128.0
Whse_A,Product_0294,254,213,82.0,125.0,635.0,Healthy,-129.0
Whse_J,Product_0955,298,17,62.0,169.0,705.0,Healthy,-129.0
Whse_J,Product_0602,637,224,112.0,504.0,695.0,Healthy,-133.0
Whse_C,Product_1792,145,7,6.0,12.0,682.0,Healthy,-133.0
Whse_C,Product_0872,660,544,325.0,525.0,473.0,Healthy,-135.0
Whse_J,Product_0514,2124,867,807.0,1989.0,732.0,Warning,-135.0
Whse_J,Product_0488,1245,653,521.0,1109.0,572.0,Warning,-136.0
Whse_J,Product_0644,155,7,5.0,19.0,612.0,Healthy,-136.0
Whse_A,Product_1645,155,6,7.0,18.0,1114.0,Healthy,-137.0
Whse_J,Product_0493,212,66,26.0,72.0,365.0,Healthy,-140.0
Whse_J,Product_0259,149,4,3.0,9.0,244.0,Healthy,-140.0
Whse_J,Product_0114,303,200,6.0,162.0,155.0,Healthy,-141.0
Whse_A,Product_1958,279,133,48.0,137.0,621.0,Healthy,-142.0
Whse_J,Product_0261,273,133,70.0,131.0,521.0,Healthy,-142.0
Whse_J,Product_0671,214,52,43.0,67.0,875.0,Healthy,-147.0
Whse_J,Product_0847,206,47,33.0,59.0,689.0,Healthy,-147.0
Whse_J,Product_1649,13111,3690,2422.0,12962.0,945.0,Warning,-149.0
Whse_J,Product_0688,913,421,293.0,763.0,276.0,Warning,-150.0
Whse_C,Product_0312,188,16,13.0,38.0,934.0,Healthy,-150.0
Whse_J,Product_1292,801,562,219.0,649.0,385.0,Healthy,-152.0
Whse_C,Product_0631,185,11,18.0,32.0,2663.0,Healthy,-153.0
Whse_J,Product_0445,345,84,115.0,190.0,1079.0,Healthy,-155.0
Whse_J,Product_0458,542,75,202.0,385.0,1383.0,Healthy,-157.0
Whse_J,Product_0105,642,332,160.0,483.0,251.0,Healthy,-159.0
Whse_J,Product_0102,203,15,19.0,44.0,870.0,Healthy,-159.0
Whse_J,Product_0624,180,9,5.0,21.0,448.0,Healthy,-159.0
Whse_A,Product_1618,198,17,17.0,38.0,604.0,Healthy,-160.0
Whse_A,Product_0460,260,22,52.0,99.0,817.0,Healthy,-161.0
Whse_J,Product_0615,208,62,25.0,44.0,902.0,Healthy,-164.0
Whse_C,Product_0623,235,37,23.0,70.0,699.0,Healthy,-165.0
Whse_J,Product_0060,186,5,12.0,20.0,1051.0,Healthy,-166.0
Whse_J,Product_0776,441,105,123.0,275.0,762.0,Healthy,-166.0
Whse_J,Product_0748,326,68,65.0,156.0,530.0,Healthy,-170.0
Whse_J,Product_0141,500,320,156.0,329.0,1160.0,Healthy,-171.0
Whse_J,Product_0960,193,5,6.0,21.0,1115.0,Healthy,-172.0
Whse_J,Product_0117,1099,487,401.0,925.0,457.0,Warning,-174.0
Whse_A,Product_0467,194,3,3.0,12.0,173.0,Healthy,-182.0
Whse_C,Product_0887,846,267,303.0,663.0,165.0,Healthy,-183.0
Whse_J,Product_0163,306,59,50.0,121.0,230.0,Healthy,-185.0
Whse_J,Product_0328,227,8,17.0,40.0,332.0,Healthy,-187.0
Whse_J,Product_0584,1151,316,308.0,960.0,370.0,Warning,-191.0
Whse_J,Product_0585,387,170,64.0,195.0,114.0,Healthy,-192.0
Whse_J,Product_0813,204,9,4.0,12.0,264.0,Healthy,-192.0
Whse_J,Product_0296,362,111,53.0,169.0,370.0,Healthy,-193.0
Whse_J,Product_0509,252,53,23.0,56.0,158.0,Healthy,-196.0
Whse_J,Product_0697,587,151,40.0,389.0,197.0,Healthy,-198.0
Whse_J,Product_0626,208,6,4.0,9.0,236.0,Healthy,-199.0
Whse_J,Product_0339,246,44,29.0,46.0,411.0,Healthy,-200.0
Whse_J,Product_0613,319,40,44.0,114.0,3243.0,Healthy,-205.0
Whse_J,Product_0058,257,5,26.0,50.0,1527.0,Healthy,-207.0
Whse_J,Product_0529,307,47,32.0,99.0,921.0,Healthy,-208.0
Whse_J,Product_0656,259,25,17.0,50.0,684.0,Healthy,-209.0
Whse_J,Product_0664,1145,304,723.0,933.0,1987.0,Healthy,-212.0
Whse_A,Product_0945,233,5,5.0,18.0,357.0,Healthy,-215.0
Whse_C,Product_2170,297,12,26.0,81.0,1128.0,Healthy,-216.0
Whse_J,Product_0582,2531,441,549.0,2314.0,449.0,Warning,-217.0
Whse_C,Product_0878,367,82,64.0,148.0,331.0,Healthy,-219.0
Whse_J,Product_0451,723,230,187.0,501.0,671.0,Healthy,-222.0
Whse_J,Product_1641,32801,15528,8481.0,32574.0,1279.0,Warning,-227.0
Whse_J,Product_1319,1286,375,239.0,1052.0,222.0,Healthy,-234.0
Whse_J,Product_0161,408,65,68.0,173.0,664.0,Healthy,-235.0
Whse_J,Product_0571,341,41,43.0,105.0,381.0,Healthy,-236.0
Whse_J,Product_0130,1366,410,429.0,1128.0,1120.0,Healthy,-238.0
Whse_J,Product_1622,9148,1166,5221.0,8909.0,1863.0,Warning,-239.0
Whse_S,Product_0287,3694,1276,1898.0,3454.0,907.0,Warning,-240.0
Whse_J,Product_0236,834,91,245.0,593.0,565.0,Healthy,-241.0
Whse_J,Product_0186,1307,384,433.0,1066.0,569.0,Healthy,-241.0
Whse_A,Product_1168,261,10,8.0,18.0,886.0,Healthy,-243.0
Whse_J,Product_1035,1266,219,312.0,1023.0,221.0,Healthy,-243.0
Whse_A,Product_1911,366,226,43.0,122.0,132.0,Healthy,-244.0
Whse_J,Product_0172,298,38,19.0,49.0,790.0,Healthy,-249.0
Whse_J,Product_0597,260,7,2.0,8.0,144.0,Healthy,-252.0
Whse_J,Product_0695,685,150,235.0,433.0,1107.0,Healthy,-252.0
Whse_J,Product_0294,378,180,82.0,125.0,635.0,Healthy,-253.0
Whse_J,Product_0396,374,48,62.0,119.0,429.0,Healthy,-255.0
Whse_J,Product_0395,320,19,24.0,64.0,938.0,Healthy,-256.0
Whse_J,Product_0639,286,24,18.0,28.0,961.0,Healthy,-258.0
Whse_A,Product_1915,461,196,46.0,202.0,147.0,Healthy,-259.0
Whse_J,Product_0057,264,7,1.0,3.0,861.0,Healthy,-261.0
Whse_J,Product_0709,376,266,46.0,115.0,379.0,Healthy,-261.0
Whse_J,Product_0270,287,15,5.0,26.0,283.0,Healthy,-261.0
Whse_J,Product_0393,308,21,14.0,46.0,487.0,Healthy,-262.0
Whse_J,Product_0801,334,12,21.0,71.0,453.0,Healthy,-263.0
Whse_J,Product_0350,280,6,6.0,16.0,470.0,Healthy,-264.0
Whse_J,Product_0429,1892,749,178.0,1627.0,596.0,Warning,-265.0
Whse_J,Product_0759,2218,378,605.0,1950.0,410.0,Warning,-268.0
Whse_J,Product_0751,329,18,18.0,60.0,338.0,Healthy,-269.0
Whse_C,Product_0880,2633,2539,794.0,2363.0,184.0,Warning,-270.0
Whse_J,Product_0534,877,157,251.0,606.0,593.0,Healthy,-271.0
Whse_J,Product_0950,3568,1499,1405.0,3297.0,673.0,Warning,-271.0
Whse_J,Product_0279,615,195,141.0,342.0,399.0,Healthy,-273.0
Whse_J,Product_0969,1454,386,358.0,1180.0,511.0,Healthy,-274.0
Whse_J,Product_0051,3028,2525,1597.0,2751.0,942.0,Warning,-277.0
Whse_J,Product_0687,1544,250,322.0,1264.0,353.0,Healthy,-280.0
Whse_J,Product_0271,299,5,4.0,19.0,258.0,Healthy,-280.0
Whse_C,Product_0192,2068,1847,533.0,1782.0,554.0,Warning,-286.0
Whse_J,Product_0537,357,17,29.0,71.0,302.0,Healthy,-286.0
Whse_J,Product_0180,524,128,133.0,233.0,272.0,Healthy,-291.0
Whse_J,Product_0732,367,31,44.0,74.0,356.0,Healthy,-293.0
Whse_J,Product_0289,652,90,149.0,358.0,1121.0,Healthy,-294.0
Whse_J,Product_0464,546,73,152.0,249.0,384.0,Healthy,-297.0
Whse_J,Product_0124,424,27,66.0,124.0,487.0,Healthy,-300.0
Whse_J,Product_0452,372,106,31.0,61.0,176.0,Healthy,-311.0
Whse_J,Product_1024,425,15,64.0,111.0,641.0,Healthy,-314.0
Whse_J,Product_0520,372,27,26.0,57.0,888.0,Healthy,-315.0
Whse_J,Product_0823,360,24,10.0,45.0,1451.0,Healthy,-315.0
Whse_J,Product_0669,430,35,34.0,114.0,472.0,Healthy,-316.0
Whse_J,Product_0262,332,19,5.0,16.0,340.0,Healthy,-316.0
Whse_J,Product_0500,342,25,4.0,26.0,232.0,Healthy,-316.0
Whse_J,Product_0325,419,24,32.0,103.0,1208.0,Healthy,-316.0
Whse_J,Product_0335,771,97,203.0,450.0,1159.0,Healthy,-321.0
Whse_J,Product_0744,470,123,51.0,147.0,1267.0,Healthy,-323.0
Whse_C,Product_0875,1485,1353,476.0,1158.0,229.0,Healthy,-327.0
Whse_J,Product_0816,408,20,27.0,79.0,958.0,Healthy,-329.0
Whse_C,Product_1933,345,2,3.0,16.0,299.0,Healthy,-329.0
Whse_J,Product_0285,489,168,89.0,159.0,943.0,Healthy,-330.0
Whse_C,Product_0888,2276,2261,685.0,1945.0,238.0,Warning,-331.0
Whse_J,Product_0740,840,116,191.0,508.0,969.0,Healthy,-332.0
Whse_J,Product_0277,3054,1233,1118.0,2719.0,751.0,Warning,-335.0
Whse_J,Product_0244,614,82,28.0,279.0,459.0,Healthy,-335.0
Whse_J,Product_0167,414,27,40.0,79.0,259.0,Healthy,-335.0
Whse_J,Product_0822,419,29,30.0,83.0,286.0,Healthy,-336.0
Whse_J,Product_0322,453,50,64.0,116.0,890.0,Healthy,-337.0
Whse_J,Product_0127,3956,3765,1727.0,3618.0,613.0,Warning,-338.0
Whse_A,Product_1912,1425,1202,0.0,1080.0,176.0,Healthy,-345.0
Whse_J,Product_0952,7141,2089,3194.0,6793.0,1177.0,Warning,-348.0
Whse_J,Product_0786,496,40,42.0,146.0,468.0,Healthy,-350.0
Whse_J,Product_0792,737,50,127.0,384.0,780.0,Healthy,-353.0
Whse_J,Product_0642,463,23,39.0,108.0,816.0,Healthy,-355.0
Whse_J,Product_0340,399,13,17.0,42.0,545.0,Healthy,-357.0
Whse_J,Product_0315,833,73,162.0,476.0,899.0,Healthy,-357.0
Whse_J,Product_0116,651,98,95.0,289.0,383.0,Healthy,-362.0
Whse_J,Product_0686,1536,433,396.0,1170.0,259.0,Healthy,-366.0
Whse_J,Product_0365,419,8,14.0,51.0,1218.0,Healthy,-368.0
Whse_J,Product_1296,6564,1044,2715.0,6193.0,415.0,Warning,-371.0
Whse_C,Product_0881,609,174,84.0,237.0,254.0,Healthy,-372.0
Whse_J,Product_0489,1074,332,240.0,698.0,736.0,Healthy,-376.0
Whse_J,Product_0237,603,56,74.0,225.0,312.0,Healthy,-378.0
Whse_J,Product_0256,409,7,8.0,21.0,523.0,Healthy,-388.0
Whse_J,Product_0968,1980,535,693.0,1586.0,697.0,Healthy,-394.0
Whse_J,Product_0957,1121,384,343.0,726.0,964.0,Healthy,-395.0
Whse_J,Product_0295,628,138,134.0,223.0,846.0,Healthy,-405.0
Whse_J,Product_0313,2058,574,758.0,1652.0,667.0,Healthy,-406.0
Whse_J,Product_0718,512,31,53.0,105.0,520.0,Healthy,-407.0
Whse_J,Product_0842,1095,82,259.0,686.0,1015.0,Healthy,-409.0
Whse_A,Product_0899,1848,1790,607.0,1434.0,145.0,Healthy,-414.0
Whse_J,Product_0409,702,44,124.0,287.0,2447.0,Healthy,-415.0
Whse_J,Product_0455,474,57,12.0,58.0,451.0,Healthy,-416.0
Whse_J,Product_0727,1618,359,742.0,1200.0,965.0,Healthy,-418.0
Whse_J,Product_0508,547,28,59.0,125.0,544.0,Healthy,-422.0
Whse_J,Product_0947,437,7,2.0,15.0,482.0,Healthy,-422.0
Whse_J,Product_0790,469,32,25.0,46.0,1702.0,Healthy,-423.0
Whse_J,Product_0164,458,18,11.0,31.0,577.0,Healthy,-427.0
Whse_J,Product_0545,760,188,121.0,333.0,505.0,Healthy,-427.0
Whse_J,Product_1001,14400,11082,11494.0,13972.0,1553.0,Warning,-428.0
Whse_J,Product_0598,452,6,5.0,21.0,338.0,Healthy,-431.0
Whse_J,Product_0568,496,37,18.0,62.0,597.0,Healthy,-434.0
Whse_J,Product_0331,449,13,5.0,13.0,280.0,Healthy,-436.0
Whse_J,Product_1055,1122,193,153.0,685.0,433.0,Healthy,-437.0
Whse_J,Product_1909,462,11,7.0,24.0,590.0,Healthy,-438.0
Whse_J,Product_0596,775,290,114.0,331.0,590.0,Healthy,-444.0
Whse_J,Product_1169,460,6,3.0,15.0,439.0,Healthy,-445.0
Whse_J,Product_1625,18180,6082,2920.0,17729.0,832.0,Warning,-451.0
Whse_C,Product_1558,1761,1643,785.0,1305.0,217.0,Healthy,-456.0
Whse_J,Product_0497,486,10,14.0,30.0,830.0,Healthy,-456.0
Whse_J,Product_0812,470,11,4.0,12.0,396.0,Healthy,-458.0
Whse_J,Product_0773,1074,189,242.0,611.0,727.0,Healthy,-463.0
Whse_J,Product_0487,535,87,37.0,70.0,655.0,Healthy,-465.0
Whse_J,Product_0769,789,181,75.0,324.0,1066.0,Healthy,-465.0
Whse_J,Product_0733,599,45,57.0,133.0,1460.0,Healthy,-466.0
Whse_J,Product_0608,605,35,81.0,136.0,2807.0,Healthy,-469.0
Whse_J,Product_0473,506,5,9.0,36.0,417.0,Healthy,-470.0
Whse_J,Product_0904,1350,278,451.0,879.0,1128.0,Healthy,-471.0
Whse_J,Product_1504,8709,3257,3697.0,8238.0,627.0,Warning,-471.0
Whse_J,Product_0268,502,3,5.0,24.0,724.0,Healthy,-478.0
Whse_J,Product_1062,691,61,67.0,212.0,664.0,Healthy,-479.0
Whse_J,Product_0282,994,256,128.0,511.0,609.0,Healthy,-483.0
Whse_J,Product_0703,555,22,30.0,65.0,880.0,Healthy,-490.0
Whse_J,Product_0457,550,28,17.0,58.0,353.0,Healthy,-492.0
Whse_J,Product_0476,2654,1629,670.0,2152.0,450.0,Healthy,-502.0
Whse_J,Product_0652,1109,108,176.0,601.0,576.0,Healthy,-508.0
Whse_J,Product_0594,1044,141,91.0,536.0,620.0,Healthy,-508.0
Whse_J,Product_0474,531,29,11.0,20.0,736.0,Healthy,-511.0
Whse_J,Product_0728,715,41,44.0,202.0,399.0,Healthy,-513.0
Whse_J,Product_0113,6221,5699,2747.0,5706.0,476.0,Warning,-515.0
Whse_J,Product_0771,1300,187,183.0,783.0,564.0,Healthy,-517.0
Whse_J,Product_0706,1081,341,161.0,555.0,720.0,Healthy,-526.0
Whse_J,Product_0318,613,103,47.0,83.0,887.0,Healthy,-530.0
Whse_J,Product_0290,671,50,50.0,137.0,498.0,Healthy,-534.0
Whse_J,Product_0354,582,33,21.0,45.0,352.0,Healthy,-537.0
Whse_J,Product_0316,1187,201,254.0,645.0,361.0,Healthy,-542.0
Whse_J,Product_0307,701,52,47.0,156.0,779.0,Healthy,-545.0
Whse_J,Product_0165,573,18,12.0,25.0,370.0,Healthy,-548.0
Whse_J,Product_0273,1444,376,404.0,894.0,1767.0,Healthy,-550.0
Whse_J,Product_0265,567,7,4.0,15.0,378.0,Healthy,-552.0
Whse_J,Product_0238,1587,254,372.0,1035.0,467.0,Healthy,-552.0
Whse_J,Product_0481,1026,129,198.0,473.0,776.0,Healthy,-553.0
Whse_J,Product_0666,670,52,53.0,114.0,813.0,Healthy,-556.0
Whse_J,Product_0459,777,143,75.0,219.0,878.0,Healthy,-558.0
Whse_J,Product_0402,607,15,24.0,49.0,358.0,Healthy,-558.0
Whse_J,Product_0278,1243,239,314.0,680.0,677.0,Healthy,-563.0
Whse_J,Product_0755,1033,127,126.0,453.0,933.0,Healthy,-580.0
Whse_J,Product_0447,699,26,45.0,118.0,482.0,Healthy,-581.0
Whse_J,Product_0775,649,22,18.0,67.0,1552.0,Healthy,-582.0
Whse_J,Product_1043,1205,395,280.0,620.0,813.0,Healthy,-585.0
Whse_J,Product_0267,645,13,31.0,54.0,956.0,Healthy,-591.0
Whse_J,Product_0627,665,44,49.0,74.0,2990.0,Healthy,-591.0
Whse_J,Product_0713,724,69,53.0,121.0,1733.0,Healthy,-603.0
Whse_J,Product_0432,630,8,9.0,27.0,225.0,Healthy,-603.0
Whse_J,Product_0961,2796,1103,1535.0,2187.0,1965.0,Healthy,-609.0
Whse_J,Product_0266,630,15,11.0,21.0,304.0,Healthy,-609.0
Whse_J,Product_0625,686,17,31.0,76.0,1000.0,Healthy,-610.0
Whse_J,Product_0533,952,71,155.0,342.0,319.0,Healthy,-610.0
Whse_J,Product_0621,641,8,21.0,30.0,1717.0,Healthy,-611.0
Whse_J,Product_0251,643,27,16.0,28.0,463.0,Healthy,-615.0
Whse_J,Product_0361,686,20,50.0,70.0,1771.0,Healthy,-616.0
Whse_J,Product_0299,772,189,79.0,153.0,399.0,Healthy,-619.0
Whse_J,Product_0544,675,39,23.0,55.0,503.0,Healthy,-620.0
Whse_J,Product_0586,1808,348,263.0,1181.0,541.0,Healthy,-627.0
Whse_J,Product_0716,756,35,53.0,128.0,748.0,Healthy,-628.0
Whse_A,Product_1509,3702,3681,2094.0,3071.0,1816.0,Healthy,-631.0
Whse_J,Product_0633,639,7,2.0,5.0,324.0,Healthy,-634.0
Whse_J,Product_1212,2974,1682,734.0,2339.0,350.0,Healthy,-635.0
Whse_J,Product_0260,770,39,56.0,135.0,760.0,Healthy,-635.0
Whse_C,Product_0874,812,510,77.0,177.0,149.0,Healthy,-635.0
Whse_J,Product_1112,689,16,22.0,51.0,733.0,Healthy,-638.0
Whse_J,Product_0978,4654,1056,1333.0,4015.0,616.0,Warning,-639.0
Whse_J,Product_0492,672,19,16.0,30.0,909.0,Healthy,-642.0
Whse_J,Product_0901,1713,321,272.0,1068.0,1906.0,Healthy,-645.0
Whse_J,Product_0362,668,10,3.0,22.0,384.0,Healthy,-646.0
Whse_J,Product_0291,1581,258,360.0,934.0,480.0,Healthy,-647.0
Whse_J,Product_0707,1057,318,228.0,408.0,227.0,Healthy,-649.0
Whse_J,Product_1386,10759,2512,4652.0,10109.0,573.0,Warning,-650.0
Whse_J,Product_0815,763,29,36.0,113.0,886.0,Healthy,-650.0
Whse_J,Product_0546,858,41,109.0,206.0,1831.0,Healthy,-652.0
Whse_J,Product_0160,673,17,6.0,13.0,201.0,Healthy,-660.0
Whse_J,Product_0111,1152,276,221.0,491.0,881.0,Healthy,-661.0
Whse_J,Product_0673,679,8,6.0,18.0,262.0,Healthy,-661.0
Whse_J,Product_0803,721,27,12.0,59.0,988.0,Healthy,-662.0
Whse_C,Product_0639,693,21,18.0,28.0,961.0,Healthy,-665.0
Whse_J,Product_0049,1325,523,182.0,652.0,569.0,Healthy,-673.0
Whse_J,Product_0808,1477,105,415.0,802.0,1004.0,Healthy,-675.0
Whse_J,Product_0719,956,47,111.0,281.0,851.0,Healthy,-675.0
Whse_J,Product_0731,772,23,28.0,94.0,1063.0,Healthy,-678.0
Whse_J,Product_1029,3901,1579,1430.0,3221.0,412.0,Healthy,-680.0
Whse_C,Product_0877,1359,1093,295.0,675.0,77.0,Healthy,-684.0
Whse_J,Product_0469,1957,777,767.0,1272.0,573.0,Healthy,-685.0
Whse_J,Product_1429,9273,3828,5292.0,8587.0,1200.0,Warning,-686.0
Whse_J,Product_0726,1116,173,136.0,428.0,183.0,Healthy,-688.0
Whse_J,Product_0747,717,15,11.0,22.0,1936.0,Healthy,-695.0
Whse_J,Product_0860,720,21,10.0,23.0,154.0,Healthy,-697.0
Whse_J,Product_0243,1307,496,265.0,606.0,531.0,Healthy,-701.0
Whse_J,Product_0118,1127,152,133.0,420.0,834.0,Healthy,-707.0
Whse_J,Product_0616,717,19,4.0,9.0,649.0,Healthy,-708.0
Whse_J,Product_0539,778,66,17.0,69.0,192.0,Healthy,-709.0
Whse_J,Product_0710,1097,109,91.0,388.0,473.0,Healthy,-709.0
Whse_J,Product_0628,807,29,33.0,95.0,1246.0,Healthy,-712.0
Whse_C,Product_2166,895,149,99.0,171.0,1957.0,Healthy,-724.0
Whse_J,Product_0827,872,34,74.0,134.0,995.0,Healthy,-738.0
Whse_J,Product_0302,819,48,44.0,80.0,673.0,Healthy,-739.0
Whse_J,Product_0029,1261,530,169.0,522.0,621.0,Healthy,-739.0
Whse_C,Product_1595,1217,1137,172.0,474.0,180.0,Healthy,-743.0
Whse_J,Product_0700,1374,104,139.0,606.0,985.0,Healthy,-768.0
Whse_J,Product_0675,809,14,11.0,39.0,713.0,Healthy,-770.0
Whse_J,Product_0280,1000,150,97.0,216.0,461.0,Healthy,-784.0
Whse_J,Product_0745,957,55,59.0,171.0,1124.0,Healthy,-786.0
Whse_J,Product_0223,1293,717,288.0,505.0,398.0,Healthy,-788.0
Whse_J,Product_0623,861,44,23.0,70.0,699.0,Healthy,-791.0
Whse_J,Product_0306,934,22,57.0,138.0,804.0,Healthy,-796.0
Whse_J,Product_0734,984,48,103.0,185.0,810.0,Healthy,-799.0
Whse_J,Product_0570,1446,132,319.0,637.0,1087.0,Healthy,-809.0
Whse_J,Product_0661,911,34,37.0,101.0,506.0,Healthy,-810.0
Whse_J,Product_0173,1142,87,121.0,327.0,371.0,Healthy,-815.0
Whse_J,Product_0569,1102,59,121.0,273.0,829.0,Healthy,-829.0
Whse_J,Product_0463,1070,65,164.0,239.0,1997.0,Healthy,-831.0
Whse_J,Product_1497,3335,545,966.0,2496.0,267.0,Healthy,-839.0
Whse_J,Product_0334,926,14,30.0,83.0,566.0,Healthy,-843.0
Whse_J,Product_0655,884,13,12.0,40.0,817.0,Healthy,-844.0
Whse_J,Product_0349,2167,111,699.0,1321.0,2546.0,Healthy,-846.0
Whse_J,Product_0311,1299,143,211.0,448.0,897.0,Healthy,-851.0
Whse_J,Product_1186,1617,249,395.0,749.0,461.0,Healthy,-868.0
Whse_J,Product_0501,900,13,13.0,31.0,588.0,Healthy,-869.0
Whse_J,Product_0820,910,8,9.0,26.0,1006.0,Healthy,-884.0
Whse_J,Product_0746,1163,162,65.0,274.0,586.0,Healthy,-889.0
Whse_J,Product_0540,903,14,5.0,13.0,214.0,Healthy,-890.0
Whse_J,Product_0754,1045,99,50.0,143.0,945.0,Healthy,-902.0
Whse_A,Product_1441,2420,2376,847.0,1516.0,615.0,Healthy,-904.0
Whse_J,Product_0787,1270,125,95.0,355.0,943.0,Healthy,-915.0
Whse_J,Product_0482,966,10,14.0,32.0,657.0,Healthy,-934.0
Whse_J,Product_0125,979,32,14.0,44.0,906.0,Healthy,-935.0
Whse_J,Product_0645,1004,24,30.0,69.0,1161.0,Healthy,-935.0
Whse_J,Product_0817,1040,14,30.0,100.0,1091.0,Healthy,-940.0
Whse_S,Product_0455,1000,30,12.0,58.0,451.0,Healthy,-942.0
Whse_J,Product_1122,1134,70,64.0,187.0,585.0,Healthy,-947.0
Whse_J,Product_0866,957,8,3.0,8.0,1206.0,Healthy,-949.0
Whse_J,Product_0689,3181,894,559.0,2216.0,631.0,Healthy,-965.0
Whse_J,Product_1020,1066,51,63.0,95.0,443.0,Healthy,-971.0
Whse_J,Product_0711,1100,38,32.0,120.0,730.0,Healthy,-980.0
Whse_J,Product_0864,1010,2,4.0,15.0,418.0,Healthy,-995.0
Whse_J,Product_0156,1050,7,16.0,48.0,440.0,Healthy,-1002.0
Whse_J,Product_0449,1049,13,13.0,42.0,249.0,Healthy,-1007.0
Whse_J,Product_0547,1560,144,222.0,552.0,509.0,Healthy,-1008.0
Whse_J,Product_0763,1064,11,11.0,30.0,1464.0,Healthy,-1034.0
Whse_J,Product_0665,1160,20,42.0,116.0,825.0,Healthy,-1044.0
Whse_J,Product_1941,1065,5,4.0,20.0,531.0,Healthy,-1045.0
Whse_J,Product_0756,1206,79,59.0,158.0,2257.0,Healthy,-1048.0
Whse_J,Product_0604,2314,1462,399.0,1263.0,524.0,Healthy,-1051.0
Whse_J,Product_0721,1118,24,15.0,55.0,642.0,Healthy,-1063.0
Whse_J,Product_0729,1363,106,78.0,287.0,591.0,Healthy,-1076.0
Whse_J,Product_0059,1089,2,3.0,12.0,874.0,Healthy,-1077.0
Whse_J,Product_0692,1267,294,29.0,188.0,315.0,Healthy,-1079.0
Whse_J,Product_0839,1638,217,278.0,549.0,1270.0,Healthy,-1089.0
Whse_J,Product_1118,1116,31,10.0,26.0,422.0,Healthy,-1090.0
Whse_J,Product_0720,1186,36,31.0,95.0,1462.0,Healthy,-1091.0
Whse_J,Product_1100,1116,3,4.0,22.0,120.0,Healthy,-1094.0
Whse_J,Product_0609,1110,6,6.0,14.0,901.0,Healthy,-1096.0
Whse_J,Product_0678,1706,413,228.0,609.0,276.0,Healthy,-1097.0
Whse_J,Product_1105,2706,928,1031.0,1609.0,436.0,Healthy,-1097.0
Whse_J,Product_0572,1648,371,189.0,528.0,738.0,Healthy,-1120.0
Whse_J,Product_0363,1146,4,2.0,11.0,334.0,Healthy,-1135.0
Whse_J,Product_0828,1203,37,25.0,67.0,342.0,Healthy,-1136.0
Whse_J,Product_0159,1187,30,33.0,49.0,243.0,Healthy,-1138.0
Whse_J,Product_0348,1423,129,141.0,279.0,1016.0,Healthy,-1144.0
Whse_J,Product_1843,13202,5187,4873.0,12057.0,369.0,Warning,-1145.0
Whse_J,Product_1125,1629,363,246.0,477.0,426.0,Healthy,-1152.0
Whse_J,Product_0750,1221,58,22.0,66.0,437.0,Healthy,-1155.0
Whse_J,Product_0795,1241,81,48.0,85.0,1454.0,Healthy,-1156.0
Whse_J,Product_1040,3050,611,374.0,1894.0,488.0,Healthy,-1156.0
Whse_J,Product_0513,1581,106,200.0,419.0,951.0,Healthy,-1162.0
Whse_J,Product_0698,1540,188,104.0,375.0,225.0,Healthy,-1165.0
Whse_J,Product_0757,1768,156,150.0,599.0,1020.0,Healthy,-1169.0
Whse_J,Product_0681,2539,488,335.0,1359.0,600.0,Healthy,-1180.0
Whse_J,Product_0766,1330,47,57.0,148.0,681.0,Healthy,-1182.0
Whse_J,Product_0386,2320,1029,339.0,1131.0,502.0,Healthy,-1189.0
Whse_J,Product_0844,1773,208,283.0,577.0,462.0,Healthy,-1196.0
Whse_J,Product_0694,1222,16,10.0,23.0,654.0,Healthy,-1199.0
Whse_J,Product_1141,1637,125,150.0,430.0,423.0,Healthy,-1207.0
Whse_J,Product_0800,1249,16,10.0,40.0,386.0,Healthy,-1209.0
Whse_J,Product_1334,1980,425,160.0,766.0,508.0,Healthy,-1214.0
Whse_J,Product_1049,1392,297,67.0,178.0,308.0,Healthy,-1214.0
Whse_J,Product_0992,18332,12764,6407.0,17107.0,638.0,Warning,-1225.0
Whse_J,Product_1540,8777,1875,3008.0,7540.0,1951.0,Warning,-1237.0
Whse_J,Product_0715,1471,66,72.0,233.0,822.0,Healthy,-1238.0
Whse_J,Product_0668,1401,53,84.0,159.0,618.0,Healthy,-1242.0
Whse_J,Product_0788,1290,38,18.0,42.0,712.0,Healthy,-1248.0
Whse_J,Product_0868,1542,74,70.0,284.0,191.0,Healthy,-1258.0
Whse_J,Product_0804,1303,71,12.0,43.0,598.0,Healthy,-1260.0
Whse_J,Product_0814,1329,16,36.0,66.0,613.0,Healthy,-1263.0
Whse_J,Product_0708,1485,264,83.0,216.0,474.0,Healthy,-1269.0
Whse_J,Product_1277,2427,305,364.0,1153.0,226.0,Healthy,-1274.0
Whse_J,Product_1093,1428,84,82.0,150.0,786.0,Healthy,-1278.0
Whse_J,Product_0263,1311,16,8.0,27.0,818.0,Healthy,-1284.0
Whse_J,Product_0767,1863,187,120.0,572.0,712.0,Healthy,-1291.0
Whse_J,Product_0364,1324,30,20.0,32.0,1211.0,Healthy,-1292.0
Whse_J,Product_0231,3281,382,997.0,1987.0,913.0,Healthy,-1294.0
Whse_J,Product_0041,1644,469,127.0,348.0,401.0,Healthy,-1296.0
Whse_J,Product_0332,1398,38,41.0,102.0,877.0,Healthy,-1296.0
Whse_J,Product_1091,1399,70,42.0,101.0,276.0,Healthy,-1298.0
Whse_J,Product_1026,3146,1819,683.0,1847.0,702.0,Healthy,-1299.0
Whse_J,Product_0310,1741,66,156.0,441.0,436.0,Healthy,-1300.0
Whse_J,Product_1052,2070,355,485.0,759.0,909.0,Healthy,-1311.0
Whse_J,Product_0749,1481,46,65.0,169.0,848.0,Healthy,-1312.0
Whse_J,Product_0653,1581,343,94.0,266.0,541.0,Healthy,-1315.0
Whse_J,Product_0499,1336,10,8.0,18.0,315.0,Healthy,-1318.0
Whse_J,Product_0797,1368,11,13.0,47.0,477.0,Healthy,-1321.0
Whse_J,Product_0970,1510,172,80.0,187.0,282.0,Healthy,-1323.0
Whse_J,Product_0691,1615,619,146.0,276.0,394.0,Healthy,-1339.0
Whse_J,Product_0672,1412,92,45.0,72.0,754.0,Healthy,-1340.0
Whse_J,Product_0663,1518,219,64.0,169.0,662.0,Healthy,-1349.0
Whse_J,Product_0806,1366,16,6.0,15.0,713.0,Healthy,-1351.0
Whse_J,Product_0954,1372,8,8.0,20.0,551.0,Healthy,-1352.0
Whse_J,Product_1193,5862,2945,2055.0,4507.0,1038.0,Healthy,-1355.0
Whse_J,Product_0446,1597,68,77.0,233.0,511.0,Healthy,-1364.0
Whse_S,Product_0392,63410,10282,23504.0,62029.0,810.0,Warning,-1381.0
Whse_J,Product_0764,1403,59,10.0,20.0,747.0,Healthy,-1383.0
Whse_J,Product_0258,1392,3,2.0,8.0,627.0,Healthy,-1384.0
Whse_J,Product_0833,2684,1829,743.0,1298.0,1125.0,Healthy,-1386.0
Whse_J,Product_0680,2048,351,198.0,661.0,215.0,Healthy,-1387.0
Whse_J,Product_0336,1518,45,77.0,131.0,669.0,Healthy,-1387.0
Whse_J,Product_1562,8114,1297,1756.0,6724.0,365.0,Healthy,-1390.0
Whse_J,Product_0412,1516,69,74.0,105.0,1489.0,Healthy,-1411.0
Whse_J,Product_0353,1743,40,136.0,315.0,1754.0,Healthy,-1428.0
Whse_J,Product_0840,1817,185,151.0,378.0,852.0,Healthy,-1439.0
Whse_J,Product_0590,3258,591,352.0,1818.0,330.0,Healthy,-1440.0
Whse_J,Product_0483,1507,51,22.0,60.0,284.0,Healthy,-1447.0
Whse_J,Product_1710,1505,31,21.0,55.0,1043.0,Healthy,-1450.0
Whse_J,Product_0659,1510,39,22.0,60.0,831.0,Healthy,-1450.0
Whse_J,Product_0712,1531,16,22.0,75.0,1109.0,Healthy,-1456.0
Whse_J,Product_0630,1495,3,2.0,12.0,302.0,Healthy,-1483.0
Whse_J,Product_0526,1533,14,16.0,49.0,203.0,Healthy,-1484.0
Whse_J,Product_0779,1589,46,47.0,99.0,2403.0,Healthy,-1490.0
Whse_J,Product_0641,1539,10,17.0,42.0,579.0,Healthy,-1497.0
Whse_J,Product_0337,1581,73,42.0,78.0,819.0,Healthy,-1503.0
Whse_J,Product_1096,1559,23,13.0,45.0,592.0,Healthy,-1514.0
Whse_J,Product_1626,6925,2725,3267.0,5410.0,695.0,Healthy,-1515.0
Whse_J,Product_0640,1563,10,11.0,45.0,740.0,Healthy,-1518.0
Whse_J,Product_0674,1541,2,3.0,12.0,275.0,Healthy,-1529.0
Whse_J,Product_0298,1642,182,64.0,112.0,350.0,Healthy,-1530.0
Whse_J,Product_1499,5558,1308,1509.0,4020.0,1120.0,Healthy,-1538.0
Whse_J,Product_0953,2567,955,490.0,989.0,308.0,Healthy,-1578.0
Whse_J,Product_1187,2512,430,350.0,884.0,505.0,Healthy,-1628.0
Whse_J,Product_0504,1831,41,71.0,191.0,374.0,Healthy,-1640.0
Whse_J,Product_1532,3415,1330,1097.0,1774.0,1434.0,Healthy,-1641.0
Whse_J,Product_0516,1823,55,77.0,182.0,1738.0,Healthy,-1641.0
Whse_J,Product_1815,1785,20,57.0,140.0,1195.0,Healthy,-1645.0
Whse_J,Product_2098,1729,455,18.0,72.0,38.0,Healthy,-1657.0
Whse_J,Product_1181,1718,20,19.0,47.0,589.0,Healthy,-1671.0
Whse_J,Product_0972,2326,225,154.0,647.0,186.0,Healthy,-1679.0
Whse_J,Product_1934,1692,3,2.0,6.0,161.0,Healthy,-1686.0
Whse_J,Product_0651,1701,4,5.0,9.0,392.0,Healthy,-1692.0
Whse_J,Product_1019,1932,58,0.0,240.0,212.0,Healthy,-1692.0
Whse_J,Product_0603,3319,771,463.0,1620.0,562.0,Healthy,-1699.0
Whse_J,Product_0662,2381,362,258.0,680.0,1127.0,Healthy,-1701.0
Whse_J,Product_1791,10336,2359,1801.0,8626.0,511.0,Warning,-1710.0
Whse_J,Product_1046,2635,260,207.0,924.0,489.0,Healthy,-1711.0
Whse_J,Product_0643,1783,6,29.0,52.0,1222.0,Healthy,-1731.0
Whse_J,Product_1188,5298,2015,1141.0,3560.0,744.0,Healthy,-1738.0
Whse_J,Product_0617,1785,13,17.0,41.0,708.0,Healthy,-1744.0
Whse_J,Product_0730,1868,166,45.0,118.0,730.0,Healthy,-1750.0
Whse_J,Product_1674,1782,10,7.0,24.0,1114.0,Healthy,-1758.0
Whse_J,Product_1255,4569,1315,1198.0,2801.0,547.0,Healthy,-1768.0
Whse_J,Product_1332,2786,263,154.0,1006.0,433.0,Healthy,-1780.0
Whse_J,Product_0770,2186,89,73.0,379.0,402.0,Healthy,-1807.0
Whse_J,Product_0684,5073,1516,835.0,3259.0,427.0,Healthy,-1814.0
Whse_J,Product_1099,1858,13,8.0,29.0,159.0,Healthy,-1829.0
Whse_J,Product_0670,2334,74,292.0,499.0,1591.0,Healthy,-1835.0
Whse_J,Product_0783,2256,109,139.0,386.0,860.0,Healthy,-1870.0
Whse_J,Product_1716,2268,128,152.0,397.0,618.0,Healthy,-1871.0
Whse_J,Product_0758,2280,192,86.0,389.0,294.0,Healthy,-1891.0
Whse_J,Product_0796,2047,50,53.0,141.0,585.0,Healthy,-1906.0
Whse_J,Product_0739,2227,300,111.0,319.0,1115.0,Healthy,-1908.0
Whse_J,Product_0329,2035,71,49.0,101.0,974.0,Healthy,-1934.0
Whse_J,Product_1056,2314,122,95.0,369.0,601.0,Healthy,-1945.0
Whse_J,Product_1475,11898,1752,6210.0,9943.0,1151.0,Warning,-1955.0
Whse_J,Product_1940,1999,6,9.0,20.0,800.0,Healthy,-1979.0
Whse_J,Product_0494,2045,14,25.0,64.0,263.0,Healthy,-1981.0
Whse_J,Product_1137,2481,245,193.0,468.0,669.0,Healthy,-2013.0
Whse_J,Product_1200,4890,2371,1147.0,2875.0,1280.0,Healthy,-2015.0
Whse_J,Product_0103,2699,181,310.0,684.0,1206.0,Healthy,-2015.0
Whse_J,Product_1992,14468,1778,5904.0,12449.0,1716.0,Warning,-2019.0
Whse_J,Product_0799,2100,11,12.0,57.0,591.0,Healthy,-2043.0
Whse_J,Product_1690,2072,7,5.0,27.0,242.0,Healthy,-2045.0
Whse_J,Product_1059,2488,234,107.0,442.0,664.0,Healthy,-2046.0
Whse_J,Product_1722,2093,25,24.0,45.0,756.0,Healthy,-2048.0
Whse_J,Product_1691,2128,43,45.0,73.0,947.0,Healthy,-2055.0
Whse_J,Product_0862,2083,10,5.0,25.0,291.0,Healthy,-2058.0
Whse_J,Product_0702,2506,122,108.0,435.0,360.0,Healthy,-2071.0
Whse_J,Product_0351,2417,77,111.0,323.0,747.0,Healthy,-2094.0
Whse_J,Product_0798,2255,39,69.0,138.0,744.0,Healthy,-2117.0
Whse_J,Product_0693,2204,18,23.0,79.0,1075.0,Healthy,-2125.0
Whse_J,Product_0620,2177,23,29.0,45.0,4584.0,Healthy,-2132.0
Whse_J,Product_0762,2397,96,57.0,248.0,411.0,Healthy,-2149.0
Whse_J,Product_1113,2177,14,8.0,21.0,394.0,Healthy,-2156.0
Whse_S,Product_0453,2679,119,266.0,486.0,1340.0,Healthy,-2193.0
Whse_J,Product_1946,2208,9,4.0,11.0,765.0,Healthy,-2197.0
Whse_J,Product_0781,2379,29,64.0,180.0,1511.0,Healthy,-2199.0
Whse_J,Product_0778,2300,44,20.0,96.0,689.0,Healthy,-2204.0
Whse_J,Product_0629,2251,13,10.0,38.0,425.0,Healthy,-2213.0
Whse_J,Product_0772,2553,183,54.0,329.0,265.0,Healthy,-2224.0
Whse_J,Product_1769,2278,16,7.0,21.0,611.0,Healthy,-2257.0
Whse_J,Product_1050,2750,158,154.0,440.0,599.0,Healthy,-2310.0
Whse_J,Product_0780,2421,46,71.0,107.0,1474.0,Healthy,-2314.0
Whse_S,Product_0495,2684,111,154.0,368.0,2383.0,Healthy,-2316.0
Whse_J,Product_1320,2856,377,156.0,539.0,291.0,Healthy,-2317.0
Whse_J,Product_0826,2593,45,114.0,268.0,466.0,Healthy,-2325.0
Whse_J,Product_0394,2419,43,39.0,73.0,323.0,Healthy,-2346.0
Whse_J,Product_0679,2936,272,148.0,562.0,298.0,Healthy,-2374.0
Whse_J,Product_1541,6795,2631,2841.0,4403.0,1094.0,Healthy,-2392.0
Whse_J,Product_0774,2552,80,55.0,153.0,905.0,Healthy,-2399.0
Whse_J,Product_0782,2498,26,23.0,83.0,722.0,Healthy,-2415.0
Whse_J,Product_0971,4327,798,823.0,1902.0,566.0,Healthy,-2425.0
Whse_J,Product_0723,2553,139,55.0,127.0,524.0,Healthy,-2426.0
Whse_J,Product_0024,5771,5434,1251.0,3330.0,324.0,Healthy,-2441.0
Whse_C,Product_0885,7656,7647,2829.0,5192.0,429.0,Healthy,-2464.0
Whse_J,Product_0810,2913,99,54.0,444.0,362.0,Healthy,-2469.0
Whse_J,Product_0834,5223,759,396.0,2747.0,633.0,Healthy,-2476.0
Whse_J,Product_1311,3639,652,314.0,1156.0,255.0,Healthy,-2483.0
Whse_J,Product_1801,2622,30,44.0,138.0,635.0,Healthy,-2484.0
Whse_S,Product_0162,3316,183,364.0,811.0,145.0,Healthy,-2505.0
Whse_J,Product_1329,3267,249,160.0,741.0,279.0,Healthy,-2526.0
Whse_J,Product_0843,2805,135,126.0,278.0,660.0,Healthy,-2527.0
Whse_J,Product_1509,5607,2334,2094.0,3071.0,1816.0,Healthy,-2536.0
Whse_J,Product_1136,3125,237,163.0,582.0,407.0,Healthy,-2543.0
Whse_J,Product_1482,29982,9208,11359.0,27438.0,1440.0,Warning,-2544.0
Whse_J,Product_1230,4843,1269,694.0,2295.0,763.0,Healthy,-2548.0
Whse_J,Product_1283,4397,1649,642.0,1845.0,587.0,Healthy,-2552.0
Whse_J,Product_1303,7150,3466,2588.0,4597.0,512.0,Healthy,-2553.0
Whse_J,Product_1336,3729,238,146.0,1175.0,356.0,Healthy,-2554.0
Whse_J,Product_1550,5275,773,1041.0,2715.0,986.0,Healthy,-2560.0
Whse_J,Product_0738,2749,42,43.0,165.0,1807.0,Healthy,-2584.0
Whse_J,Product_2103,2650,51,23.0,65.0,253.0,Healthy,-2585.0
Whse_J,Product_0667,2877,50,198.0,290.0,255.0,Healthy,-2587.0
Whse_J,Product_1058,2942,142,73.0,353.0,298.0,Healthy,-2589.0
Whse_J,Product_0848,3035,94,138.0,436.0,567.0,Healthy,-2599.0
Whse_J,Product_1872,2672,10,23.0,57.0,721.0,Healthy,-2615.0
Whse_J,Product_0722,2714,35,26.0,96.0,503.0,Healthy,-2618.0
Whse_J,Product_0443,2784,91,94.0,160.0,779.0,Healthy,-2624.0
Whse_J,Product_1370,15114,5528,7741.0,12482.0,1276.0,Healthy,-2632.0
Whse_J,Product_1327,3669,500,0.0,1000.0,208.0,Healthy,-2669.0
Whse_J,Product_1119,2744,16,14.0,54.0,580.0,Healthy,-2690.0
Whse_J,Product_0830,4926,1207,1030.0,2213.0,529.0,Healthy,-2713.0
Whse_J,Product_0939,4852,394,567.0,2136.0,393.0,Healthy,-2716.0
Whse_J,Product_1896,3059,205,136.0,318.0,1166.0,Healthy,-2741.0
Whse_J,Product_1932,2786,2,3.0,13.0,442.0,Healthy,-2773.0
Whse_J,Product_1097,3015,111,60.0,231.0,353.0,Healthy,-2784.0
Whse_J,Product_1869,2831,11,10.0,22.0,604.0,Healthy,-2809.0
Whse_J,Product_0794,3016,48,53.0,190.0,855.0,Healthy,-2826.0
Whse_J,Product_2096,2927,72,34.0,80.0,275.0,Healthy,-2847.0
Whse_J,Product_1194,4907,1006,1120.0,2044.0,802.0,Healthy,-2863.0
Whse_J,Product_1208,2950,28,19.0,78.0,819.0,Healthy,-2872.0
Whse_J,Product_1937,2905,9,4.0,13.0,434.0,Healthy,-2892.0
Whse_J,Product_0811,2934,14,7.0,28.0,356.0,Healthy,-2906.0
Whse_J,Product_0612,2912,3,2.0,6.0,202.0,Healthy,-2906.0
Whse_J,Product_0900,3339,236,79.0,429.0,435.0,Healthy,-2910.0
Whse_J,Product_1259,5063,1992,1009.0,2147.0,1090.0,Healthy,-2916.0
Whse_S,Product_0229,6009,1207,1968.0,3068.0,365.0,Healthy,-2941.0
Whse_J,Product_1196,5197,1811,916.0,2252.0,1726.0,Healthy,-2945.0
Whse_J,Product_0802,3009,16,7.0,25.0,372.0,Healthy,-2984.0
Whse_J,Product_0614,3089,38,63.0,102.0,1592.0,Healthy,-2987.0
Whse_J,Product_1546,17243,4842,3302.0,14232.0,602.0,Healthy,-3011.0
Whse_J,Product_1870,3039,11,5.0,19.0,388.0,Healthy,-3020.0
Whse_J,Product_1942,3161,13,33.0,94.0,553.0,Healthy,-3067.0
Whse_J,Product_1114,4700,296,530.0,1626.0,321.0,Healthy,-3074.0
Whse_J,Product_1139,4391,172,467.0,1274.0,645.0,Healthy,-3117.0
Whse_J,Product_0777,3150,13,8.0,30.0,338.0,Healthy,-3120.0
Whse_J,Product_0959,3153,3,2.0,6.0,238.0,Healthy,-3147.0
Whse_J,Product_0377,4501,1046,392.0,1315.0,404.0,Healthy,-3186.0
Whse_J,Product_0737,3315,27,26.0,127.0,1064.0,Healthy,-3188.0
Whse_J,Product_1061,3389,56,46.0,154.0,257.0,Healthy,-3235.0
Whse_J,Product_1176,3428,87,38.0,169.0,275.0,Healthy,-3259.0
Whse_J,Product_0867,3307,7,8.0,38.0,979.0,Healthy,-3269.0
Whse_C,Product_1507,29769,29650,10192.0,26488.0,1207.0,Warning,-3281.0
Whse_J,Product_0784,3585,52,81.0,263.0,839.0,Healthy,-3322.0
Whse_J,Product_1331,4480,249,222.0,1111.0,501.0,Healthy,-3369.0
Whse_J,Product_1658,3540,74,58.0,145.0,749.0,Healthy,-3395.0
Whse_J,Product_1146,3466,6,10.0,32.0,564.0,Healthy,-3434.0
Whse_J,Product_0768,4195,148,242.0,751.0,885.0,Healthy,-3444.0
Whse_J,Product_0765,3520,9,17.0,70.0,873.0,Healthy,-3450.0
Whse_J,Product_1201,5079,1088,678.0,1629.0,1027.0,Healthy,-3450.0
Whse_J,Product_1891,4028,70,182.0,489.0,1202.0,Healthy,-3539.0
Whse_J,Product_0696,3742,123,45.0,199.0,459.0,Healthy,-3543.0
Whse_J,Product_0818,3642,15,12.0,30.0,1469.0,Healthy,-3612.0
Whse_J,Product_1192,5485,1117,399.0,1853.0,325.0,Healthy,-3632.0
Whse_J,Product_1021,12568,3367,6006.0,8927.0,533.0,Healthy,-3641.0
Whse_J,Product_0819,3681,19,14.0,37.0,991.0,Healthy,-3644.0
Whse_J,Product_1228,21813,8525,4676.0,18154.0,770.0,Healthy,-3659.0
Whse_J,Product_1038,4296,321,205.0,632.0,165.0,Healthy,-3664.0
Whse_J,Product_0789,3799,56,34.0,130.0,432.0,Healthy,-3669.0
Whse_S,Product_0514,5664,680,807.0,1989.0,732.0,Healthy,-3675.0
Whse_J,Product_0753,3810,22,18.0,74.0,753.0,Healthy,-3736.0
Whse_J,Product_0632,3769,20,18.0,32.0,1497.0,Healthy,-3737.0
Whse_C,Product_1238,6219,6129,1282.0,2473.0,512.0,Healthy,-3746.0
Whse_J,Product_1755,3771,19,12.0,25.0,1340.0,Healthy,-3746.0
Whse_J,Product_1258,6250,787,998.0,2493.0,1209.0,Healthy,-3757.0
Whse_J,Product_0460,3920,48,52.0,99.0,817.0,Healthy,-3821.0
Whse_J,Product_1671,3923,46,37.0,96.0,923.0,Healthy,-3827.0
Whse_J,Product_0704,3868,32,15.0,35.0,794.0,Healthy,-3833.0
Whse_J,Product_1473,7144,1805,1038.0,3256.0,1349.0,Healthy,-3888.0
Whse_J,Product_1121,4040,53,55.0,133.0,536.0,Healthy,-3907.0
Whse_J,Product_0865,3949,7,5.0,14.0,258.0,Healthy,-3935.0
Whse_J,Product_1107,7206,1256,1942.0,3251.0,1369.0,Healthy,-3955.0
Whse_J,Product_1753,4060,12,5.0,22.0,623.0,Healthy,-4038.0
Whse_J,Product_0793,4177,66,34.0,128.0,1393.0,Healthy,-4049.0
Whse_J,Product_1206,8334,829,1265.0,4281.0,284.0,Healthy,-4053.0
Whse_J,Product_1335,4435,274,85.0,270.0,341.0,Healthy,-4165.0
Whse_J,Product_1326,5025,489,194.0,859.0,417.0,Healthy,-4166.0
Whse_J,Product_1142,5362,454,316.0,1193.0,926.0,Healthy,-4169.0
Whse_J,Product_0705,4579,253,109.0,381.0,1665.0,Healthy,-4198.0
Whse_J,Product_1138,4839,170,183.0,629.0,395.0,Healthy,-4210.0
Whse_J,Product_2015,51239,18065,27256.0,47006.0,2498.0,Warning,-4233.0
Whse_J,Product_1719,4493,183,118.0,198.0,2474.0,Healthy,-4295.0
Whse_J,Product_1826,57957,8341,34291.0,53657.0,2669.0,Warning,-4300.0
Whse_J,Product_1795,8007,1356,1021.0,3698.0,962.0,Healthy,-4309.0
Whse_J,Product_1565,6646,456,1264.0,2216.0,540.0,Healthy,-4430.0
Whse_J,Product_2062,4693,179,142.0,257.0,630.0,Healthy,-4436.0
Whse_J,Product_1952,4491,9,14.0,38.0,612.0,Healthy,-4453.0
Whse_J,Product_1806,4500,11,7.0,28.0,396.0,Healthy,-4472.0
Whse_J,Product_1936,4494,5,4.0,19.0,561.0,Healthy,-4475.0
Whse_J,Product_0683,4939,623,180.0,444.0,850.0,Healthy,-4495.0
Whse_J,Product_0725,4770,102,83.0,247.0,252.0,Healthy,-4523.0
Whse_J,Product_1493,18574,6519,9522.0,14033.0,1906.0,Healthy,-4541.0
Whse_J,Product_1874,4583,7,6.0,27.0,1080.0,Healthy,-4556.0
Whse_J,Product_1372,23527,11575,12601.0,18957.0,3307.0,Healthy,-4570.0
Whse_J,Product_1028,7435,2983,494.0,2782.0,208.0,Healthy,-4653.0
Whse_C,Product_0002,71599,71505,49791.0,66926.0,2330.0,Warning,-4673.0
Whse_J,Product_1411,7498,642,807.0,2795.0,640.0,Healthy,-4703.0
Whse_J,Product_0846,4922,82,142.0,198.0,652.0,Healthy,-4724.0
Whse_J,Product_1764,4806,36,18.0,41.0,643.0,Healthy,-4765.0
Whse_S,Product_0476,6932,1445,670.0,2152.0,450.0,Healthy,-4780.0
Whse_J,Product_1680,4945,18,64.0,149.0,1782.0,Healthy,-4796.0
Whse_J,Product_0742,5124,155,92.0,313.0,486.0,Healthy,-4811.0
Whse_J,Product_1417,8256,2777,2642.0,3403.0,886.0,Healthy,-4853.0
Whse_J,Product_1781,4887,32,10.0,32.0,646.0,Healthy,-4855.0
Whse_J,Product_1731,7482,853,1360.0,2596.0,787.0,Healthy,-4886.0
Whse_S,Product_0381,56404,20219,21358.0,51467.0,669.0,Warning,-4937.0
Whse_J,Product_0741,5475,238,111.0,465.0,520.0,Healthy,-5010.0
Whse_J,Product_0903,5314,222,142.0,292.0,345.0,Healthy,-5022.0
Whse_J,Product_0964,10772,2170,2913.0,5726.0,285.0,Healthy,-5046.0
Whse_J,Product_1669,5386,115,100.0,293.0,2107.0,Healthy,-5093.0
Whse_J,Product_1145,5204,16,50.0,108.0,525.0,Healthy,-5096.0
Whse_J,Product_1717,5495,58,115.0,373.0,292.0,Healthy,-5122.0
Whse_J,Product_1993,7372,584,1092.0,2246.0,938.0,Healthy,-5126.0
Whse_J,Product_1051,6206,371,539.0,1068.0,840.0,Healthy,-5138.0
Whse_J,Product_1683,5229,19,19.0,61.0,510.0,Healthy,-5168.0
Whse_J,Product_1685,5210,5,9.0,24.0,537.0,Healthy,-5186.0
Whse_J,Product_1390,9331,1726,1839.0,4115.0,739.0,Healthy,-5216.0
Whse_J,Product_0853,5439,70,0.0,209.0,61.0,Healthy,-5230.0
Whse_J,Product_1232,15315,12736,5711.0,10072.0,1134.0,Healthy,-5243.0
Whse_J,Product_1539,16104,2370,7577.0,10860.0,2116.0,Healthy,-5244.0
Whse_J,Product_2111,10091,939,2436.0,4811.0,532.0,Healthy,-5280.0
Whse_J,Product_1333,6573,217,203.0,1293.0,552.0,Healthy,-5280.0
Whse_J,Product_2138,12401,2565,4345.0,7119.0,1664.0,Healthy,-5282.0
Whse_J,Product_1893,5431,41,29.0,95.0,191.0,Healthy,-5336.0
Whse_J,Product_1668,5399,7,10.0,23.0,657.0,Healthy,-5376.0
Whse_J,Product_1338,5668,515,71.0,284.0,359.0,Healthy,-5384.0
Whse_J,Product_1325,6510,239,135.0,1020.0,691.0,Healthy,-5490.0
Whse_J,Product_0752,5665,67,33.0,142.0,569.0,Healthy,-5523.0
Whse_J,Product_1762,5650,7,14.0,42.0,833.0,Healthy,-5608.0
Whse_J,Product_1305,8658,1365,1928.0,3036.0,1024.0,Healthy,-5622.0
Whse_J,Product_1679,5644,12,11.0,21.0,614.0,Healthy,-5623.0
Whse_J,Product_0956,5665,9,10.0,30.0,813.0,Healthy,-5635.0
Whse_J,Product_1665,5651,6,5.0,11.0,433.0,Healthy,-5640.0
Whse_J,Product_2088,6310,204,453.0,667.0,1022.0,Healthy,-5643.0
Whse_J,Product_1312,22308,10360,13515.0,16638.0,5623.0,Healthy,-5670.0
Whse_J,Product_1531,8718,1795,1014.0,2960.0,939.0,Healthy,-5758.0
Whse_J,Product_1383,12479,5012,3549.0,6708.0,1924.0,Healthy,-5771.0
Whse_J,Product_1695,5836,5,3.0,6.0,251.0,Healthy,-5830.0
Whse_J,Product_2014,10673,1782,2429.0,4843.0,845.0,Healthy,-5830.0
Whse_J,Product_1161,21221,15650,1486.0,15350.0,455.0,Healthy,-5871.0
Whse_J,Product_1614,5994,33,28.0,61.0,318.0,Healthy,-5933.0
Whse_J,Product_1063,5969,20,9.0,33.0,405.0,Healthy,-5936.0
Whse_S,Product_0219,10970,2017,3123.0,5013.0,867.0,Healthy,-5957.0
Whse_J,Product_1672,6263,127,166.0,293.0,1254.0,Healthy,-5970.0
Whse_J,Product_1798,7168,289,568.0,1194.0,404.0,Healthy,-5974.0
Whse_J,Product_1031,14721,1700,3341.0,8731.0,1009.0,Healthy,-5990.0
Whse_J,Product_1323,7218,801,177.0,1224.0,333.0,Healthy,-5994.0
Whse_J,Product_1057,6699,240,159.0,678.0,272.0,Healthy,-6021.0
Whse_J,Product_2021,27646,2617,11096.0,21613.0,756.0,Healthy,-6033.0
Whse_J,Product_1467,28836,17030,10267.0,22790.0,2393.0,Healthy,-6046.0
Whse_J,Product_1324,6833,362,160.0,783.0,367.0,Healthy,-6050.0
Whse_J,Product_2007,12951,1616,2572.0,6896.0,666.0,Healthy,-6055.0
Whse_J,Product_1864,6113,6,4.0,16.0,538.0,Healthy,-6097.0
Whse_J,Product_1887,6927,423,297.0,728.0,1883.0,Healthy,-6199.0
Whse_J,Product_1678,6449,52,115.0,208.0,1721.0,Healthy,-6241.0
Whse_J,Product_1933,6320,4,3.0,16.0,299.0,Healthy,-6304.0
Whse_J,Product_1379,13947,3965,2895.0,7495.0,600.0,Healthy,-6452.0
Whse_J,Product_1490,10908,2269,2208.0,4366.0,755.0,Healthy,-6542.0
Whse_J,Product_1648,26044,8288,12242.0,19475.0,969.0,Healthy,-6569.0
Whse_J,Product_1551,12495,1369,1349.0,5898.0,431.0,Healthy,-6597.0
Whse_J,Product_1389,11459,987,1317.0,4857.0,821.0,Healthy,-6602.0
Whse_J,Product_2028,10076,1606,1414.0,3368.0,2203.0,Healthy,-6708.0
Whse_J,Product_1177,7043,159,91.0,297.0,594.0,Healthy,-6746.0
Whse_J,Product_0861,6843,17,31.0,56.0,309.0,Healthy,-6787.0
Whse_J,Product_2100,7127,594,188.0,327.0,505.0,Healthy,-6800.0
Whse_J,Product_1718,7087,168,173.0,285.0,1100.0,Healthy,-6802.0
Whse_J,Product_1168,6839,3,8.0,18.0,886.0,Healthy,-6821.0
Whse_J,Product_2012,7966,796,348.0,1026.0,732.0,Healthy,-6940.0
Whse_J,Product_1667,7031,9,11.0,32.0,533.0,Healthy,-6999.0
Whse_J,Product_0658,7547,235,261.0,547.0,622.0,Healthy,-7000.0
Whse_J,Product_1344,20588,5001,9307.0,13556.0,2318.0,Healthy,-7032.0
Whse_J,Product_1318,8119,221,182.0,1042.0,495.0,Healthy,-7077.0
Whse_S,Product_0214,18877,1352,8529.0,11794.0,1050.0,Healthy,-7083.0
Whse_J,Product_1037,7943,225,240.0,840.0,504.0,Healthy,-7103.0
Whse_J,Product_0807,7249,35,25.0,80.0,417.0,Healthy,-7169.0
Whse_J,Product_1123,7383,84,71.0,199.0,675.0,Healthy,-7184.0
Whse_J,Product_1867,7282,9,6.0,22.0,526.0,Healthy,-7260.0
Whse_J,Product_1767,7307,11,6.0,28.0,926.0,Healthy,-7279.0
Whse_J,Product_1627,9766,799,552.0,2431.0,192.0,Healthy,-7335.0
Whse_J,Product_1666,7410,20,21.0,44.0,746.0,Healthy,-7366.0
Whse_S,Product_1195,147328,45883,73088.0,139951.0,4129.0,Warning,-7377.0
Whse_J,Product_1098,7564,21,32.0,117.0,727.0,Healthy,-7447.0
Whse_S,Product_1608,27986,6181,5480.0,20528.0,355.0,Healthy,-7458.0
Whse_J,Product_1804,7564,21,11.0,34.0,302.0,Healthy,-7530.0
Whse_J,Product_1517,9323,913,618.0,1785.0,425.0,Healthy,-7538.0
Whse_J,Product_1996,10411,899,593.0,2855.0,262.0,Healthy,-7556.0
Whse_J,Product_1858,7584,10,10.0,24.0,651.0,Healthy,-7560.0
Whse_J,Product_1921,7586,4,3.0,13.0,300.0,Healthy,-7573.0
Whse_J,Product_1965,7604,4,4.0,20.0,434.0,Healthy,-7584.0
Whse_J,Product_1025,7770,25,76.0,112.0,2700.0,Healthy,-7658.0
Whse_J,Product_1759,7725,6,15.0,29.0,1133.0,Healthy,-7696.0
Whse_J,Product_1966,13926,795,3293.0,6183.0,1249.0,Healthy,-7743.0
Whse_J,Product_1174,7862,26,20.0,57.0,290.0,Healthy,-7805.0
Whse_J,Product_1684,7898,32,27.0,79.0,341.0,Healthy,-7819.0
Whse_J,Product_1694,7890,13,8.0,26.0,517.0,Healthy,-7864.0
Whse_J,Product_1260,9282,904,560.0,1407.0,661.0,Healthy,-7875.0
Whse_J,Product_0430,8587,186,396.0,711.0,447.0,Healthy,-7876.0
Whse_J,Product_1877,7958,12,7.0,28.0,286.0,Healthy,-7930.0
Whse_J,Product_1920,7964,8,6.0,14.0,670.0,Healthy,-7950.0
Whse_J,Product_1981,16759,4403,6015.0,8746.0,1441.0,Healthy,-8013.0
Whse_J,Product_1367,10974,2180,1371.0,2882.0,2994.0,Healthy,-8092.0
Whse_S,Product_0411,95719,43599,32638.0,87621.0,1311.0,Warning,-8098.0
Whse_J,Product_1964,8143,13,6.0,11.0,615.0,Healthy,-8132.0
Whse_J,Product_1340,9218,355,157.0,1061.0,331.0,Healthy,-8157.0
Whse_J,Product_1699,8204,12,16.0,36.0,687.0,Healthy,-8168.0
Whse_J,Product_1664,8324,31,55.0,121.0,469.0,Healthy,-8203.0
Whse_J,Product_1661,8332,98,72.0,117.0,1243.0,Healthy,-8215.0
Whse_J,Product_1901,27538,10200,5740.0,19277.0,1373.0,Healthy,-8261.0
Whse_J,Product_0907,8800,208,175.0,517.0,503.0,Healthy,-8283.0
Whse_S,Product_1391,18396,4747,5305.0,10045.0,1310.0,Healthy,-8351.0
Whse_J,Product_1301,11947,815,1648.0,3545.0,472.0,Healthy,-8402.0
Whse_J,Product_1802,8552,19,11.0,42.0,1008.0,Healthy,-8510.0
Whse_J,Product_1985,12754,910,1444.0,4043.0,371.0,Healthy,-8711.0
Whse_J,Product_1675,8973,48,109.0,244.0,833.0,Healthy,-8729.0
Whse_J,Product_1995,16122,1393,4021.0,7339.0,444.0,Healthy,-8783.0
Whse_S,Product_0031,30589,7384,13605.0,21778.0,2560.0,Healthy,-8811.0
Whse_J,Product_1855,8960,16,8.0,19.0,255.0,Healthy,-8941.0
Whse_J,Product_1873,9015,5,2.0,9.0,366.0,Healthy,-9006.0
Whse_J,Product_0359,22933,22720,6877.0,13904.0,480.0,Healthy,-9029.0
Whse_J,Product_1126,9822,859,336.0,636.0,342.0,Healthy,-9186.0
Whse_J,Product_1492,12591,2138,2351.0,3339.0,1699.0,Healthy,-9252.0
Whse_J,Product_1412,10159,1247,220.0,897.0,387.0,Healthy,-9262.0
Whse_J,Product_1978,12508,754,1422.0,3165.0,1264.0,Healthy,-9343.0
Whse_S,Product_0439,10045,375,348.0,662.0,615.0,Healthy,-9383.0
Whse_J,Product_1406,21943,10752,3463.0,12547.0,232.0,Healthy,-9396.0
Whse_J,Product_1656,9717,45,77.0,226.0,697.0,Healthy,-9491.0
Whse_J,Product_2049,9666,325,92.0,163.0,532.0,Healthy,-9503.0
Whse_J,Product_1696,9639,13,11.0,22.0,534.0,Healthy,-9617.0
Whse_J,Product_1120,9993,118,115.0,371.0,834.0,Healthy,-9622.0
Whse_J,Product_2101,10436,1205,448.0,768.0,555.0,Healthy,-9668.0
Whse_S,Product_0200,15244,1217,3343.0,5566.0,2934.0,Healthy,-9678.0
Whse_S,Product_0572,10270,287,189.0,528.0,738.0,Healthy,-9742.0
Whse_J,Product_1977,47354,7693,15824.0,37395.0,1277.0,Healthy,-9959.0
Whse_J,Product_1761,10024,4,11.0,20.0,1323.0,Healthy,-10004.0
Whse_J,Product_2105,10281,46,125.0,269.0,885.0,Healthy,-10012.0
Whse_J,Product_2024,10319,312,61.0,179.0,756.0,Healthy,-10140.0
Whse_J,Product_1530,11207,378,505.0,1005.0,791.0,Healthy,-10202.0
Whse_J,Product_2131,10255,42,14.0,28.0,377.0,Healthy,-10227.0
Whse_J,Product_2110,11299,408,570.0,1061.0,568.0,Healthy,-10238.0
Whse_S,Product_0179,19389,2041,4905.0,9122.0,1127.0,Healthy,-10267.0
Whse_J,Product_1635,26364,5952,9403.0,15982.0,634.0,Healthy,-10382.0
Whse_J,Product_1529,11815,336,423.0,1427.0,793.0,Healthy,-10388.0
Whse_S,Product_0443,10597,134,94.0,160.0,779.0,Healthy,-10437.0
Whse_J,Product_1697,10492,7,3.0,19.0,182.0,Healthy,-10473.0
Whse_J,Product_2020,12076,355,537.0,1572.0,577.0,Healthy,-10504.0
Whse_J,Product_1836,10583,23,17.0,34.0,1176.0,Healthy,-10549.0
Whse_J,Product_1827,12501,3367,909.0,1942.0,172.0,Healthy,-10559.0
Whse_J,Product_1414,19480,5324,6567.0,8765.0,630.0,Healthy,-10715.0
Whse_J,Product_1676,11126,60,217.0,362.0,1788.0,Healthy,-10764.0
Whse_J,Product_2016,26028,4383,3018.0,15211.0,607.0,Healthy,-10817.0
Whse_J,Product_1709,10846,24,12.0,24.0,508.0,Healthy,-10822.0
Whse_J,Product_1907,11266,354,13.0,382.0,275.0,Healthy,-10884.0
Whse_J,Product_2041,17388,1625,2391.0,6473.0,761.0,Healthy,-10915.0
Whse_J,Product_1712,11078,22,16.0,65.0,366.0,Healthy,-11013.0
Whse_J,Product_1732,18692,2790,2179.0,7670.0,677.0,Healthy,-11022.0
Whse_J,Product_1044,12028,299,224.0,894.0,268.0,Healthy,-11134.0
Whse_J,Product_1721,11448,132,88.0,180.0,751.0,Healthy,-11268.0
Whse_J,Product_1116,11389,22,32.0,104.0,445.0,Healthy,-11285.0
Whse_J,Product_1816,11467,15,26.0,74.0,1030.0,Healthy,-11393.0
Whse_J,Product_1322,12499,131,201.0,1101.0,306.0,Healthy,-11398.0
Whse_J,Product_1999,54542,8657,17549.0,43086.0,1727.0,Healthy,-11456.0
Whse_J,Product_1471,16422,2650,1450.0,4850.0,720.0,Healthy,-11572.0
Whse_J,Product_1848,24691,4432,5516.0,12966.0,1377.0,Healthy,-11725.0
Whse_J,Product_1714,11812,24,20.0,70.0,737.0,Healthy,-11742.0
Whse_J,Product_1339,12053,115,34.0,217.0,439.0,Healthy,-11836.0
Whse_J,Product_1968,19706,4849,3960.0,7854.0,540.0,Healthy,-11852.0
Whse_S,Product_0458,12352,77,202.0,385.0,1383.0,Healthy,-11967.0
Whse_S,Product_2165,12136,46,55.0,153.0,1235.0,Healthy,-11983.0
Whse_J,Product_2157,12054,57,27.0,57.0,484.0,Healthy,-11997.0
Whse_J,Product_1786,12117,23,25.0,67.0,1787.0,Healthy,-12050.0
Whse_J,Product_1750,12124,17,16.0,50.0,888.0,Healthy,-12074.0
Whse_S,Product_1025,12230,49,76.0,112.0,2700.0,Healthy,-12118.0
Whse_J,Product_1763,12276,7,6.0,15.0,1004.0,Healthy,-12261.0
Whse_J,Product_1792,12345,14,6.0,12.0,682.0,Healthy,-12333.0
Whse_J,Product_1810,52846,9952,15470.0,40436.0,1146.0,Healthy,-12410.0
Whse_J,Product_1895,12445,20,15.0,27.0,288.0,Healthy,-12418.0
Whse_J,Product_1321,13851,307,222.0,1426.0,545.0,Healthy,-12425.0
Whse_S,Product_0620,12482,20,29.0,45.0,4584.0,Healthy,-12437.0
Whse_S,Product_1128,35531,11131,10313.0,23037.0,1132.0,Healthy,-12494.0
Whse_J,Product_0988,14434,969,481.0,1839.0,286.0,Healthy,-12595.0
Whse_J,Product_1970,52179,14132,30726.0,39422.0,6201.0,Healthy,-12757.0
Whse_J,Product_1790,20915,4816,2073.0,8081.0,904.0,Healthy,-12834.0
Whse_J,Product_1701,12890,11,6.0,26.0,500.0,Healthy,-12864.0
Whse_J,Product_2029,18797,2122,2210.0,5709.0,1002.0,Healthy,-13088.0
Whse_J,Product_1636,26190,4399,6749.0,13051.0,734.0,Healthy,-13139.0
Whse_J,Product_1916,13432,66,49.0,222.0,416.0,Healthy,-13210.0
Whse_J,Product_1903,21923,2753,2544.0,8667.0,586.0,Healthy,-13256.0
Whse_J,Product_2050,24224,3322,3599.0,10762.0,656.0,Healthy,-13462.0
Whse_J,Product_1950,13489,4,2.0,6.0,310.0,Healthy,-13483.0
Whse_J,Product_1757,13542,11,10.0,37.0,1292.0,Healthy,-13505.0
Whse_J,Product_1518,24566,3220,5142.0,11023.0,945.0,Healthy,-13543.0
Whse_J,Product_1840,18144,2091,1744.0,4599.0,798.0,Healthy,-13545.0
Whse_J,Product_1857,13633,5,1.0,8.0,254.0,Healthy,-13625.0
Whse_J,Product_1205,14399,508,342.0,767.0,296.0,Healthy,-13632.0
Whse_J,Product_1276,17197,3767,2436.0,3451.0,1464.0,Healthy,-13746.0
Whse_J,Product_1621,26496,3286,4758.0,12720.0,507.0,Healthy,-13776.0
Whse_J,Product_1973,19346,4278,2192.0,5529.0,1043.0,Healthy,-13817.0
Whse_J,Product_1687,14071,18,11.0,33.0,192.0,Healthy,-14038.0
Whse_J,Product_1659,14156,47,51.0,73.0,1472.0,Healthy,-14083.0
Whse_J,Product_1623,26871,4238,5150.0,12699.0,1335.0,Healthy,-14172.0
Whse_J,Product_1538,19195,3524,2837.0,4988.0,580.0,Healthy,-14207.0
Whse_S,Product_0003,19298,1087,1128.0,5061.0,884.0,Healthy,-14237.0
Whse_J,Product_1922,14269,5,5.0,15.0,300.0,Healthy,-14254.0
Whse_J,Product_2008,20367,2125,2749.0,6019.0,1110.0,Healthy,-14348.0
Whse_J,Product_1328,15263,415,130.0,895.0,267.0,Healthy,-14368.0
Whse_J,Product_1894,14498,14,42.0,122.0,545.0,Healthy,-14376.0
Whse_J,Product_1477,18536,2128,1641.0,4138.0,662.0,Healthy,-14398.0
Whse_J,Product_1613,15742,1064,249.0,1276.0,366.0,Healthy,-14466.0
Whse_S,Product_0412,14699,89,74.0,105.0,1489.0,Healthy,-14594.0
Whse_J,Product_1144,14613,9,4.0,8.0,770.0,Healthy,-14605.0
Whse_J,Product_1569,17074,1312,632.0,2412.0,513.0,Healthy,-14662.0
Whse_J,Product_1511,42386,23355,7151.0,27719.0,958.0,Healthy,-14667.0
Whse_S,Product_0524,14888,160,116.0,197.0,545.0,Healthy,-14691.0
Whse_J,Product_1871,14882,33,13.0,27.0,486.0,Healthy,-14855.0
Whse_J,Product_1865,14950,7,5.0,20.0,530.0,Healthy,-14930.0
Whse_J,Product_1663,15234,14,28.0,79.0,339.0,Healthy,-15155.0
Whse_J,Product_1500,19564,2375,2438.0,4373.0,793.0,Healthy,-15191.0
Whse_J,Product_1365,18304,538,1202.0,2937.0,673.0,Healthy,-15367.0
Whse_J,Product_1615,15382,7,3.0,13.0,323.0,Healthy,-15369.0
Whse_S,Product_0333,15826,119,170.0,295.0,1833.0,Healthy,-15531.0
Whse_J,Product_1317,15908,105,3.0,305.0,389.0,Healthy,-15603.0
Whse_J,Product_2093,16295,185,214.0,456.0,430.0,Healthy,-15839.0
Whse_J,Product_1910,16345,190,222.0,505.0,532.0,Healthy,-15840.0
Whse_J,Product_1559,16300,584,254.0,442.0,665.0,Healthy,-15858.0
Whse_J,Product_1758,15907,7,12.0,26.0,465.0,Healthy,-15881.0
Whse_J,Product_2089,18069,449,1478.0,2077.0,1902.0,Healthy,-15992.0
Whse_J,Product_1924,16070,6,7.0,28.0,439.0,Healthy,-16042.0
Whse_J,Product_1971,39450,10479,6772.0,23355.0,534.0,Healthy,-16095.0
Whse_J,Product_1681,16138,9,10.0,33.0,413.0,Healthy,-16105.0
Whse_J,Product_1805,16200,10,9.0,38.0,687.0,Healthy,-16162.0
Whse_J,Product_1642,17375,854,318.0,1012.0,341.0,Healthy,-16363.0
Whse_S,Product_1234,274076,83995,157954.0,257662.0,8577.0,Warning,-16414.0
Whse_J,Product_1730,22678,2043,1532.0,6199.0,543.0,Healthy,-16479.0
Whse_J,Product_1931,16563,3,4.0,13.0,382.0,Healthy,-16550.0
Whse_S,Product_0094,426074,107823,219694.0,409502.0,3224.0,Warning,-16572.0
Whse_J,Product_1566,16606,2,1.0,5.0,482.0,Healthy,-16601.0
Whse_J,Product_1780,41714,9131,6981.0,25065.0,502.0,Healthy,-16649.0
Whse_J,Product_1809,16902,278,73.0,246.0,1175.0,Healthy,-16656.0
Whse_J,Product_1917,16820,30,23.0,129.0,264.0,Healthy,-16691.0
Whse_J,Product_2017,25566,4012,2616.0,8859.0,536.0,Healthy,-16707.0
Whse_J,Product_1700,16821,109,43.0,106.0,576.0,Healthy,-16715.0
Whse_S,Product_1588,35578,5170,6391.0,18846.0,855.0,Healthy,-16732.0
Whse_J,Product_1930,16824,7,6.0,23.0,646.0,Healthy,-16801.0
Whse_J,Product_1951,16994,3,1.0,8.0,256.0,Healthy,-16986.0
Whse_S,Product_0438,17021,89,0.0,0.0,0.0,Healthy,-17021.0
Whse_J,Product_1863,17168,5,3.0,12.0,83.0,Healthy,-17156.0
Whse_J,Product_2142,17690,267,128.0,399.0,973.0,Healthy,-17291.0
Whse_S,Product_0301,18091,257,309.0,688.0,589.0,Healthy,-17403.0
Whse_J,Product_1657,17777,56,32.0,135.0,780.0,Healthy,-17642.0
Whse_J,Product_1892,17874,45,106.0,221.0,590.0,Healthy,-17653.0
Whse_J,Product_2113,19076,472,563.0,1338.0,260.0,Healthy,-17738.0
Whse_J,Product_2163,18255,107,145.0,463.0,304.0,Healthy,-17792.0
Whse_J,Product_2010,29545,1944,5607.0,11676.0,1761.0,Healthy,-17869.0
Whse_J,Product_1796,18791,917,213.0,781.0,395.0,Healthy,-18010.0
Whse_J,Product_1998,30669,2091,1597.0,12408.0,578.0,Healthy,-18261.0
Whse_S,Product_0354,18339,41,21.0,45.0,352.0,Healthy,-18294.0
Whse_J,Product_1638,19913,871,522.0,1437.0,1301.0,Healthy,-18476.0
Whse_J,Product_1866,18555,9,2.0,7.0,438.0,Healthy,-18548.0
Whse_J,Product_1693,18655,22,4.0,10.0,442.0,Healthy,-18645.0
Whse_J,Product_1776,18961,57,118.0,243.0,1165.0,Healthy,-18718.0
Whse_S,Product_0551,27721,3834,3606.0,8935.0,830.0,Healthy,-18786.0
Whse_J,Product_1955,18894,16,7.0,16.0,258.0,Healthy,-18878.0
Whse_J,Product_1461,58737,11293,24534.0,39828.0,3501.0,Healthy,-18909.0
Whse_J,Product_2030,19542,664,144.0,575.0,618.0,Healthy,-18967.0
Whse_J,Product_1928,19004,10,8.0,31.0,635.0,Healthy,-18973.0
Whse_J,Product_2166,19186,112,99.0,171.0,1957.0,Healthy,-19015.0
Whse_J,Product_1898,19087,26,21.0,54.0,914.0,Healthy,-19033.0
Whse_J,Product_1579,27968,2709,1217.0,8836.0,770.0,Healthy,-19132.0
Whse_J,Product_1945,19166,9,4.0,11.0,390.0,Healthy,-19155.0
Whse_J,Product_1919,19252,6,4.0,14.0,399.0,Healthy,-19238.0
Whse_S,Product_0231,21321,795,997.0,1987.0,913.0,Healthy,-19334.0
Whse_J,Product_1711,19426,17,5.0,22.0,462.0,Healthy,-19404.0
Whse_J,Product_2037,19556,50,95.0,149.0,2234.0,Healthy,-19407.0
Whse_J,Product_1337,20032,629,3.0,605.0,253.0,Healthy,-19427.0
Whse_J,Product_2061,19693,108,28.0,154.0,326.0,Healthy,-19539.0
Whse_J,Product_1491,24039,532,1470.0,4483.0,739.0,Healthy,-19556.0
Whse_J,Product_2067,19728,64,41.0,161.0,262.0,Healthy,-19567.0
Whse_S,Product_0225,21533,1074,1471.0,1962.0,802.0,Healthy,-19571.0
Whse_S,Product_0387,111850,25042,53352.0,91923.0,2019.0,Healthy,-19927.0
Whse_S,Product_0958,49453,13038,11595.0,29524.0,349.0,Healthy,-19929.0
Whse_J,Product_2064,20083,93,36.0,138.0,253.0,Healthy,-19945.0
Whse_J,Product_1770,20144,6,17.0,44.0,1123.0,Healthy,-20100.0
Whse_J,Product_1670,20406,56,116.0,259.0,864.0,Healthy,-20147.0
Whse_J,Product_1834,20327,9,17.0,33.0,883.0,Healthy,-20294.0
Whse_J,Product_2115,20892,119,183.0,489.0,1169.0,Healthy,-20403.0
Whse_S,Product_0227,21944,1219,733.0,1531.0,193.0,Healthy,-20413.0
Whse_J,Product_1807,20581,14,13.0,45.0,700.0,Healthy,-20536.0
Whse_S,Product_0516,20762,31,77.0,182.0,1738.0,Healthy,-20580.0
Whse_J,Product_1962,20653,7,7.0,23.0,693.0,Healthy,-20630.0
Whse_J,Product_1688,20738,33,36.0,84.0,1255.0,Healthy,-20654.0
Whse_J,Product_1760,20684,4,7.0,20.0,996.0,Healthy,-20664.0
Whse_J,Product_1938,20815,16,23.0,64.0,1737.0,Healthy,-20751.0
Whse_J,Product_1883,20814,16,25.0,37.0,535.0,Healthy,-20777.0
Whse_J,Product_1880,25007,688,1675.0,4161.0,659.0,Healthy,-20846.0
Whse_S,Product_0515,21001,44,24.0,145.0,267.0,Healthy,-20856.0
Whse_J,Product_1783,21045,25,60.0,174.0,336.0,Healthy,-20871.0
Whse_J,Product_1868,20961,10,5.0,13.0,950.0,Healthy,-20948.0
Whse_J,Product_1583,22419,465,267.0,1306.0,429.0,Healthy,-21113.0
Whse_J,Product_1788,46344,16293,20646.0,24859.0,3449.0,Healthy,-21485.0
Whse_J,Product_1425,23791,818,788.0,2079.0,639.0,Healthy,-21712.0
Whse_J,Product_1720,21799,14,10.0,50.0,284.0,Healthy,-21749.0
Whse_J,Product_1682,21956,16,25.0,77.0,600.0,Healthy,-21879.0
Whse_J,Product_1702,22034,7,6.0,26.0,399.0,Healthy,-22008.0
Whse_J,Product_2095,23314,204,596.0,1128.0,945.0,Healthy,-22186.0
Whse_J,Product_1771,22258,6,5.0,12.0,521.0,Healthy,-22246.0
Whse_J,Product_2011,28356,6282,4152.0,5891.0,1767.0,Healthy,-22465.0
Whse_J,Product_1140,24656,476,944.0,2150.0,606.0,Healthy,-22506.0
Whse_J,Product_1662,22680,6,8.0,19.0,305.0,Healthy,-22661.0
Whse_J,Product_1774,22805,25,32.0,85.0,832.0,Healthy,-22720.0
Whse_S,Product_0614,22898,16,63.0,102.0,1592.0,Healthy,-22796.0
Whse_J,Product_1754,23029,11,9.0,22.0,562.0,Healthy,-23007.0
Whse_J,Product_2136,24000,189,426.0,889.0,471.0,Healthy,-23111.0
Whse_J,Product_1729,27826,1702,2643.0,4452.0,1567.0,Healthy,-23374.0
Whse_J,Product_1899,35573,4269,5237.0,11965.0,496.0,Healthy,-23608.0
Whse_J,Product_2171,23802,6,17.0,43.0,727.0,Healthy,-23759.0
Whse_J,Product_1947,23878,10,5.0,21.0,374.0,Healthy,-23857.0
Whse_J,Product_1956,23868,12,4.0,10.0,436.0,Healthy,-23858.0
Whse_S,Product_0405,24133,118,27.0,71.0,303.0,Healthy,-24062.0
Whse_J,Product_1943,24155,9,12.0,35.0,754.0,Healthy,-24120.0
Whse_S,Product_0569,25170,151,121.0,273.0,829.0,Healthy,-24897.0
Whse_S,Product_0921,28225,1243,1110.0,3262.0,763.0,Healthy,-24963.0
Whse_J,Product_1948,25009,3,3.0,10.0,456.0,Healthy,-24999.0
Whse_S,Product_0613,25232,23,44.0,114.0,3243.0,Healthy,-25118.0
Whse_S,Product_0677,79462,7945,37712.0,54178.0,2730.0,Healthy,-25284.0
Whse_J,Product_1890,26593,420,642.0,1308.0,704.0,Healthy,-25285.0
Whse_S,Product_2132,27110,672,949.0,1749.0,770.0,Healthy,-25361.0
Whse_J,Product_1853,25483,24,36.0,77.0,1197.0,Healthy,-25406.0
Whse_S,Product_0523,25763,193,134.0,338.0,206.0,Healthy,-25425.0
Whse_J,Product_1364,30561,2139,1059.0,5099.0,225.0,Healthy,-25462.0
Whse_J,Product_2019,30178,3152,2768.0,4635.0,1168.0,Healthy,-25543.0
Whse_J,Product_1713,25713,20,8.0,17.0,681.0,Healthy,-25696.0
Whse_J,Product_1972,44819,3798,9079.0,18718.0,1243.0,Healthy,-26101.0
Whse_J,Product_2143,26958,94,427.0,775.0,598.0,Healthy,-26183.0
Whse_S,Product_0527,26201,5,2.0,8.0,125.0,Healthy,-26193.0
Whse_J,Product_1861,26246,4,2.0,7.0,445.0,Healthy,-26239.0
Whse_J,Product_1640,27138,493,336.0,785.0,246.0,Healthy,-26353.0
Whse_J,Product_1967,100999,11457,43555.0,74512.0,1312.0,Healthy,-26487.0
Whse_J,Product_2038,26689,6,11.0,17.0,926.0,Healthy,-26672.0
Whse_J,Product_1544,31894,1195,2244.0,5169.0,666.0,Healthy,-26725.0
Whse_J,Product_1535,31215,1841,2082.0,4266.0,1551.0,Healthy,-26949.0
Whse_S,Product_0288,36785,1457,5642.0,9616.0,1577.0,Healthy,-27169.0
Whse_S,Product_0140,29343,468,1041.0,2138.0,2349.0,Healthy,-27205.0
Whse_S,Product_0145,129058,111549,50880.0,101814.0,2110.0,Healthy,-27244.0
Whse_J,Product_1307,31544,1324,2225.0,4300.0,1285.0,Healthy,-27244.0
Whse_S,Product_0117,28373,379,401.0,925.0,457.0,Healthy,-27448.0
Whse_S,Product_0435,27980,170,0.0,360.0,150.0,Healthy,-27620.0
Whse_J,Product_1715,27793,31,17.0,55.0,334.0,Healthy,-27738.0
Whse_J,Product_1455,51280,4273,10993.0,23432.0,2830.0,Healthy,-27848.0
Whse_J,Product_1927,27887,6,10.0,38.0,471.0,Healthy,-27849.0
Whse_S,Product_0532,29447,529,0.0,1518.0,110.0,Healthy,-27929.0
Whse_J,Product_1686,28310,34,14.0,53.0,408.0,Healthy,-28257.0
Whse_J,Product_1979,30184,1385,637.0,1553.0,892.0,Healthy,-28631.0
Whse_J,Product_2003,38354,2462,4328.0,9365.0,740.0,Healthy,-28989.0
Whse_J,Product_2000,31779,1434,1112.0,2754.0,1042.0,Healthy,-29025.0
Whse_J,Product_1689,29203,11,10.0,24.0,723.0,Healthy,-29179.0
Whse_J,Product_2023,29782,433,203.0,505.0,634.0,Healthy,-29277.0
Whse_J,Product_1677,29365,14,22.0,44.0,1085.0,Healthy,-29321.0
Whse_J,Product_2091,29791,215,209.0,438.0,600.0,Healthy,-29353.0
Whse_J,Product_1944,29414,9,0.0,0.0,0.0,Healthy,-29414.0
Whse_J,Product_1850,29801,47,27.0,91.0,303.0,Healthy,-29710.0
Whse_S,Product_0897,38247,7702,2842.0,8457.0,341.0,Healthy,-29790.0
Whse_J,Product_1110,29945,12,32.0,82.0,558.0,Healthy,-29863.0
Whse_J,Product_1954,29955,18,22.0,74.0,785.0,Healthy,-29881.0
Whse_S,Product_0115,33301,1993,1644.0,3345.0,840.0,Healthy,-29956.0
Whse_J,Product_2069,30374,59,83.0,143.0,603.0,Healthy,-30231.0
Whse_J,Product_1506,33554,1278,818.0,3182.0,403.0,Healthy,-30372.0
Whse_J,Product_1575,32344,1670,0.0,1871.0,125.0,Healthy,-30473.0
Whse_S,Product_1591,33838,2568,1387.0,3236.0,565.0,Healthy,-30602.0
Whse_S,Product_0526,30724,15,16.0,49.0,203.0,Healthy,-30675.0
Whse_J,Product_1704,30921,17,16.0,37.0,1365.0,Healthy,-30884.0
Whse_S,Product_0464,31163,133,152.0,249.0,384.0,Healthy,-30914.0
Whse_J,Product_1859,31120,10,4.0,11.0,382.0,Healthy,-31109.0
Whse_J,Product_1949,31286,4,2.0,8.0,340.0,Healthy,-31278.0
Whse_J,Product_2114,32611,685,941.0,1283.0,1251.0,Healthy,-31328.0
Whse_J,Product_1982,32471,614,365.0,1001.0,801.0,Healthy,-31470.0
Whse_J,Product_2063,31826,199,36.0,165.0,520.0,Healthy,-31661.0
Whse_S,Product_0153,32249,449,185.0,549.0,436.0,Healthy,-31700.0
Whse_J,Product_1847,37161,1205,2421.0,4894.0,604.0,Healthy,-32267.0
Whse_J,Product_2169,32824,72,191.0,423.0,923.0,Healthy,-32401.0
Whse_J,Product_1852,32506,10,13.0,40.0,295.0,Healthy,-32466.0
Whse_J,Product_1878,37903,2216,2039.0,5036.0,1364.0,Healthy,-32867.0
Whse_J,Product_1752,33004,19,15.0,41.0,758.0,Healthy,-32963.0
Whse_J,Product_1851,33546,11,16.0,46.0,414.0,Healthy,-33500.0
Whse_J,Product_2148,34844,959,739.0,1339.0,253.0,Healthy,-33505.0
Whse_S,Product_0541,33605,60,30.0,68.0,201.0,Healthy,-33537.0
Whse_J,Product_1561,45141,5672,5988.0,11603.0,698.0,Healthy,-33538.0
Whse_J,Product_1991,45889,3516,8160.0,12263.0,3127.0,Healthy,-33626.0
Whse_S,Product_1079,34857,1303,333.0,934.0,164.0,Healthy,-33923.0
Whse_J,Product_1660,34012,16,12.0,43.0,515.0,Healthy,-33969.0
Whse_S,Product_0470,64180,23144,18717.0,29773.0,885.0,Healthy,-34407.0
Whse_S,Product_0352,34540,60,44.0,98.0,249.0,Healthy,-34442.0
Whse_S,Product_0215,37917,1245,2241.0,3277.0,587.0,Healthy,-34640.0
Whse_J,Product_1889,38463,762,1341.0,3271.0,1991.0,Healthy,-35192.0
Whse_J,Product_2151,35482,8,10.0,43.0,551.0,Healthy,-35439.0
Whse_S,Product_0159,35559,30,33.0,49.0,243.0,Healthy,-35510.0
Whse_S,Product_1344,49114,6621,9307.0,13556.0,2318.0,Healthy,-35558.0
Whse_S,Product_0150,35862,31,33.0,85.0,1428.0,Healthy,-35777.0
Whse_J,Product_1961,35794,14,3.0,9.0,439.0,Healthy,-35785.0
Whse_J,Product_2026,38524,633,635.0,2710.0,322.0,Healthy,-35814.0
Whse_J,Product_1829,62523,19210,7653.0,26682.0,763.0,Healthy,-35841.0
Whse_J,Product_2109,37421,899,1145.0,1566.0,911.0,Healthy,-35855.0
Whse_S,Product_0486,37246,223,660.0,1176.0,942.0,Healthy,-36070.0
Whse_S,Product_0531,36180,27,15.0,64.0,288.0,Healthy,-36116.0
Whse_J,Product_1975,36428,4,4.0,13.0,198.0,Healthy,-36415.0
Whse_J,Product_1974,36728,2,1.0,3.0,204.0,Healthy,-36725.0
Whse_J,Product_1879,38857,1441,758.0,2071.0,1177.0,Healthy,-36786.0
Whse_S,Product_0512,37521,91,216.0,580.0,746.0,Healthy,-36941.0
Whse_S,Product_0538,37133,52,28.0,55.0,923.0,Healthy,-37078.0
Whse_J,Product_1882,37190,11,5.0,16.0,412.0,Healthy,-37174.0
Whse_S,Product_0154,38018,877,205.0,577.0,250.0,Healthy,-37441.0
Whse_S,Product_0308,38896,325,777.0,1264.0,2351.0,Healthy,-37632.0
Whse_J,Product_1639,40844,994,1153.0,2967.0,1961.0,Healthy,-37877.0
Whse_S,Product_0401,69124,34687,9969.0,31175.0,946.0,Healthy,-37949.0
Whse_J,Product_2066,38793,135,422.0,713.0,753.0,Healthy,-38080.0
Whse_S,Product_0520,38148,23,26.0,57.0,888.0,Healthy,-38091.0
Whse_S,Product_0390,113834,23042,30149.0,75449.0,1000.0,Healthy,-38385.0
Whse_J,Product_1884,43557,1247,3287.0,5127.0,596.0,Healthy,-38430.0
Whse_J,Product_1953,38531,4,9.0,27.0,866.0,Healthy,-38504.0
Whse_J,Product_2144,38690,140,104.0,182.0,865.0,Healthy,-38508.0
Whse_S,Product_1398,97759,32496,32567.0,58120.0,2114.0,Healthy,-39639.0
Whse_S,Product_1604,47731,5064,2136.0,7844.0,321.0,Healthy,-39887.0
Whse_J,Product_1557,49281,3906,4906.0,9143.0,378.0,Healthy,-40138.0
Whse_J,Product_2140,40340,324,81.0,194.0,155.0,Healthy,-40146.0
Whse_J,Product_1939,40193,10,4.0,15.0,908.0,Healthy,-40178.0
Whse_S,Product_0261,41116,155,70.0,131.0,521.0,Healthy,-40985.0
Whse_S,Product_0034,49191,1526,3065.0,7788.0,1131.0,Healthy,-41403.0
Whse_S,Product_1183,43934,1443,859.0,2517.0,568.0,Healthy,-41417.0
Whse_J,Product_2159,41824,459,151.0,248.0,416.0,Healthy,-41576.0
Whse_S,Product_0905,44475,1060,1769.0,2868.0,953.0,Healthy,-41607.0
Whse_S,Product_0110,43456,791,707.0,1481.0,636.0,Healthy,-41975.0
Whse_S,Product_0566,46085,643,1353.0,3785.0,511.0,Healthy,-42300.0
Whse_S,Product_0536,42497,10,9.0,19.0,123.0,Healthy,-42478.0
Whse_J,Product_1630,50698,2464,4588.0,7812.0,779.0,Healthy,-42886.0
Whse_J,Product_2155,43362,93,101.0,178.0,548.0,Healthy,-43184.0
Whse_J,Product_1862,43366,15,3.0,12.0,254.0,Healthy,-43354.0
Whse_J,Product_2081,44794,667,698.0,1193.0,358.0,Healthy,-43601.0
Whse_J,Product_1784,52987,7652,2103.0,8274.0,962.0,Healthy,-44713.0
Whse_S,Product_1405,54896,2595,0.0,10000.0,152.0,Healthy,-44896.0
Whse_S,Product_0557,179174,11993,75200.0,134151.0,713.0,Healthy,-45023.0
Whse_S,Product_0143,66854,12525,6642.0,21642.0,449.0,Healthy,-45212.0
Whse_S,Product_1740,82963,6581,16075.0,37130.0,1593.0,Healthy,-45833.0
Whse_S,Product_1745,45868,787,0.0,0.0,0.0,Healthy,-45868.0
Whse_S,Product_0522,47054,228,61.0,435.0,315.0,Healthy,-46619.0
Whse_J,Product_1543,58547,10283,3835.0,11828.0,767.0,Healthy,-46719.0
Whse_J,Product_1552,57139,20804,5516.0,10396.0,381.0,Healthy,-46743.0
Whse_J,Product_2075,47536,199,451.0,787.0,658.0,Healthy,-46749.0
Whse_S,Product_0021,86363,3837,22792.0,39373.0,2205.0,Healthy,-46990.0
Whse_J,Product_1785,109766,7514,26702.0,62321.0,1614.0,Healthy,-47445.0
Whse_S,Product_0131,48083,428,205.0,555.0,1356.0,Healthy,-47528.0
Whse_J,Product_1611,49240,461,344.0,1450.0,254.0,Healthy,-47790.0
Whse_S,Product_0975,84734,9352,23347.0,36881.0,1858.0,Healthy,-47853.0
Whse_J,Product_2076,48552,445,304.0,537.0,1344.0,Healthy,-48015.0
Whse_J,Product_1881,48146,14,9.0,38.0,742.0,Healthy,-48108.0
Whse_J,Product_2160,48429,105,83.0,231.0,295.0,Healthy,-48198.0
Whse_J,Product_1708,48324,9,6.0,23.0,255.0,Healthy,-48301.0
Whse_J,Product_1860,48520,7,5.0,14.0,272.0,Healthy,-48506.0
Whse_J,Product_1923,48561,9,3.0,9.0,294.0,Healthy,-48552.0
Whse_S,Product_0036,68028,8430,9391.0,19317.0,1578.0,Healthy,-48711.0
Whse_J,Product_1856,49383,5,8.0,24.0,495.0,Healthy,-49359.0
Whse_J,Product_2045,114425,40230,15334.0,64365.0,2242.0,Healthy,-50060.0
Whse_S,Product_0592,50063,561,0.0,0.0,0.0,Healthy,-50063.0
Whse_J,Product_2158,50372,82,26.0,87.0,305.0,Healthy,-50285.0
Whse_S,Product_0672,50425,39,45.0,72.0,754.0,Healthy,-50353.0
Whse_S,Product_0432,50841,8,9.0,27.0,225.0,Healthy,-50814.0
Whse_J,Product_1984,53847,764,1330.0,2989.0,536.0,Healthy,-50858.0
Whse_J,Product_2039,51476,19,38.0,89.0,1124.0,Healthy,-51387.0
Whse_S,Product_0589,56447,6785,2452.0,4923.0,321.0,Healthy,-51524.0
Whse_J,Product_1822,51685,36,35.0,97.0,1493.0,Healthy,-51588.0
Whse_S,Product_0579,51835,103,3.0,160.0,269.0,Healthy,-51675.0
Whse_J,Product_2082,55613,1387,2343.0,3878.0,1959.0,Healthy,-51735.0
Whse_J,Product_1534,71422,4400,4980.0,19524.0,577.0,Healthy,-51898.0
Whse_S,Product_0583,53820,739,584.0,1742.0,1039.0,Healthy,-52078.0
Whse_S,Product_1675,52454,71,109.0,244.0,833.0,Healthy,-52210.0
Whse_S,Product_1346,64581,8825,8004.0,11778.0,1835.0,Healthy,-52803.0
Whse_S,Product_1394,234726,128226,137077.0,180905.0,8725.0,Healthy,-53821.0
Whse_S,Product_0922,65147,1857,6031.0,11281.0,514.0,Healthy,-53866.0
Whse_J,Product_2106,54381,86,163.0,392.0,282.0,Healthy,-53989.0
Whse_J,Product_1888,58412,2288,2734.0,4390.0,963.0,Healthy,-54022.0
Whse_S,Product_1619,54313,18,0.0,0.0,0.0,Healthy,-54313.0
Whse_S,Product_0376,102113,12219,20544.0,47637.0,862.0,Healthy,-54476.0
Whse_S,Product_1737,91931,10833,11466.0,37424.0,799.0,Healthy,-54507.0
Whse_J,Product_2013,56151,886,657.0,1188.0,464.0,Healthy,-54963.0
Whse_J,Product_1926,55215,12,5.0,10.0,768.0,Healthy,-55205.0
Whse_S,Product_0349,56563,146,699.0,1321.0,2546.0,Healthy,-55242.0
Whse_S,Product_0919,56011,178,178.0,713.0,347.0,Healthy,-55298.0
Whse_S,Product_1734,70096,3113,5402.0,14637.0,607.0,Healthy,-55459.0
Whse_J,Product_1285,96240,7831,18126.0,40643.0,1861.0,Healthy,-55597.0
Whse_S,Product_0570,56632,181,319.0,637.0,1087.0,Healthy,-55995.0
Whse_S,Product_2001,73164,3822,8876.0,16632.0,1315.0,Healthy,-56532.0
Whse_S,Product_1246,143357,8931,55359.0,86662.0,4733.0,Healthy,-56695.0
Whse_S,Product_0645,58179,35,30.0,69.0,1161.0,Healthy,-58110.0
Whse_J,Product_1749,59097,8,8.0,36.0,1161.0,Healthy,-59061.0
Whse_S,Product_1108,73988,2624,2571.0,13728.0,325.0,Healthy,-60260.0
Whse_J,Product_1803,60718,8,14.0,25.0,1048.0,Healthy,-60693.0
Whse_S,Product_0639,60849,19,18.0,28.0,961.0,Healthy,-60821.0
Whse_S,Product_1488,74524,5269,5223.0,13611.0,662.0,Healthy,-60913.0
Whse_J,Product_1875,61149,24,51.0,94.0,1151.0,Healthy,-61055.0
Whse_S,Product_0525,61577,15,14.0,43.0,258.0,Healthy,-61534.0
Whse_J,Product_1797,62775,345,450.0,880.0,408.0,Healthy,-61895.0
Whse_S,Product_1312,79033,3809,13515.0,16638.0,5623.0,Healthy,-62395.0
Whse_S,Product_0384,75190,7925,2937.0,11291.0,486.0,Healthy,-63899.0
Whse_S,Product_1109,67066,1986,1145.0,3151.0,441.0,Healthy,-63915.0
Whse_J,Product_1768,64089,8,4.0,14.0,371.0,Healthy,-64075.0
Whse_J,Product_1897,64632,84,35.0,106.0,217.0,Healthy,-64526.0
Whse_S,Product_0158,65837,370,594.0,1281.0,641.0,Healthy,-64556.0
Whse_S,Product_0404,64759,142,0.0,0.0,0.0,Healthy,-64759.0
Whse_J,Product_2149,74799,4667,4141.0,9936.0,437.0,Healthy,-64863.0
Whse_S,Product_1129,80038,7495,2851.0,14303.0,787.0,Healthy,-65735.0
Whse_J,Product_1620,66028,6,5.0,15.0,414.0,Healthy,-66013.0
Whse_S,Product_0460,67169,84,52.0,99.0,817.0,Healthy,-67070.0
Whse_J,Product_2094,67649,23,26.0,170.0,455.0,Healthy,-67479.0
Whse_S,Product_0118,68454,138,133.0,420.0,834.0,Healthy,-68034.0
Whse_S,Product_0927,69982,493,446.0,1234.0,437.0,Healthy,-68748.0
Whse_S,Product_0343,69646,146,110.0,607.0,276.0,Healthy,-69039.0
Whse_S,Product_0544,69217,32,23.0,55.0,503.0,Healthy,-69162.0
Whse_S,Product_1739,98267,12414,8981.0,28996.0,1178.0,Healthy,-69271.0
Whse_S,Product_1902,85404,9980,1824.0,16097.0,844.0,Healthy,-69307.0
Whse_J,Product_2102,69858,174,18.0,38.0,128.0,Healthy,-69820.0
Whse_S,Product_1008,123517,18041,18781.0,53411.0,1145.0,Healthy,-70106.0
Whse_J,Product_2152,70305,8,5.0,10.0,441.0,Healthy,-70295.0
Whse_S,Product_1071,70771,42,0.0,114.0,195.0,Healthy,-70657.0
Whse_S,Product_0166,72615,341,1.0,1531.0,138.0,Healthy,-71084.0
Whse_S,Product_0337,72099,32,42.0,78.0,819.0,Healthy,-72021.0
Whse_J,Product_1478,84738,5828,5868.0,11795.0,3059.0,Healthy,-72943.0
Whse_S,Product_0573,74345,36,26.0,131.0,92.0,Healthy,-74214.0
Whse_S,Product_1733,84230,10888,6162.0,9955.0,1394.0,Healthy,-74275.0
Whse_S,Product_1846,122817,14652,22504.0,48437.0,2757.0,Healthy,-74380.0
Whse_S,Product_0204,78590,926,1805.0,4103.0,1024.0,Healthy,-74487.0
Whse_S,Product_1224,112387,21236,22610.0,37022.0,4048.0,Healthy,-75365.0
Whse_J,Product_1963,75413,3,2.0,17.0,451.0,Healthy,-75396.0
Whse_J,Product_1854,76491,3,3.0,8.0,213.0,Healthy,-76483.0
Whse_S,Product_1273,145284,21975,39222.0,68184.0,1408.0,Healthy,-77100.0
Whse_S,Product_0809,77277,32,19.0,51.0,848.0,Healthy,-77226.0
Whse_S,Product_0945,78078,4,5.0,18.0,357.0,Healthy,-78060.0
Whse_S,Product_0549,79972,1464,468.0,1802.0,174.0,Healthy,-78170.0
Whse_J,Product_1457,81341,946,2115.0,3137.0,941.0,Healthy,-78204.0
Whse_S,Product_1089,78564,34,59.0,256.0,403.0,Healthy,-78308.0
Whse_S,Product_1343,137007,20733,21792.0,58542.0,613.0,Healthy,-78465.0
Whse_J,Product_2167,81442,577,997.0,1865.0,2831.0,Healthy,-79577.0
Whse_S,Product_1845,97515,6207,0.0,17500.0,284.0,Healthy,-80015.0
Whse_S,Product_0924,81212,592,619.0,1178.0,282.0,Healthy,-80034.0
Whse_S,Product_0445,80269,114,115.0,190.0,1079.0,Healthy,-80079.0
Whse_S,Product_1279,283838,32394,149181.0,203637.0,7560.0,Healthy,-80201.0
Whse_J,Product_1908,80580,9,22.0,38.0,1457.0,Healthy,-80542.0
Whse_S,Product_1450,152448,12058,51565.0,71725.0,7598.0,Healthy,-80723.0
Whse_S,Product_0926,84295,1928,814.0,1607.0,421.0,Healthy,-82688.0
Whse_J,Product_2134,83086,95,122.0,190.0,535.0,Healthy,-82896.0
Whse_S,Product_1466,153300,15510,49961.0,70263.0,1626.0,Healthy,-83037.0
Whse_J,Product_1876,83559,25,10.0,18.0,322.0,Healthy,-83541.0
Whse_S,Product_1076,84497,181,272.0,572.0,90.0,Healthy,-83925.0
Whse_S,Product_0521,84495,20,31.0,127.0,484.0,Healthy,-84368.0
Whse_J,Product_2168,86170,138,378.0,761.0,609.0,Healthy,-85409.0
Whse_J,Product_1990,93160,6703,2066.0,7367.0,193.0,Healthy,-85793.0
Whse_S,Product_0505,87192,62,78.0,193.0,1011.0,Healthy,-86999.0
Whse_J,Product_1986,90898,1352,1885.0,3503.0,1139.0,Healthy,-87395.0
Whse_S,Product_0913,88252,84,125.0,508.0,723.0,Healthy,-87744.0
Whse_J,Product_2150,90556,1808,1307.0,2482.0,420.0,Healthy,-88074.0
Whse_S,Product_0463,88848,63,164.0,239.0,1997.0,Healthy,-88609.0
Whse_S,Product_1387,112459,3787,13929.0,23827.0,3181.0,Healthy,-88632.0
Whse_S,Product_1269,364588,87973,109142.0,274879.0,7581.0,Healthy,-89709.0
Whse_S,Product_1072,91409,317,0.0,1416.0,171.0,Healthy,-89993.0
Whse_S,Product_1004,95557,1564,1598.0,5251.0,384.0,Healthy,-90306.0
Whse_S,Product_0543,91371,271,94.0,259.0,889.0,Healthy,-91112.0
Whse_S,Product_0925,93357,1276,618.0,2068.0,312.0,Healthy,-91289.0
Whse_S,Product_0508,91448,30,59.0,125.0,544.0,Healthy,-91323.0
Whse_S,Product_0403,91614,22,0.0,36.0,142.0,Healthy,-91578.0
Whse_S,Product_1435,343985,50870,150247.0,251417.0,3060.0,Healthy,-92568.0
Whse_S,Product_0914,103085,1887,4289.0,10122.0,386.0,Healthy,-92963.0
Whse_S,Product_0915,98504,3412,1520.0,3595.0,473.0,Healthy,-94909.0
Whse_S,Product_0909,104277,1936,2404.0,8835.0,421.0,Healthy,-95442.0
Whse_S,Product_1577,163349,83538,35119.0,67290.0,1149.0,Healthy,-96059.0
Whse_S,Product_0209,105797,2524,5355.0,8908.0,1823.0,Healthy,-96889.0
Whse_S,Product_0155,99925,853,352.0,944.0,335.0,Healthy,-98981.0
Whse_S,Product_0342,99375,21,93.0,186.0,1072.0,Healthy,-99189.0
Whse_J,Product_2128,100802,194,422.0,1049.0,933.0,Healthy,-99753.0
Whse_S,Product_1439,148052,23846,38744.0,48214.0,3892.0,Healthy,-99838.0
Whse_S,Product_0012,121850,6824,10804.0,21017.0,3885.0,Healthy,-100833.0
Whse_S,Product_1077,103148,1233,513.0,1790.0,234.0,Healthy,-101358.0
Whse_J,Product_2154,103101,1389,299.0,738.0,320.0,Healthy,-102363.0
Whse_S,Product_1502,389029,154844,191041.0,286157.0,7255.0,Healthy,-102872.0
Whse_S,Product_1646,104047,10,15.0,48.0,390.0,Healthy,-103999.0
Whse_S,Product_1069,109473,5204,0.0,4294.0,77.0,Healthy,-105179.0
Whse_S,Product_0571,105475,78,43.0,105.0,381.0,Healthy,-105370.0
Whse_J,Product_2104,106784,72,134.0,344.0,460.0,Healthy,-106440.0
Whse_S,Product_1688,107630,17,36.0,84.0,1255.0,Healthy,-107546.0
Whse_S,Product_0966,107921,72,38.0,115.0,983.0,Healthy,-107806.0
Whse_S,Product_0575,107851,186,0.0,0.0,0.0,Healthy,-107851.0
Whse_S,Product_0325,109179,38,32.0,103.0,1208.0,Healthy,-109076.0
Whse_S,Product_0487,109218,56,37.0,70.0,655.0,Healthy,-109148.0
Whse_S,Product_2088,110339,166,453.0,667.0,1022.0,Healthy,-109672.0
Whse_A,Product_0031,132934,3287,13605.0,21778.0,2560.0,Healthy,-111156.0
Whse_S,Product_0586,112493,318,263.0,1181.0,541.0,Healthy,-111312.0
Whse_S,Product_0206,120908,2122,6710.0,9520.0,3143.0,Healthy,-111388.0
Whse_S,Product_1521,216560,48447,53621.0,104992.0,8474.0,Healthy,-111568.0
Whse_S,Product_1237,245781,92282,78174.0,134024.0,3550.0,Healthy,-111757.0
Whse_J,Product_2116,113084,83,76.0,139.0,501.0,Healthy,-112945.0
Whse_S,Product_1589,153158,6000,12057.0,38782.0,780.0,Healthy,-114376.0
Whse_S,Product_1266,141909,17374,17634.0,26860.0,3111.0,Healthy,-115049.0
Whse_S,Product_0480,115852,5,5.0,15.0,170.0,Healthy,-115837.0
Whse_S,Product_0580,117130,68,80.0,296.0,147.0,Healthy,-116834.0
Whse_S,Product_1735,138729,12822,10597.0,21734.0,1110.0,Healthy,-116995.0
Whse_S,Product_1172,117994,102,47.0,167.0,200.0,Healthy,-117827.0
Whse_S,Product_0554,189728,13245,24019.0,70819.0,554.0,Healthy,-118909.0
Whse_S,Product_0965,118931,8,3.0,10.0,494.0,Healthy,-118921.0
Whse_S,Product_1825,317656,30376,146332.0,198127.0,8854.0,Healthy,-119529.0
Whse_J,Product_1787,208987,27885,61650.0,89186.0,2555.0,Healthy,-119801.0
Whse_S,Product_0202,147218,4009,18116.0,27245.0,3387.0,Healthy,-119973.0
Whse_S,Product_1086,120405,146,0.0,432.0,81.0,Healthy,-119973.0
Whse_S,Product_1007,126019,4692,3377.0,5755.0,671.0,Healthy,-120264.0
Whse_S,Product_0106,120800,157,0.0,480.0,80.0,Healthy,-120320.0
Whse_S,Product_0213,124599,1035,2419.0,3790.0,1102.0,Healthy,-120809.0
Whse_S,Product_1351,144769,11203,13455.0,23607.0,1362.0,Healthy,-121162.0
Whse_S,Product_0534,122435,111,251.0,606.0,593.0,Healthy,-121829.0
Whse_S,Product_0918,124706,215,121.0,512.0,638.0,Healthy,-124194.0
Whse_S,Product_0112,127289,133,154.0,394.0,127.0,Healthy,-126895.0
Whse_S,Product_1127,180451,17342,6978.0,53468.0,729.0,Healthy,-126983.0
Whse_S,Product_0353,127984,139,136.0,315.0,1754.0,Healthy,-127669.0
Whse_S,Product_1249,140754,2884,4826.0,12005.0,1505.0,Healthy,-128749.0
Whse_S,Product_2097,129820,207,39.0,69.0,36.0,Healthy,-129751.0
Whse_S,Product_0912,130841,207,77.0,393.0,319.0,Healthy,-130448.0
Whse_S,Product_0304,131678,210,501.0,733.0,1033.0,Healthy,-130945.0
Whse_S,Product_1179,131043,17,16.0,70.0,199.0,Healthy,-130973.0
Whse_S,Product_0518,132492,18,6.0,14.0,112.0,Healthy,-132478.0
Whse_S,Product_0111,132978,228,221.0,491.0,881.0,Healthy,-132487.0
Whse_S,Product_0050,135434,750,829.0,2254.0,1115.0,Healthy,-133180.0
Whse_S,Product_0511,133600,136,0.0,180.0,170.0,Healthy,-133420.0
Whse_S,Product_1465,245831,16306,60842.0,109822.0,3647.0,Healthy,-136009.0
Whse_S,Product_0593,139904,579,795.0,1538.0,330.0,Healthy,-138366.0
Whse_S,Product_0151,139406,88,69.0,127.0,392.0,Healthy,-139279.0
Whse_S,Product_1085,146800,1875,1970.0,7162.0,85.0,Healthy,-139638.0
Whse_J,Product_1987,158392,1430,8772.0,18429.0,1175.0,Healthy,-139963.0
Whse_J,Product_2153,141625,567,239.0,884.0,284.0,Healthy,-140741.0
Whse_J,Product_1818,242037,99993,62030.0,101031.0,1670.0,Healthy,-141006.0
Whse_S,Product_1118,141080,32,10.0,26.0,422.0,Healthy,-141054.0
Whse_S,Product_1672,141570,48,166.0,293.0,1254.0,Healthy,-141277.0
Whse_S,Product_0609,143224,3,6.0,14.0,901.0,Healthy,-143210.0
Whse_S,Product_0517,145110,105,302.0,865.0,1568.0,Healthy,-144245.0
Whse_S,Product_0621,146010,6,21.0,30.0,1717.0,Healthy,-145980.0
Whse_S,Product_0643,147614,11,29.0,52.0,1222.0,Healthy,-147562.0
Whse_S,Product_1440,170892,7466,10461.0,22668.0,1064.0,Healthy,-148224.0
Whse_S,Product_1298,173709,3715,10901.0,21949.0,897.0,Healthy,-151760.0
Whse_S,Product_0368,242238,17849,50656.0,88822.0,2261.0,Healthy,-153416.0
Whse_S,Product_0496,154032,50,35.0,52.0,372.0,Healthy,-153980.0
Whse_S,Product_1722,154147,22,24.0,45.0,756.0,Healthy,-154102.0
Whse_S,Product_1070,154405,77,9.0,170.0,193.0,Healthy,-154235.0
Whse_S,Product_0398,174947,34516,9198.0,20487.0,1266.0,Healthy,-154460.0
Whse_S,Product_2154,157239,606,299.0,738.0,320.0,Healthy,-156501.0
Whse_S,Product_1574,536838,120916,243180.0,378687.0,11054.0,Healthy,-158151.0
Whse_S,Product_1986,162037,1234,1885.0,3503.0,1139.0,Healthy,-158534.0
Whse_S,Product_1090,163916,538,251.0,3007.0,369.0,Healthy,-160909.0
Whse_S,Product_2166,163194,44,99.0,171.0,1957.0,Healthy,-163023.0
Whse_S,Product_0529,163241,60,32.0,99.0,921.0,Healthy,-163142.0
Whse_J,Product_2043,559302,212132,113692.0,395786.0,3197.0,Healthy,-163516.0
Whse_J,Product_2132,166646,308,949.0,1749.0,770.0,Healthy,-164897.0
Whse_S,Product_0528,167878,6,14.0,50.0,383.0,Healthy,-167828.0
Whse_J,Product_1969,194918,5146,14784.0,26454.0,1912.0,Healthy,-168464.0
Whse_S,Product_1222,203812,2483,24648.0,34614.0,2226.0,Healthy,-169198.0
Whse_S,Product_1185,174147,3149,1247.0,4539.0,283.0,Healthy,-169608.0
Whse_S,Product_1822,171001,23,35.0,97.0,1493.0,Healthy,-170904.0
Whse_J,Product_1673,171442,9,23.0,44.0,760.0,Healthy,-171398.0
Whse_S,Product_0552,191059,10358,13749.0,19629.0,1526.0,Healthy,-171430.0
Whse_S,Product_2153,173472,612,239.0,884.0,284.0,Healthy,-172588.0
Whse_S,Product_1969,199223,7819,14784.0,26454.0,1912.0,Healthy,-172769.0
Whse_S,Product_1280,239379,36585,39501.0,66306.0,897.0,Healthy,-173073.0
Whse_S,Product_0587,173416,174,109.0,229.0,65.0,Healthy,-173187.0
Whse_S,Product_1610,220078,5101,17269.0,46354.0,1216.0,Healthy,-173724.0
Whse_S,Product_0948,176034,29791,0.0,0.0,0.0,Healthy,-176034.0
Whse_J,Product_2025,183547,1061,2066.0,6387.0,667.0,Healthy,-177160.0
Whse_S,Product_0824,179467,72,39.0,134.0,342.0,Healthy,-179333.0
Whse_J,Product_2068,181053,67,76.0,213.0,574.0,Healthy,-180840.0
Whse_S,Product_0440,181000,16,9.0,42.0,312.0,Healthy,-180958.0
Whse_S,Product_0535,182408,161,54.0,116.0,186.0,Healthy,-182292.0
Whse_S,Product_0917,183706,190,57.0,188.0,342.0,Healthy,-183518.0
Whse_S,Product_0125,185481,11,14.0,44.0,906.0,Healthy,-185437.0
Whse_J,Product_2065,187336,74,195.0,500.0,1038.0,Healthy,-186836.0
Whse_S,Product_1399,405353,23560,105438.0,216906.0,4661.0,Healthy,-188447.0
Whse_S,Product_1429,199088,6481,5292.0,8587.0,1200.0,Healthy,-190501.0
Whse_S,Product_1135,254722,32094,29103.0,62224.0,4085.0,Healthy,-192498.0
Whse_S,Product_0172,192821,9,19.0,49.0,790.0,Healthy,-192772.0
Whse_S,Product_1478,205572,3050,5868.0,11795.0,3059.0,Healthy,-193777.0
Whse_S,Product_0002,261967,45983,49791.0,66926.0,2330.0,Healthy,-195041.0
Whse_S,Product_0385,266307,16583,40430.0,68430.0,1530.0,Healthy,-197877.0
Whse_S,Product_1130,200809,904,172.0,1391.0,250.0,Healthy,-199418.0
Whse_S,Product_1617,201415,13,11.0,86.0,229.0,Healthy,-201329.0
Whse_J,Product_2004,220352,6029,7478.0,13605.0,2055.0,Healthy,-206747.0
Whse_S,Product_1479,266052,12859,32541.0,54391.0,6090.0,Healthy,-211661.0
Whse_S,Product_1567,336855,71402,51270.0,123818.0,2128.0,Healthy,-213037.0
Whse_J,Product_1813,256944,27733,26245.0,43835.0,2162.0,Healthy,-213109.0
Whse_S,Product_1606,220564,2121,1193.0,7263.0,344.0,Healthy,-213301.0
Whse_S,Product_2095,214718,418,596.0,1128.0,945.0,Healthy,-213590.0
Whse_S,Product_1886,364075,14662,122961.0,148478.0,7707.0,Healthy,-215597.0
Whse_J,Product_2002,224228,1763,1972.0,3354.0,1248.0,Healthy,-220874.0
Whse_S,Product_0537,222316,18,29.0,71.0,302.0,Healthy,-222245.0
Whse_J,Product_2027,232384,1796,4352.0,8973.0,1825.0,Healthy,-223411.0
Whse_S,Product_2125,224522,27,0.0,99.0,160.0,Healthy,-224423.0
Whse_S,Product_0911,228622,1207,501.0,2173.0,338.0,Healthy,-226449.0
Whse_S,Product_2127,228243,61,73.0,243.0,226.0,Healthy,-228000.0
Whse_S,Product_0560,244587,6658,5431.0,14431.0,236.0,Healthy,-230156.0
Whse_S,Product_1094,231923,24,37.0,124.0,1319.0,Healthy,-231799.0
Whse_S,Product_1001,247507,5714,11494.0,13972.0,1553.0,Healthy,-233535.0
Whse_S,Product_1671,237545,63,37.0,96.0,923.0,Healthy,-237449.0
Whse_S,Product_1374,271615,24880,23298.0,33782.0,2904.0,Healthy,-237833.0
Whse_S,Product_0562,245779,2376,2715.0,6124.0,399.0,Healthy,-239655.0
Whse_S,Product_1859,241082,4,4.0,11.0,382.0,Healthy,-241071.0
Whse_S,Product_1824,325387,17031,35170.0,83888.0,3067.0,Healthy,-241499.0
Whse_S,Product_1170,242137,23,28.0,108.0,322.0,Healthy,-242029.0
Whse_S,Product_1433,245563,1564,0.0,0.0,0.0,Healthy,-245563.0
Whse_S,Product_1786,245913,29,25.0,67.0,1787.0,Healthy,-245846.0
Whse_S,Product_2093,250456,294,214.0,456.0,430.0,Healthy,-250000.0
Whse_S,Product_0563,270433,5811,4259.0,15959.0,230.0,Healthy,-254474.0
Whse_S,Product_1392,275107,6130,7674.0,18228.0,1951.0,Healthy,-256879.0
Whse_S,Product_1607,276953,5041,3534.0,18946.0,303.0,Healthy,-258007.0
Whse_S,Product_0437,260455,654,740.0,2227.0,643.0,Healthy,-258228.0
Whse_S,Product_1738,273159,2646,6020.0,12096.0,658.0,Healthy,-261063.0
Whse_S,Product_0561,269629,5707,4585.0,7653.0,1061.0,Healthy,-261976.0
Whse_S,Product_1144,264452,13,4.0,8.0,770.0,Healthy,-264444.0
Whse_S,Product_1549,292359,6925,5358.0,26864.0,262.0,Healthy,-265495.0
Whse_S,Product_2082,269646,1356,2343.0,3878.0,1959.0,Healthy,-265768.0
Whse_S,Product_0920,277385,2435,2519.0,7116.0,225.0,Healthy,-270269.0
Whse_S,Product_0130,272437,255,429.0,1128.0,1120.0,Healthy,-271309.0
Whse_J,Product_2018,273746,326,299.0,770.0,222.0,Healthy,-272976.0
Whse_S,Product_0916,290608,1722,3777.0,11600.0,337.0,Healthy,-279008.0
Whse_S,Product_1742,300923,4792,3429.0,20807.0,833.0,Healthy,-280116.0
Whse_S,Product_1847,295579,1920,2421.0,4894.0,604.0,Healthy,-290685.0
Whse_S,Product_1616,293135,12,14.0,41.0,469.0,Healthy,-293094.0
Whse_S,Product_1645,293652,5,7.0,18.0,1114.0,Healthy,-293634.0
Whse_S,Product_1631,296798,6231,0.0,0.0,0.0,Healthy,-296798.0
Whse_S,Product_1596,364194,10510,30804.0,66876.0,687.0,Healthy,-297318.0
Whse_S,Product_1612,320895,8192,8029.0,16352.0,1155.0,Healthy,-304543.0
Whse_S,Product_1600,325926,8426,7202.0,19996.0,1108.0,Healthy,-305930.0
Whse_S,Product_0664,306975,265,723.0,933.0,1987.0,Healthy,-306042.0
Whse_S,Product_0366,355045,52823,29229.0,47654.0,2259.0,Healthy,-307391.0
Whse_S,Product_2155,310409,241,101.0,178.0,548.0,Healthy,-310231.0
Whse_S,Product_0250,319808,683,2228.0,4279.0,808.0,Healthy,-315529.0
Whse_A,Product_0020,329512,1771,8551.0,12165.0,2605.0,Healthy,-317347.0
Whse_S,Product_1774,323438,32,32.0,85.0,832.0,Healthy,-323353.0
Whse_S,Product_1052,324573,380,485.0,759.0,909.0,Healthy,-323814.0
Whse_S,Product_2004,342279,12137,7478.0,13605.0,2055.0,Healthy,-328674.0
Whse_S,Product_1000,404225,6249,43849.0,66489.0,3403.0,Healthy,-337736.0
Whse_S,Product_1719,346466,88,118.0,198.0,2474.0,Healthy,-346268.0
Whse_S,Product_1970,386215,15063,30726.0,39422.0,6201.0,Healthy,-346793.0
Whse_S,Product_0642,358806,32,39.0,108.0,816.0,Healthy,-358698.0
Whse_S,Product_1590,365547,513,138.0,561.0,298.0,Healthy,-364986.0
Whse_S,Product_2137,371251,1733,1119.0,2045.0,206.0,Healthy,-369206.0
Whse_S,Product_1794,370216,13,8.0,25.0,1266.0,Healthy,-370191.0
Whse_S,Product_2009,382708,6598,3621.0,11621.0,233.0,Healthy,-371087.0
Whse_S,Product_0998,488668,9552,75395.0,115879.0,5404.0,Healthy,-372789.0
Whse_S,Product_1736,405610,4292,12215.0,31240.0,717.0,Healthy,-374370.0
Whse_S,Product_1609,381576,2220,1093.0,5115.0,350.0,Healthy,-376461.0
Whse_S,Product_1643,457390,28484,52016.0,80043.0,2473.0,Healthy,-377347.0
Whse_S,Product_1573,428783,35358,21428.0,38234.0,3303.0,Healthy,-390549.0
Whse_S,Product_2081,396769,497,698.0,1193.0,358.0,Healthy,-395576.0
Whse_S,Product_2021,417962,3452,11096.0,21613.0,756.0,Healthy,-396349.0
Whse_S,Product_0519,412762,11,20.0,56.0,299.0,Healthy,-412706.0
Whse_A,Product_0075,413449,6,3.0,20.0,218.0,Healthy,-413429.0
Whse_S,Product_0910,417292,753,233.0,461.0,417.0,Healthy,-416831.0
Whse_S,Product_1618,417023,18,17.0,38.0,604.0,Healthy,-416985.0
Whse_S,Product_1680,429312,37,64.0,149.0,1782.0,Healthy,-429163.0
Whse_S,Product_1746,485867,7233,25497.0,47454.0,652.0,Healthy,-438413.0
Whse_S,Product_1571,562433,54570,47461.0,122378.0,2353.0,Healthy,-440055.0
Whse_S,Product_2087,442389,169,280.0,639.0,1063.0,Healthy,-441750.0
Whse_S,Product_0627,442625,17,49.0,74.0,2990.0,Healthy,-442551.0
Whse_S,Product_2133,448071,2068,1643.0,4103.0,235.0,Healthy,-443968.0
Whse_S,Product_1644,445803,4,8.0,23.0,447.0,Healthy,-445780.0
Whse_S,Product_1510,650497,47376,76761.0,202650.0,1489.0,Healthy,-447847.0
Whse_S,Product_1182,450969,1077,19.0,782.0,93.0,Healthy,-450187.0
Whse_S,Product_1587,462889,4049,4332.0,7132.0,873.0,Healthy,-455757.0
Whse_S,Product_2143,460818,132,427.0,775.0,598.0,Healthy,-460043.0
Whse_S,Product_2129,461224,514,242.0,481.0,109.0,Healthy,-460743.0
Whse_S,Product_2131,469114,22,14.0,28.0,377.0,Healthy,-469086.0
Whse_S,Product_0923,475709,1720,1624.0,5935.0,610.0,Healthy,-469774.0
Whse_S,Product_1935,471698,12,4.0,10.0,400.0,Healthy,-471688.0
Whse_S,Product_1133,517021,13116,13812.0,36066.0,1260.0,Healthy,-480955.0
Whse_S,Product_0898,487342,904,219.0,445.0,123.0,Healthy,-486897.0
Whse_S,Product_1799,503074,20,17.0,71.0,158.0,Healthy,-503003.0
Whse_S,Product_1213,520203,4839,6352.0,10816.0,2320.0,Healthy,-509387.0
Whse_S,Product_1208,518514,29,19.0,78.0,819.0,Healthy,-518436.0
Whse_S,Product_0608,520449,30,81.0,136.0,2807.0,Healthy,-520313.0
Whse_S,Product_0533,520972,58,155.0,342.0,319.0,Healthy,-520630.0
Whse_S,Product_2083,542674,672,714.0,1378.0,626.0,Healthy,-541296.0
Whse_S,Product_1601,609239,14349,30264.0,60937.0,1828.0,Healthy,-548302.0
Whse_S,Product_1839,658616,32373,78633.0,109141.0,6665.0,Healthy,-549475.0
Whse_J,Product_1929,560437,8,6.0,26.0,514.0,Healthy,-560411.0
Whse_S,Product_1787,660150,32356,61650.0,89186.0,2555.0,Healthy,-570964.0
Whse_S,Product_1705,576776,34,61.0,167.0,784.0,Healthy,-576609.0
Whse_S,Product_2139,581167,1092,340.0,1361.0,137.0,Healthy,-579806.0
Whse_S,Product_1350,782549,55768,125120.0,188766.0,15359.0,Healthy,-593783.0
Whse_S,Product_2072,596622,448,387.0,828.0,1544.0,Healthy,-595794.0
Whse_S,Product_2090,606499,1016,896.0,2244.0,594.0,Healthy,-604255.0
Whse_S,Product_1989,631972,4543,2804.0,18597.0,159.0,Healthy,-613375.0
Whse_S,Product_2089,651028,471,1478.0,2077.0,1902.0,Healthy,-648951.0
Whse_S,Product_1084,658549,550,619.0,3336.0,98.0,Healthy,-655213.0
Whse_S,Product_2022,674860,5626,2347.0,5540.0,346.0,Healthy,-669320.0
Whse_S,Product_2124,679943,55,38.0,95.0,549.0,Healthy,-679848.0
Whse_J,Product_0317,685884,254,292.0,819.0,533.0,Healthy,-685065.0
Whse_S,Product_1811,687505,26079,0.0,0.0,0.0,Healthy,-687505.0
Whse_S,Product_0530,689330,50,10.0,24.0,144.0,Healthy,-689306.0
Whse_S,Product_1314,707343,6627,8848.0,16560.0,2958.0,Healthy,-690783.0
Whse_S,Product_1743,731087,10247,12508.0,30803.0,451.0,Healthy,-700284.0
Whse_S,Product_1723,720053,125,310.0,676.0,250.0,Healthy,-719377.0
Whse_S,Product_2141,733144,449,278.0,676.0,223.0,Healthy,-732468.0
Whse_S,Product_1833,834809,15788,31445.0,72910.0,2840.0,Healthy,-761899.0
Whse_S,Product_1598,790394,4148,1176.0,11518.0,518.0,Healthy,-778876.0
Whse_S,Product_0578,796200,21,20.0,61.0,367.0,Healthy,-796139.0
Whse_S,Product_1997,847842,8986,16218.0,34583.0,1844.0,Healthy,-813259.0
Whse_S,Product_1892,820541,72,106.0,221.0,590.0,Healthy,-820320.0
Whse_S,Product_1603,1122032,100034,140992.0,281558.0,2513.0,Healthy,-840474.0
Whse_S,Product_1983,865694,4799,4701.0,14033.0,466.0,Healthy,-851661.0
Whse_S,Product_2128,859204,432,422.0,1049.0,933.0,Healthy,-858155.0
Whse_S,Product_2145,861861,550,494.0,1516.0,204.0,Healthy,-860345.0
Whse_S,Product_2019,894012,4468,2768.0,4635.0,1168.0,Healthy,-889377.0
Whse_S,Product_2126,896603,353,219.0,553.0,172.0,Healthy,-896050.0
Whse_S,Product_2142,905558,180,128.0,399.0,973.0,Healthy,-905159.0
Whse_S,Product_2144,917920,90,104.0,182.0,865.0,Healthy,-917738.0
Whse_S,Product_2162,923773,87,53.0,169.0,261.0,Healthy,-923604.0
Whse_S,Product_2118,934345,221,153.0,235.0,181.0,Healthy,-934110.0
Whse_S,Product_2157,1009736,46,27.0,57.0,484.0,Healthy,-1009679.0
Whse_S,Product_2146,1017106,158,59.0,236.0,125.0,Healthy,-1016870.0
Whse_S,Product_1802,1053052,14,11.0,42.0,1008.0,Healthy,-1053010.0
Whse_S,Product_1903,1071199,2320,2544.0,8667.0,586.0,Healthy,-1062532.0
Whse_S,Product_1792,1075409,9,6.0,12.0,682.0,Healthy,-1075397.0
Whse_S,Product_1605,1115283,1603,116.0,1553.0,171.0,Healthy,-1113730.0
Whse_S,Product_1891,1146124,138,182.0,489.0,1202.0,Healthy,-1145635.0
Whse_S,Product_1766,1435419,24221,92984.0,151498.0,3971.0,Healthy,-1283921.0
Whse_S,Product_2158,1820766,34,26.0,87.0,305.0,Healthy,-1820679.0
Whse_S,Product_2135,1931921,4917,1281.0,2281.0,148.0,Healthy,-1929640.0
Whse_S,Product_1593,2291640,2851,6229.0,11417.0,1733.0,Healthy,-2280223.0
Whse_S,Product_0371,2336504,12804,8456.0,19493.0,622.0,Healthy,-2317011.0
Whse_S,Product_2161,2479371,62,0.0,0.0,0.0,Healthy,-2479371.0
Whse_S,Product_2138,2702374,1441,4345.0,7119.0,1664.0,Healthy,-2695255.0
Whse_S,Product_1747,3041150,785,0.0,600.0,82.0,Healthy,-3040550.0
Whse_S,Product_2156,3130881,91,13.0,26.0,197.0,Healthy,-3130855.0
Whse_A,Product_0001,3363775,2066,5146.0,8255.0,712.0,Healthy,-3355520.0
Whse_S,Product_2167,3422783,544,997.0,1865.0,2831.0,Healthy,-3420918.0
Whse_S,Product_2136,5289971,213,426.0,889.0,471.0,Healthy,-5289082.0
Whse_S,Product_2169,5349100,136,191.0,423.0,923.0,Healthy,-5348677.0
Whse_S,Product_2159,5558544,259,151.0,248.0,416.0,Healthy,-5558296.0
Whse_S,Product_2160,5707372,61,83.0,231.0,295.0,Healthy,-5707141.0
Whse_S,Product_2168,6066520,315,378.0,761.0,609.0,Healthy,-6065759.0
