SKU,Annual_Demand,Unit_Cost_x,Annual_Consumption_Value,ABC_Category,Avg_Daily_Demand,Demand_Std_Dev,Supplier_ID,Lead_Time_Days_x,Supplier_Reliability,MOQ,Z_Value,Safety_Stock,Reorder_Point,Product_Category,Unit_Cost_y,Lead_Time_Days_y,Ordering_Cost,Holding_Cost_Per_Unit_Year,EOQ,Supply_Risk,Profit_Impact,Supply_Risk_Score,Profit_Impact_Score,Kraljic_Category,Inventory_Policy
Product_1359,56131008.49790945,0.61,34239915.18372476,A,21951.90007739908,65188.0543624767,SUP_0001,4,99.0,9637,2.33,303777.0,391585.0,Category_019,0.61,4,2951,375.96,29685.0,1.0,34239915.18372476,0.0,1.0,Leverage,Bulk Procurement & Cost Negotiation
Product_0083,29638746.773106664,1.15,34084558.78907266,A,81425.12849754578,219971.7750676826,SUP_0002,14,67.54,9336,2.33,1917728.0,3057680.0,Category_019,1.15,14,2644,435.32,18975.0,32.459999999999994,34084558.78907266,0.3243298969072164,0.9954627108794374,Leverage,Bulk Procurement & Cost Negotiation
Product_1451,11742165.57469688,2.89,33934858.51087398,A,18092.705045757903,28886.460935507268,SUP_0009,14,41.25,11638,2.33,251834.0,505132.0,Category_019,2.89,14,1546,351.61,10162.0,58.75,33934858.51087398,0.595360824742268,0.9910906124850513,Strategic,Long-Term Supplier Partnership
Product_1480,11611219.457364557,2.92,33904760.815504506,A,41174.53708285304,161184.0236985625,SUP_0014,12,44.27,4057,2.33,1300974.0,1795069.0,Category_019,2.92,12,3313,425.67,13444.0,55.73,33904760.815504506,0.5642268041237113,0.9902115888307,Strategic,Long-Term Supplier Partnership
Product_1248,30809329.17374824,1.1,33890262.09112307,A,29092.85096671222,76717.36139384037,SUP_0003,7,79.29,9755,2.33,472932.0,676582.0,Category_019,1.1,7,1206,437.39,13035.0,20.709999999999994,33890262.09112307,0.20319587628865973,0.9897881437285833,Leverage,Bulk Procurement & Cost Negotiation
Product_1286,13759338.9702649,2.46,33847973.86685166,A,10192.102940936964,17288.09410749133,SUP_0007,5,75.78,3914,2.33,90072.0,141033.0,Category_019,2.46,5,4174,272.16,20544.0,24.22,33847973.86685166,0.23938144329896907,0.9885530873902572,Leverage,Bulk Procurement & Cost Negotiation
Product_1274,10765858.886569563,3.14,33804796.90382843,A,9787.144442335966,17586.58562113319,SUP_0010,4,96.61,8473,2.33,81954.0,121103.0,Category_019,3.14,4,1952,237.42,13306.0,3.3900000000000006,33804796.90382843,0.024639175257731967,0.9872920748324996,Leverage,Bulk Procurement & Cost Negotiation
Product_1287,12743214.02813543,2.65,33769517.174558885,A,10744.699855088895,16444.092456274986,SUP_0008,11,81.91,10084,2.33,127076.0,245268.0,Category_019,2.65,11,3356,326.46,16187.0,18.090000000000003,33769517.174558885,0.17618556701030932,0.9862617063552345,Leverage,Bulk Procurement & Cost Negotiation
Product_1378,10816252.910996443,3.12,33746709.0823089,A,6631.669473327065,9781.345251066243,SUP_0011,6,89.0,2382,2.33,55826.0,95617.0,Category_019,3.12,6,3473,260.14,16995.0,11.0,33746709.0823089,0.10309278350515463,0.985595580515623,Leverage,Bulk Procurement & Cost Negotiation
Product_1264,9464792.378298085,3.56,33694660.86674118,A,15880.524124661217,58661.59530636047,SUP_0016,6,54.26,1620,2.33,334800.0,430084.0,Category_019,3.56,6,5624,434.62,15651.0,45.74,33694660.86674118,0.46123711340206186,0.984075476996428,Leverage,Bulk Procurement & Cost Negotiation
Product_1241,13860075.321015397,2.43,33679983.030067414,A,16678.79100001853,69868.15910825667,SUP_0006,4,77.72,3691,2.33,325586.0,392302.0,Category_019,2.43,4,3239,324.66,16630.0,22.28,33679983.030067414,0.21938144329896908,0.9836468007980492,Leverage,Bulk Procurement & Cost Negotiation
Product_1016,8091277.50789476,4.16,33659714.4328422,A,10268.118664841066,50424.41482909088,SUP_0021,8,65.18,6397,2.33,332309.0,414454.0,Category_007,4.16,8,2671,333.12,11391.0,34.81999999999999,33659714.4328422,0.3486597938144329,0.9830548426370417,Leverage,Bulk Procurement & Cost Negotiation
Product_1341,10215680.355927264,3.29,33609588.3710007,A,37976.50689935786,83573.88242136447,SUP_0015,14,68.17,3980,2.33,728603.0,1260275.0,Category_019,3.29,14,3651,414.32,13418.0,31.83,33609588.3710007,0.3178350515463917,0.9815908769241439,Leverage,Bulk Procurement & Cost Negotiation
Product_1452,2690926.5028424114,12.46,33528944.225416448,A,3721.890045425189,5109.363619427429,SUP_0047,11,94.53,3004,2.33,39484.0,80425.0,Category_019,12.46,11,903,313.08,3940.0,5.469999999999999,33528944.225416448,0.046082474226804115,0.979235609828664,Leverage,Bulk Procurement & Cost Negotiation
Product_1166,3762219.4806252867,8.9,33483753.377565052,A,99005.7758059286,155187.76960592676,SUP_0036,11,23.59,10844,2.33,1199251.0,2288315.0,Category_006,8.9,11,3270,318.75,8786.0,76.41,33483753.377565052,0.7774226804123712,0.9779157803954159,Strategic,Long-Term Supplier Partnership
Product_1152,5994109.568480752,5.58,33447131.3921226,A,124877.28267668234,178727.6059475856,SUP_0028,7,33.59,3023,2.33,1101785.0,1975926.0,Category_006,5.58,7,3629,356.05,11054.0,66.41,33447131.3921226,0.6743298969072165,0.9768462104141252,Strategic,Long-Term Supplier Partnership
Product_1470,3607810.101911903,9.25,33372243.4426851,A,4219.6609379086585,21241.686380269664,SUP_0039,8,59.95,4433,2.33,139988.0,173746.0,Category_019,9.25,8,5216,254.98,12150.0,40.05,33372243.4426851,0.4025773195876288,0.9746590569403019,Leverage,Bulk Procurement & Cost Negotiation
Product_1295,16682962.484930525,2.0,33365924.96986105,A,10472.669482065616,15876.089714445849,SUP_0004,4,79.42,5564,2.33,73983.0,115874.0,Category_019,2.0,4,2220,430.33,13120.0,20.58,33365924.96986105,0.20185567010309277,0.9744745216460364,Leverage,Bulk Procurement & Cost Negotiation
Product_1382,11457340.527530506,2.91,33340860.935113776,A,8006.527272907412,10075.425609975613,SUP_0012,10,89.29,6938,2.33,74237.0,154303.0,Category_019,2.91,10,1019,229.22,10093.0,10.709999999999994,33340860.935113776,0.10010309278350508,0.9737425094721516,Leverage,Bulk Procurement & Cost Negotiation
Product_1570,7325612.285456755,4.55,33331535.898828235,A,28067.480020907107,57383.214576659615,SUP_0024,6,31.63,15303,2.33,327504.0,495909.0,Category_019,4.55,6,2581,257.15,12127.0,68.37,33331535.898828235,0.6945360824742268,0.9734701654480643,Strategic,Long-Term Supplier Partnership
Product_1157,7325012.028927348,4.54,33255554.61133016,A,49161.15455655938,59429.048622024005,SUP_0027,6,52.79,2807,2.33,339181.0,634148.0,Category_006,4.54,6,3782,374.89,12158.0,47.21,33255554.61133016,0.4763917525773196,0.9712510802929062,Leverage,Bulk Procurement & Cost Negotiation
Product_1263,9077658.567848055,3.66,33224230.358323883,A,50998.081841843006,119882.53345031285,SUP_0018,12,65.46,7296,2.33,967615.0,1579592.0,Category_019,3.66,12,4378,264.27,17343.0,34.540000000000006,33224230.358323883,0.3457731958762887,0.9703362341889309,Leverage,Bulk Procurement & Cost Negotiation
Product_0931,2602951.256159242,12.76,33213658.028591923,A,15221.937170521882,12788.638225211376,SUP_0055,6,28.56,3406,2.33,72989.0,164321.0,Category_006,12.76,6,4142,364.83,7688.0,71.44,33213658.028591923,0.7261855670103092,0.9700274621118031,Strategic,Long-Term Supplier Partnership
Product_1520,1539241.5239347303,21.55,33170654.84079344,A,6810.803203251019,10859.135885250587,SUP_0073,6,99.0,921,2.33,61977.0,102842.0,Category_019,21.55,6,5030,413.84,6117.0,1.0,33170654.84079344,0.0,0.9687715247776205,Leverage,Bulk Procurement & Cost Negotiation
Product_1278,4470218.301045088,7.41,33124317.610744104,A,15467.883394619683,31661.53548252616,SUP_0032,9,67.22,2915,2.33,221315.0,360526.0,Category_019,7.41,9,921,341.64,4910.0,32.78,33124317.610744104,0.32762886597938146,0.9674182144729454,Leverage,Bulk Procurement & Cost Negotiation
Product_1403,4902434.373871732,6.75,33091432.023634188,A,9061.801060761056,31910.483743470148,SUP_0030,9,84.91,1749,2.33,223055.0,304612.0,Category_019,6.75,9,3106,403.0,8693.0,15.090000000000003,33091432.023634188,0.14525773195876293,0.9664577685450435,Leverage,Bulk Procurement & Cost Negotiation
Product_1360,8257923.445538783,4.0,33031693.782155134,A,11174.456624545039,30184.89350234126,SUP_0023,11,93.53,4761,2.33,233261.0,356181.0,Category_019,4.0,11,3742,327.33,13741.0,6.469999999999999,33031693.782155134,0.05639175257731958,0.9647130725912565,Leverage,Bulk Procurement & Cost Negotiation
Product_1355,2253746.963323821,14.65,33017393.012693975,A,8285.834423984636,13700.05163945371,SUP_0054,13,65.1,2222,2.33,115094.0,222810.0,Category_019,14.65,13,2999,290.26,6825.0,34.900000000000006,33017393.012693975,0.34948453608247426,0.9642954088971608,Leverage,Bulk Procurement & Cost Negotiation
Product_1245,11726152.807247123,2.81,32950489.388364416,A,293153.82018117805,450554.92774116463,SUP_0013,14,60.76,22029,2.33,3927966.0,8032120.0,Category_019,2.81,14,3398,245.67,18011.0,39.24,32950489.388364416,0.39422680412371136,0.9623414430660374,Leverage,Bulk Procurement & Cost Negotiation
Product_1817,1018841.7661081264,32.33,32939154.298275724,A,14765.822697219222,57327.58828029662,SUP_0107,11,62.01,1252,2.33,443013.0,605438.0,Category_006,32.33,11,5757,418.78,5293.0,37.99,32939154.298275724,0.381340206185567,0.9620103940541498,Leverage,Bulk Procurement & Cost Negotiation
Product_1432,13945579.13918226,2.36,32911566.76847013,A,28635.686117417372,135069.64861939193,SUP_0005,2,59.21,3877,2.33,445071.0,502343.0,Category_019,2.36,2,4024,324.65,18594.0,40.79,32911566.76847013,0.4102061855670103,0.9612046814915582,Leverage,Bulk Procurement & Cost Negotiation
Product_1350,9190470.667077545,3.58,32901884.98813761,A,12729.183749414882,24015.11828457949,SUP_0020,5,68.25,4282,2.33,125120.0,188766.0,Category_019,3.58,5,5665,441.41,15359.0,31.75,32901884.98813761,0.3170103092783505,0.9609219185150565,Leverage,Bulk Procurement & Cost Negotiation
Product_1574,4381364.40573899,7.49,32816419.398985036,A,45168.705213804016,60257.39190076649,SUP_0033,3,99.0,1619,2.33,243180.0,378687.0,Category_019,7.49,3,3388,243.0,11054.0,1.0,32816419.398985036,0.0,0.9584258378824385,Leverage,Bulk Procurement & Cost Negotiation
Product_1234,2811739.856480583,11.66,32784886.7265636,A,19941.417421848106,30317.099577557754,SUP_0046,5,71.73,2590,2.33,157954.0,257662.0,Category_019,11.66,5,5687,434.81,8577.0,28.269999999999996,32784886.7265636,0.28113402061855663,0.9575049047477553,Leverage,Bulk Procurement & Cost Negotiation
Product_1393,3051058.2921191743,10.74,32768366.057359934,A,7229.995952889039,12259.459312111352,SUP_0044,11,47.64,6482,2.33,94738.0,174268.0,Category_019,10.74,11,2273,297.98,6823.0,52.36,32768366.057359934,0.5294845360824743,0.9570224073725422,Strategic,Long-Term Supplier Partnership
Product_1502,5540467.318507251,5.91,32744161.852377854,A,23778.829693164167,40995.8525419444,SUP_0026,4,59.72,6261,2.33,191041.0,286157.0,Category_019,5.91,4,2022,425.71,7255.0,40.28,32744161.852377854,0.4049484536082474,0.9563155071114813,Leverage,Bulk Procurement & Cost Negotiation
Product_0982,823667.7357920791,39.68,32683135.7562297,A,3431.948899133663,13362.230528936017,SUP_0098,11,51.92,3124,2.33,103260.0,141012.0,Category_028,39.68,11,1856,361.89,2907.0,48.08,32683135.7562297,0.485360824742268,0.9545331984865708,Leverage,Bulk Procurement & Cost Negotiation
Product_1377,7055849.462509032,4.63,32668583.01141682,A,5529.6625881732225,8224.77729995485,SUP_0025,4,49.14,4409,2.33,38328.0,60447.0,Category_019,4.63,4,4142,374.01,12502.0,50.86,32668583.01141682,0.514020618556701,0.9541081756810296,Strategic,Long-Term Supplier Partnership
Product_1394,4141655.5736838155,7.87,32594829.36489163,A,21913.521553882623,41599.75486068043,SUP_0031,2,64.42,1986,2.33,137077.0,180905.0,Category_019,7.87,2,3550,386.32,8725.0,35.58,32594829.36489163,0.3564948453608247,0.9519541502948847,Leverage,Bulk Procurement & Cost Negotiation
Product_1361,3535541.9097177326,9.21,32562340.98850032,A,19533.380716672556,26648.898437461783,SUP_0034,9,45.89,8984,2.33,186276.0,362077.0,Category_033,9.21,9,3244,289.77,8898.0,54.11,32562340.98850032,0.5475257731958764,0.9510053051760524,Strategic,Long-Term Supplier Partnership
Product_1250,2298939.5119505064,14.15,32529994.094099667,A,2954.935105334841,7364.713239665417,SUP_0051,8,99.0,6451,2.33,48536.0,72176.0,Category_019,14.15,8,4741,254.06,9263.0,1.0,32529994.094099667,0.0,0.9500605921349399,Leverage,Bulk Procurement & Cost Negotiation
Product_0071,1733380.8456406693,18.75,32500890.85576255,A,11712.032740815333,23213.83178090397,SUP_0066,10,72.18,9719,2.33,171042.0,288163.0,Category_019,18.75,10,2628,227.75,6325.0,27.819999999999993,32500890.85576255,0.27649484536082464,0.9492106122742727,Leverage,Bulk Procurement & Cost Negotiation
Product_1294,9778740.568251062,3.32,32465418.686593525,A,7724.123671604315,10967.815017503426,SUP_0017,8,99.0,5130,2.33,72281.0,134074.0,Category_019,3.32,8,881,423.86,6376.0,1.0,32465418.686593525,0.0,0.9481746234589182,Leverage,Bulk Procurement & Cost Negotiation
Product_1453,9007178.273764368,3.6,32425841.785551727,A,6356.512543235263,9286.521878640882,SUP_0019,5,74.84,6271,2.33,48384.0,80167.0,Category_019,3.6,5,5043,404.32,14990.0,25.159999999999997,32425841.785551727,0.24907216494845355,0.947018753158731,Leverage,Bulk Procurement & Cost Negotiation
Product_1150,1853436.2472801567,17.47,32379531.239984337,A,22602.881064392153,31545.284171102034,SUP_0068,9,45.88,4092,2.33,220502.0,423928.0,Category_006,17.47,9,1323,234.53,4573.0,54.12,32379531.239984337,0.5476288659793814,0.9456662221924919,Strategic,Long-Term Supplier Partnership
Product_0033,5076766.187544433,6.37,32339000.614658043,A,7170.573711220951,20551.38060827618,SUP_0029,6,77.77,2453,2.33,117294.0,160318.0,Category_005,6.37,6,939,320.16,5458.0,22.230000000000004,32339000.614658043,0.21886597938144334,0.9444824977262128,Leverage,Bulk Procurement & Cost Negotiation
Product_0084,1640054.4806677345,19.7,32309073.26915437,A,74547.93093944248,99628.33266492751,SUP_0077,7,50.89,3486,2.33,614169.0,1136005.0,Category_019,19.7,7,3976,402.27,5694.0,49.11,32309073.26915437,0.49597938144329895,0.9436084492554999,Leverage,Bulk Procurement & Cost Negotiation
Product_1158,1796390.9440147288,17.97,32281145.263944674,A,12740.361305068998,23040.158721460975,SUP_0056,9,41.2,3897,2.33,161051.0,275715.0,Category_006,17.97,9,4232,270.85,7493.0,58.8,32281145.263944674,0.5958762886597938,0.9427927928772689,Strategic,Long-Term Supplier Partnership
Product_0933,1946413.0830158424,16.56,32232600.654742345,A,15088.473511750715,12895.270970446438,SUP_0075,10,57.06,4808,2.33,95014.0,245899.0,Category_006,16.56,10,1786,296.77,4841.0,42.94,32232600.654742345,0.4323711340206185,0.941375014563805,Leverage,Bulk Procurement & Cost Negotiation
Product_1431,3871335.8295530155,8.32,32209514.10188109,A,23181.651673970155,36036.65679570029,SUP_0037,4,86.12,14067,2.33,167931.0,260658.0,Category_019,8.32,4,1660,240.47,7311.0,13.879999999999995,32209514.10188109,0.13278350515463913,0.9407007560927376,Leverage,Bulk Procurement & Cost Negotiation
Product_1839,1787744.719410417,17.99,32161527.5021934,A,6101.51781368743,15092.46712936948,SUP_0059,5,53.86,1054,2.33,78633.0,109141.0,Category_006,17.99,5,5532,445.27,6665.0,46.14,32161527.5021934,0.46536082474226803,0.939299274826496,Leverage,Bulk Procurement & Cost Negotiation
Product_0094,2087881.7202922928,15.39,32132499.675298385,A,27115.347016783024,35637.982981356145,SUP_0050,7,91.35,1701,2.33,219694.0,409502.0,Category_019,15.39,7,975,391.83,3224.0,8.650000000000006,32132499.675298385,0.07886597938144335,0.9384514974082618,Leverage,Bulk Procurement & Cost Negotiation
Product_1430,1162976.5638443537,27.59,32086523.39646572,A,1819.9946226046222,8894.231042317593,SUP_0086,13,55.22,2464,2.33,74720.0,98380.0,Category_019,27.59,13,2138,361.26,3711.0,44.78,32086523.39646572,0.45134020618556697,0.9371087289292523,Leverage,Bulk Procurement & Cost Negotiation
Product_1342,7528416.999090296,4.26,32071056.41612466,A,34220.07726859226,127879.78036644984,SUP_0022,8,82.94,2724,2.33,842758.0,1116519.0,Category_019,4.26,8,4559,341.73,14173.0,17.060000000000002,32071056.41612466,0.16556701030927837,0.9366570052535929,Leverage,Bulk Procurement & Cost Negotiation
Product_1825,3273402.7631348204,9.78,32013879.02345854,A,10358.869503591204,28086.527468848686,SUP_0041,5,99.0,1636,2.33,146332.0,198127.0,Category_006,9.78,5,4459,372.46,8854.0,1.0,32013879.02345854,0.0,0.9349871006303099,Leverage,Bulk Procurement & Cost Negotiation
Product_0936,1754953.9848611765,18.22,31975261.60417063,A,9435.23647774826,16469.16557138385,SUP_0069,11,31.05,1448,2.33,127270.0,231058.0,Category_006,18.22,11,4719,412.86,6334.0,68.95,31975261.60417063,0.7005154639175258,0.9338592526470221,Strategic,Long-Term Supplier Partnership
Product_1256,467254.8330989662,68.35,31936867.84231434,A,4063.085505208402,12267.135263956698,SUP_0161,10,93.47,749,2.33,90386.0,131017.0,Category_019,68.35,10,5147,411.0,3421.0,6.530000000000001,31936867.84231434,0.057010309278350525,0.9327379367310721,Leverage,Bulk Procurement & Cost Negotiation
Product_1267,3790412.2578426753,8.42,31915271.211035326,A,23839.07080404198,36013.547599051184,SUP_0035,7,52.27,10498,2.33,222010.0,388884.0,Category_019,8.42,7,3544,370.34,8518.0,47.73,31915271.211035326,0.4817525773195876,0.932107192432696,Leverage,Bulk Procurement & Cost Negotiation
Product_1281,2846762.296531679,11.19,31855270.098189488,A,20189.80352150127,43939.47891357269,SUP_0052,7,60.18,3403,2.33,270870.0,412199.0,Category_019,11.19,7,1322,239.16,5610.0,39.82,31855270.098189488,0.40020618556701026,0.9303548191419362,Leverage,Bulk Procurement & Cost Negotiation
Product_1262,1501034.0948922168,21.2,31821922.811714996,A,2117.114379255595,4876.116231642594,SUP_0076,12,83.61,3150,2.33,39357.0,64763.0,Category_019,21.2,12,3529,393.19,5191.0,16.39,31821922.811714996,0.15865979381443301,0.9293808889702183,Leverage,Bulk Procurement & Cost Negotiation
Product_1554,3139970.708877294,10.12,31776503.57383821,A,5740.348645113882,9556.129929056422,SUP_0040,11,99.0,3637,2.33,73848.0,136992.0,Category_019,10.12,11,1522,386.9,4971.0,1.0,31776503.57383821,0.0,0.9280543892510141,Leverage,Bulk Procurement & Cost Negotiation
Product_1354,619021.2464639896,51.29,31749599.73113803,A,7369.300553142733,9804.485026879565,SUP_0142,4,89.85,920,2.33,45689.0,75167.0,Category_019,51.29,4,3274,348.89,3409.0,10.150000000000006,31749599.73113803,0.09432989690721655,0.927268644235122,Leverage,Bulk Procurement & Cost Negotiation
Product_1458,566765.1590152637,55.96,31716178.298494156,A,1483.678426741528,2021.4995326967444,SUP_0157,13,42.35,1720,2.33,16983.0,36271.0,Category_019,55.96,13,5555,355.59,4209.0,57.65,31716178.298494156,0.5840206185567011,0.9262925485741211,Strategic,Long-Term Supplier Partnership
Product_1970,2260804.6047509992,14.01,31673872.5125615,A,4347.701162982691,9324.523738085316,SUP_0053,2,55.01,3919,2.33,30726.0,39422.0,Category_005,14.01,2,3453,406.06,6201.0,44.99,31673872.5125615,0.45350515463917523,0.9250569793355394,Leverage,Bulk Procurement & Cost Negotiation
Product_1290,1891206.9258709995,16.73,31639891.86982182,A,15129.655406967995,13794.224096943737,SUP_0074,14,64.22,3701,2.33,120259.0,332075.0,Category_019,16.73,14,2959,230.83,6964.0,35.78,31639891.86982182,0.3585567010309278,0.924064551563527,Leverage,Bulk Procurement & Cost Negotiation
Product_1812,649568.5796469615,48.65,31601511.39982468,A,21652.28598823205,63642.12419910047,SUP_0143,10,52.4,1867,2.33,468922.0,685445.0,Category_006,48.65,10,2446,429.29,2721.0,47.6,31601511.39982468,0.48041237113402063,0.9229436238453594,Leverage,Bulk Procurement & Cost Negotiation
Product_0064,1716648.3277852351,18.39,31569162.747970477,A,8456.395703375543,18872.839848774373,SUP_0070,12,75.37,2709,2.33,152330.0,253807.0,Category_019,18.39,12,2014,357.59,4398.0,24.629999999999995,31569162.747970477,0.24360824742268036,0.9219988594766212,Leverage,Bulk Procurement & Cost Negotiation
Product_1526,3548051.46746748,8.89,31542177.545785896,A,15910.544697163587,25762.38270972032,SUP_0038,8,47.36,1537,2.33,169781.0,297066.0,Category_019,8.89,8,2858,446.18,6742.0,52.64,31542177.545785896,0.5323711340206186,0.9212107383016772,Strategic,Long-Term Supplier Partnership
Product_0063,1417524.2333405884,22.22,31497388.464827873,A,14318.426599399883,19564.572171352927,SUP_0091,7,46.14,1540,2.33,120608.0,220837.0,Category_019,22.22,7,818,325.09,2671.0,53.86,31497388.464827873,0.5449484536082474,0.9199026427436803,Strategic,Long-Term Supplier Partnership
Product_0837,466833.7796100177,67.38,31455260.07012299,A,14588.555612813054,8112.133967331354,SUP_0190,5,71.14,826,2.33,42265.0,115208.0,Category_019,67.38,5,3317,360.59,2931.0,28.86,31455260.07012299,0.28721649484536077,0.9186722543365002,Leverage,Bulk Procurement & Cost Negotiation
Product_1233,952480.0032390408,32.98,31412790.506823566,A,15614.426282607226,31750.536388383418,SUP_0089,5,92.69,3666,2.33,165422.0,243495.0,Category_019,32.98,5,4209,226.37,5952.0,7.310000000000002,31412790.506823566,0.06505154639175259,0.9174319018685826,Leverage,Bulk Procurement & Cost Negotiation
Product_1375,1534477.0885551414,20.45,31380056.46095264,A,9773.739417548672,12421.274985135056,SUP_0083,3,77.16,797,2.33,50129.0,79451.0,Category_019,20.45,3,4349,434.87,5541.0,22.840000000000003,31380056.46095264,0.22515463917525777,0.9164758818055865,Leverage,Bulk Procurement & Cost Negotiation
Product_1496,1979690.5490239472,15.83,31338501.391049083,A,3851.5380331205197,13105.485209720706,SUP_0060,7,87.73,2341,2.33,80791.0,107752.0,Category_019,15.83,7,3032,356.41,5804.0,12.269999999999996,31338501.391049083,0.11618556701030923,0.9152622377389882,Leverage,Bulk Procurement & Cost Negotiation
Product_1555,1738146.1925903265,18.01,31304012.928551782,A,4345.3654814758165,6907.092327948127,SUP_0058,10,82.35,5713,2.33,50893.0,94347.0,Category_019,18.01,10,1295,369.08,3493.0,17.650000000000006,31304012.928551782,0.17164948453608253,0.9142549787457271,Leverage,Bulk Procurement & Cost Negotiation
Product_1269,1223903.3414261083,25.55,31270730.373437066,A,12748.993139855294,12991.570604603241,SUP_0094,13,53.46,2976,2.33,109142.0,274879.0,Category_019,25.55,13,5617,239.3,7581.0,46.54,31270730.373437066,0.4694845360824742,0.9132829390973772,Leverage,Bulk Procurement & Cost Negotiation
Product_1242,1783183.802381441,17.51,31223548.379699036,A,8960.722625032367,34737.31650113117,SUP_0048,6,99.0,1720,2.33,198257.0,252022.0,Category_019,17.51,6,4920,373.06,6859.0,1.0,31223548.379699036,0.0,0.9119049568948847,Leverage,Bulk Procurement & Cost Negotiation
Product_1216,1480515.003518123,21.07,31194451.12412685,A,4935.050011727077,11634.808639319901,SUP_0085,11,74.98,7726,2.33,89911.0,144197.0,Category_019,21.07,11,2499,304.8,4928.0,25.019999999999996,31194451.12412685,0.2476288659793814,0.9110551517649346,Leverage,Bulk Procurement & Cost Negotiation
Product_1279,1383181.798058463,22.53,31163085.91025717,A,10891.195260302859,28633.278333005605,SUP_0084,5,94.66,1497,2.33,149181.0,203637.0,Category_019,22.53,5,5097,246.74,7560.0,5.340000000000003,31163085.91025717,0.04474226804123715,0.9101391093710974,Leverage,Bulk Procurement & Cost Negotiation
Product_1478,344457.4270620565,90.34,31118283.960786186,A,740.7686603485085,890.2981059257158,SUP_0215,8,75.94,1890,2.33,5868.0,11795.0,Category_019,90.34,8,5182,381.61,3059.0,24.060000000000002,31118283.960786186,0.23773195876288664,0.9088306379794311,Leverage,Bulk Procurement & Cost Negotiation
Product_0070,1167565.3939965994,26.62,31080590.788189474,A,12554.466602113971,21522.229212186237,SUP_0097,2,78.24,1197,2.33,70919.0,96028.0,Category_019,26.62,2,4059,303.82,5586.0,21.760000000000005,31080590.788189474,0.2140206185567011,0.9077297832490833,Leverage,Bulk Procurement & Cost Negotiation
Product_1539,178907.87541179414,173.53,31045883.620208636,A,547.1188850513582,1327.5241955180388,SUP_0280,6,82.72,2429,2.33,7577.0,10860.0,Category_019,173.53,6,5296,423.35,2116.0,17.28,31045883.620208636,0.16783505154639178,0.9067161368134947,Leverage,Bulk Procurement & Cost Negotiation
Product_1463,1072931.3141973612,28.9,31007714.98030374,A,1332.833930679952,1868.83821570164,SUP_0099,11,57.27,915,2.33,14442.0,29104.0,Category_019,28.9,11,2278,325.1,3878.0,42.73,31007714.98030374,0.43020618556701024,0.905601395737178,Leverage,Bulk Procurement & Cost Negotiation
Product_1513,1528447.854225065,20.26,30966353.52659982,A,3020.6479332511167,7075.224324729635,SUP_0080,10,75.17,7118,2.33,52132.0,82339.0,Category_019,20.26,10,3644,410.33,5211.0,24.83,30966353.52659982,0.2456701030927835,0.9043934063633148,Leverage,Bulk Procurement & Cost Negotiation
Product_1149,1863973.126332824,16.6,30941953.89712488,A,21929.095603915575,38635.56826870436,SUP_0065,5,43.55,1152,2.33,201293.0,310939.0,Category_006,16.6,5,4490,301.43,7452.0,56.45,30941953.89712488,0.5716494845360826,0.9036807985970858,Strategic,Long-Term Supplier Partnership
Product_0093,520848.4242640292,59.32,30896728.52734221,A,7891.642791879231,12321.647016504643,SUP_0162,13,56.49,1760,2.33,103514.0,206106.0,Category_019,59.32,13,5021,238.23,4686.0,43.51,30896728.52734221,0.43824742268041234,0.9023599609273663,Leverage,Bulk Procurement & Cost Negotiation
Product_1465,1028571.404003245,30.0,30857142.12009735,A,6122.448833352649,9232.140670591933,SUP_0102,8,76.52,2179,2.33,60842.0,109822.0,Category_019,30.0,8,1979,306.09,3647.0,23.480000000000004,30857142.12009735,0.23175257731958768,0.901203812992056,Leverage,Bulk Procurement & Cost Negotiation
Product_1456,2908843.2221540157,10.6,30833738.154832564,A,3137.910703510265,3887.205539735115,SUP_0045,9,78.74,2632,2.33,27172.0,55414.0,Category_019,10.6,9,4530,365.11,8496.0,21.260000000000005,30833738.154832564,0.20886597938144336,0.9005202842759594,Leverage,Bulk Procurement & Cost Negotiation
Product_1512,1520978.27323076,20.24,30784600.25019058,A,1954.984927031825,5818.724688856989,SUP_0078,6,99.0,1103,2.33,33210.0,44940.0,Category_019,20.24,6,3542,237.09,6742.0,1.0,30784600.25019058,0.0,0.8990851783658449,Leverage,Bulk Procurement & Cost Negotiation
Product_1156,1641295.0424204334,18.73,30741456.14453472,A,25250.692960314358,25714.616959793155,SUP_0072,8,70.23,4976,2.33,169466.0,371472.0,Category_006,18.73,8,3129,393.47,5110.0,29.769999999999996,30741456.14453472,0.29659793814432983,0.8978251254298385,Leverage,Bulk Procurement & Cost Negotiation
Product_1466,381667.56387873116,80.46,30708972.189682707,A,4060.293232752459,9589.260115305931,SUP_0174,5,66.46,794,2.33,49961.0,70263.0,Category_019,80.46,5,1004,289.97,1626.0,33.540000000000006,30708972.189682707,0.33546391752577326,0.8968764094450673,Leverage,Bulk Procurement & Cost Negotiation
Product_1479,1234488.890089821,24.85,30677048.918732055,A,5462.340221636377,6982.965310250618,SUP_0093,4,99.0,2128,2.33,32541.0,54391.0,Category_019,24.85,4,4249,282.86,6090.0,1.0,30677048.918732055,0.0,0.8959440686148007,Leverage,Bulk Procurement & Cost Negotiation
Product_1788,560209.79661986,54.69,30637873.77714014,A,2106.0518669919547,6265.566780421794,SUP_0154,2,27.46,1736,2.33,20646.0,24859.0,Category_006,54.69,2,4296,404.82,3449.0,72.53999999999999,30637873.77714014,0.7375257731958762,0.8947999319724723,Strategic,Long-Term Supplier Partnership
Product_1159,2013077.4436142484,15.2,30598777.142936576,A,45751.76008214201,69205.96295646466,SUP_0067,4,32.61,8499,2.33,322500.0,505508.0,Category_006,15.2,4,3811,430.47,5971.0,67.39,30598777.142936576,0.6844329896907216,0.8936580881917918,Strategic,Long-Term Supplier Partnership
Product_1048,1100397.917768041,27.77,30558050.176418494,A,55019.89588840205,13824.540265601167,SUP_0110,6,75.25,738,2.33,78901.0,409021.0,Category_006,27.77,6,3892,422.06,4505.0,24.75,30558050.176418494,0.24484536082474226,0.8924686294475295,Leverage,Bulk Procurement & Cost Negotiation
Product_1396,1908933.1439202037,15.99,30523840.971284058,A,32912.640412417306,57399.106393172384,SUP_0063,7,77.7,2668,2.33,353843.0,584232.0,Category_019,15.99,7,3004,386.26,5450.0,22.299999999999997,30523840.971284058,0.21958762886597935,0.8914695263553963,Leverage,Bulk Procurement & Cost Negotiation
Product_1316,1866253.6842697284,16.34,30494585.20096736,A,3987.72154758489,8122.52353877114,SUP_0061,3,70.05,1577,2.33,32780.0,44744.0,Category_019,16.34,3,1515,262.91,4638.0,29.950000000000003,30494585.20096736,0.2984536082474227,0.8906150916945709,Leverage,Bulk Procurement & Cost Negotiation
Product_1356,3188166.379393522,9.55,30446988.92320814,A,7700.8849743804885,21871.683435455747,SUP_0042,4,93.51,6202,2.33,101923.0,132727.0,Category_019,9.55,4,4028,443.6,7610.0,6.489999999999995,30446988.92320814,0.05659793814432985,0.8892250100455998,Leverage,Bulk Procurement & Cost Negotiation
Product_0082,1282541.6743924029,23.71,30409063.099843875,A,15833.847832004974,20950.61714905621,SUP_0090,5,88.42,8758,2.33,109154.0,188324.0,Category_019,23.71,5,2120,364.43,3863.0,11.579999999999998,30409063.099843875,0.10907216494845358,0.8881173605914244,Leverage,Bulk Procurement & Cost Negotiation
Product_0073,580254.6759488961,52.35,30376332.28592471,A,32236.370886049783,87132.76383014942,SUP_0140,11,79.69,2146,2.33,673339.0,1027940.0,Category_019,52.35,11,4446,349.54,3843.0,20.310000000000002,30376332.28592471,0.19907216494845364,0.8871614349197767,Leverage,Bulk Procurement & Cost Negotiation
Product_1886,2079564.652497044,14.59,30340848.279931873,A,4252.688450914201,21544.400126336506,SUP_0057,6,31.04,1235,2.33,122961.0,148478.0,Category_007,14.59,6,4777,334.51,7707.0,68.96000000000001,30340848.279931873,0.700618556701031,0.8861251004019358,Strategic,Long-Term Supplier Partnership
Product_1397,604771.3551314293,50.1,30299044.892084606,A,7854.173443265316,5156.781843605073,SUP_0152,11,79.89,3793,2.33,39851.0,126247.0,Category_019,50.1,11,3433,438.88,3076.0,20.11,30299044.892084606,0.1970103092783505,0.8849042040409794,Leverage,Bulk Procurement & Cost Negotiation
Product_1439,1827674.848653856,16.56,30266295.493707854,A,4734.908934336415,11757.827911172497,SUP_0064,2,82.21,1356,2.33,38744.0,48214.0,Category_019,16.56,2,1649,397.96,3892.0,17.790000000000006,30266295.493707854,0.1730927835051547,0.8839477355976136,Leverage,Bulk Procurement & Cost Negotiation
Product_1410,2493390.13632925,12.12,30219888.452310506,A,3204.8716405260284,6576.598463110281,SUP_0049,11,30.49,3639,2.33,50823.0,86077.0,Category_019,12.12,11,3075,354.26,6580.0,69.51,30219888.452310506,0.7062886597938145,0.8825923864050605,Strategic,Long-Term Supplier Partnership
Product_1348,999903.6433592633,30.19,30187090.99301616,A,9614.458109223686,16123.572505315866,SUP_0116,12,80.77,1554,2.33,130140.0,245514.0,Category_019,30.19,12,2504,308.11,4032.0,19.230000000000004,30187090.99301616,0.18793814432989694,0.8816345143099237,Leverage,Bulk Procurement & Cost Negotiation
Product_1823,1104440.3477244729,27.3,30151221.49287811,A,8061.608377550897,8220.094565675072,SUP_0104,8,23.53,1587,2.33,54173.0,118666.0,Category_006,27.3,8,5827,238.72,7343.0,76.47,30151221.49287811,0.7780412371134021,0.8805869211735042,Strategic,Long-Term Supplier Partnership
Product_1018,1311796.0362457908,22.96,30118836.99220336,A,17036.312159036243,37232.42055718871,SUP_0081,6,49.84,3010,2.33,212498.0,314716.0,Category_007,22.96,6,3976,255.97,6384.0,50.16,30118836.99220336,0.5068041237113402,0.8796411098155911,Strategic,Long-Term Supplier Partnership
Product_1312,799388.8339951411,37.63,30081001.823237162,A,1561.30631639676,4101.443330248947,SUP_0111,2,70.07,949,2.33,13515.0,16638.0,Category_019,37.63,2,4950,250.36,5623.0,29.930000000000007,30081001.823237162,0.29824742268041243,0.8785361079847401,Leverage,Bulk Procurement & Cost Negotiation
Product_1435,1112860.1385354733,26.99,30036095.139072422,A,7782.238731017295,17884.486479010473,SUP_0109,13,46.94,1074,2.33,150247.0,251417.0,Category_019,26.99,13,1528,363.28,3060.0,53.06,30036095.139072422,0.536701030927835,0.8772245777451417,Strategic,Long-Term Supplier Partnership
Product_0066,1849933.0956892485,16.22,30005914.81207961,A,77080.54565371868,101811.43848601676,SUP_0062,3,88.62,2041,2.33,410879.0,642121.0,Category_019,16.22,3,1899,379.81,4302.0,11.379999999999995,30005914.81207961,0.10701030927835047,0.8763431407780561,Leverage,Bulk Procurement & Cost Negotiation
Product_1787,791635.6350048718,37.85,29963408.784934398,A,6883.788130477145,13229.58235289257,SUP_0125,4,31.88,894,2.33,61650.0,89186.0,Category_006,37.85,4,1503,364.69,2555.0,68.12,29963408.784934398,0.691958762886598,0.8751017233587333,Strategic,Long-Term Supplier Partnership
Product_0979,798818.9540790248,37.47,29931746.20934106,A,1504.3671451582388,4155.531630130128,SUP_0120,3,78.18,2147,2.33,16771.0,21285.0,Category_028,37.47,3,5535,344.36,5068.0,21.819999999999993,29931746.20934106,0.2146391752577319,0.8741769963136036,Leverage,Bulk Procurement & Cost Negotiation
Product_0089,626285.2901886677,47.73,29892596.900705107,A,6080.43971056959,8753.204832517498,SUP_0150,8,76.15,1301,2.33,57686.0,106330.0,Category_019,47.73,8,2519,364.17,2944.0,23.849999999999994,29892596.900705107,0.2355670103092783,0.8730336141403159,Leverage,Bulk Procurement & Cost Negotiation
Product_1548,562716.8865229926,53.05,29852130.830044758,A,2278.206018311711,8048.149040468427,SUP_0130,10,53.9,2693,2.33,59300.0,82083.0,Category_019,53.05,10,3712,260.08,4008.0,46.1,29852130.830044758,0.46494845360824744,0.8718517750369414,Leverage,Bulk Procurement & Cost Negotiation
Product_2043,564186.0530360591,52.85,29817232.902955726,A,28209.30265180296,15430.233547781785,SUP_0168,10,53.52,464,2.33,113692.0,395786.0,Category_019,52.85,10,3189,352.14,3197.0,46.48,29817232.902955726,0.46886597938144325,0.8708325573519158,Leverage,Bulk Procurement & Cost Negotiation
Product_1624,908519.2111976239,32.78,29781259.74305811,A,50473.289510979106,47623.54528562815,SUP_0119,10,99.0,3206,2.33,350896.0,855629.0,Category_019,32.78,10,2224,340.6,3445.0,1.0,29781259.74305811,0.0,0.8697819367617481,Leverage,Bulk Procurement & Cost Negotiation
Product_1282,1564764.452963497,19.01,29746172.25083608,A,20321.61627225321,16794.80231639839,SUP_0082,12,59.2,2761,2.33,135557.0,379417.0,Category_033,19.01,12,3724,437.51,5162.0,40.8,29746172.25083608,0.4103092783505154,0.8687571826981426,Leverage,Bulk Procurement & Cost Negotiation
Product_1162,743526.4110637408,39.95,29703880.121996447,A,33796.65504835186,21164.414129332552,SUP_0139,8,89.46,1370,2.33,139479.0,409853.0,Category_006,39.95,8,4595,371.46,4289.0,10.540000000000006,29703880.121996447,0.09835051546391758,0.8675220123242471,Leverage,Bulk Procurement & Cost Negotiation
Product_0031,684669.6448558479,43.33,29666735.71160389,A,908.0499268645198,1946.2701346720842,SUP_0131,9,77.27,5058,2.33,13605.0,21778.0,Category_005,43.33,9,1814,379.32,2560.0,22.730000000000004,29666735.71160389,0.22402061855670108,0.8664371845671324,Leverage,Bulk Procurement & Cost Negotiation
Product_1508,981222.180970209,30.2,29632909.86530031,A,3467.216187173883,12947.61842113443,SUP_0100,2,55.74,1012,2.33,42664.0,49599.0,Category_019,30.2,2,1303,290.5,2967.0,44.26,29632909.86530031,0.4459793814432989,0.8654492777302702,Leverage,Bulk Procurement & Cost Negotiation
Product_0930,379455.91365909664,77.99,29593766.706272945,A,3328.5606461324264,2911.4449413459856,SUP_0224,14,38.32,1492,2.33,25383.0,71983.0,Category_006,77.99,14,5556,414.62,3189.0,61.68,29593766.706272945,0.6255670103092784,0.8643060751604821,Strategic,Long-Term Supplier Partnership
Product_1521,1611761.6720593353,18.34,29559709.06556821,A,6421.361243264284,8136.315053705147,SUP_0071,8,45.08,3559,2.33,53621.0,104992.0,Category_019,18.34,8,5300,237.97,8474.0,54.92,29559709.06556821,0.5558762886597939,0.8633113986105552,Strategic,Long-Term Supplier Partnership
Product_0096,810673.9577527882,36.41,29516638.801779017,A,6188.350822540368,9048.070451800735,SUP_0117,13,77.14,1609,2.33,76013.0,156462.0,Category_019,36.41,13,2301,432.08,2939.0,22.86,29516638.801779017,0.22536082474226804,0.8620535022764643,Leverage,Bulk Procurement & Cost Negotiation
Product_1000,257522.84637072077,114.48,29481215.452520113,A,2829.9213886892394,6653.573389094592,SUP_0244,8,46.9,477,2.33,43849.0,66489.0,Category_028,114.48,8,5428,241.42,3403.0,53.1,29481215.452520113,0.5371134020618558,0.8610189392797737,Strategic,Long-Term Supplier Partnership
Product_1904,1291523.9140535549,22.8,29446745.240421053,A,11741.126491395953,52235.3739727794,SUP_0087,10,78.17,2738,2.33,384876.0,502288.0,Category_019,22.8,10,2334,246.55,4945.0,21.83,29446745.240421053,0.2147422680412371,0.8600122133018003,Leverage,Bulk Procurement & Cost Negotiation
Product_0016,468441.94589185296,62.78,29408785.36309053,A,984.121735066918,1411.6471053062958,SUP_0163,6,93.4,1392,2.33,8057.0,13962.0,Category_005,62.78,6,5095,405.04,3433.0,6.599999999999994,29408785.36309053,0.05773195876288654,0.8589035692783897,Leverage,Bulk Procurement & Cost Negotiation
Product_0943,589188.2443740665,49.85,29371033.982047215,A,2119.382174007433,3420.218770321147,SUP_0149,10,51.81,692,2.33,25201.0,46395.0,Category_005,49.85,10,3256,244.79,3960.0,48.19,29371033.982047215,0.4864948453608247,0.8578010145307875,Leverage,Bulk Procurement & Cost Negotiation
Product_2027,105859.17338668292,277.1,29333576.94544984,A,420.07608486778935,563.0494191190534,SUP_0384,11,74.0,853,2.33,4352.0,8973.0,Category_005,277.1,11,3537,224.95,1825.0,26.0,29333576.94544984,0.25773195876288657,0.8567070563128308,Leverage,Bulk Procurement & Cost Negotiation
Product_1224,648501.5126832871,45.18,29299298.343030915,A,2401.857454382545,3961.5796731932596,SUP_0121,6,99.0,2708,2.33,22610.0,37022.0,Category_019,45.18,6,4908,388.64,4048.0,1.0,29299298.343030915,0.0,0.8557059264258263,Leverage,Bulk Procurement & Cost Negotiation
Product_1483,790608.3357409061,37.01,29260414.505770933,A,7751.062115106923,8502.60395173025,SUP_0128,6,63.85,2369,2.33,48528.0,95035.0,Category_019,37.01,6,3520,363.42,3914.0,36.15,29260414.505770933,0.3623711340206185,0.8545702975245473,Leverage,Bulk Procurement & Cost Negotiation
Product_1315,1188430.5745140286,24.59,29223507.827299964,A,2583.54472720441,5579.587418973586,SUP_0088,12,68.51,2159,2.33,45035.0,76038.0,Category_019,24.59,12,5170,306.57,6332.0,31.489999999999995,29223507.827299964,0.3143298969072164,0.853492412889818,Leverage,Bulk Procurement & Cost Negotiation
Product_0424,632119.9674962347,46.17,29184978.899301156,A,15050.475416577017,13104.353288935607,SUP_0141,4,82.18,3247,2.33,61067.0,121269.0,Category_019,46.17,4,3722,253.0,4313.0,17.819999999999993,29184978.899301156,0.17340206185567003,0.8523671493547867,Leverage,Bulk Procurement & Cost Negotiation
Product_0829,729695.101205353,39.94,29144022.3421418,A,42923.241247373706,21715.887922697224,SUP_0147,7,82.91,947,2.33,133870.0,434333.0,Category_006,39.94,7,4556,275.74,4911.0,17.090000000000003,29144022.3421418,0.16587628865979384,0.8511709852597652,Leverage,Bulk Procurement & Cost Negotiation
Product_0098,852505.467710391,34.15,29113061.722309854,A,32788.67183501504,22975.275198797655,SUP_0129,5,99.0,865,2.33,119703.0,283647.0,Category_019,34.15,5,1778,436.44,2636.0,1.0,29113061.722309854,0.0,0.8502667593098521,Leverage,Bulk Procurement & Cost Negotiation
Product_1429,359910.2998070313,80.78,29073554.018411987,A,823.5933634028175,1135.572464277654,SUP_0194,4,61.08,1062,2.33,5292.0,8587.0,Category_019,80.78,4,826,413.02,1200.0,38.92,29073554.018411987,0.3909278350515464,0.8491129099592951,Leverage,Bulk Procurement & Cost Negotiation
Product_0929,256177.99274369428,113.34,29035213.69757031,A,1940.7423692704112,2312.8513086921585,SUP_0245,3,36.88,465,2.33,9334.0,15157.0,Category_006,113.34,3,4296,276.16,2824.0,63.12,29035213.69757031,0.6404123711340206,0.8479931548245072,Strategic,Long-Term Supplier Partnership
Product_0374,435534.9041077669,66.58,28997913.91549512,A,4839.276712308521,9147.011496400686,SUP_0158,4,67.62,6239,2.33,42626.0,61984.0,Category_030,66.58,4,2453,382.48,2364.0,32.379999999999995,28997913.91549512,0.3235051546391752,0.8469037893317761,Leverage,Bulk Procurement & Cost Negotiation
Product_1967,242024.53795691367,119.66,28960656.21192429,A,2814.2388134524845,5636.121667354969,SUP_0256,11,92.86,1451,2.33,43555.0,74512.0,Category_005,119.66,11,1060,298.43,1312.0,7.140000000000001,28960656.21192429,0.06329896907216495,0.8458156527703707,Leverage,Bulk Procurement & Cost Negotiation
Product_1567,769007.9178250221,37.61,28922387.789399084,A,14509.583355189097,9840.587172558233,SUP_0122,5,74.57,1859,2.33,51270.0,123818.0,Category_019,37.61,5,1161,394.4,2128.0,25.430000000000007,28922387.789399084,0.25185567010309284,0.8446979974747935,Leverage,Bulk Procurement & Cost Negotiation
Product_1164,451122.79142705206,64.03,28885392.335074145,A,11871.652405975054,15968.617945418657,SUP_0205,12,42.59,922,2.33,128889.0,271349.0,Category_006,64.03,12,1944,433.87,2011.0,57.41,28885392.335074145,0.5815463917525773,0.8436175200808973,Strategic,Long-Term Supplier Partnership
Product_1407,1179471.2058565947,24.46,28849865.695252307,A,15938.800079143171,36336.10717053786,SUP_0079,6,96.63,1733,2.33,207382.0,303015.0,Category_019,24.46,6,2771,367.56,4218.0,3.3700000000000045,28849865.695252307,0.024432989690721697,0.842579940413097,Leverage,Bulk Procurement & Cost Negotiation
Product_1581,1318096.1369547928,21.86,28813581.55383177,A,4899.985639237148,13276.215750869449,SUP_0092,6,71.98,3899,2.33,75772.0,105172.0,Category_005,21.86,6,5063,363.67,6059.0,28.019999999999996,28813581.55383177,0.2785567010309278,0.8415202373961403,Leverage,Bulk Procurement & Cost Negotiation
Product_0109,472357.68962045026,60.92,28776030.45167783,A,9840.785200426048,6016.594182368375,SUP_0184,8,45.57,2435,2.33,39651.0,118378.0,Category_006,60.92,8,3314,352.92,2979.0,54.43,28776030.45167783,0.5508247422680412,0.8404235319296562,Strategic,Long-Term Supplier Partnership
Product_0108,430065.37688553083,66.82,28736968.483491167,A,15928.347292056698,21465.57051527747,SUP_0187,7,75.04,1511,2.33,132327.0,243826.0,Category_006,66.82,7,2599,253.04,2973.0,24.959999999999994,28736968.483491167,0.24701030927835047,0.8392827005935661,Leverage,Bulk Procurement & Cost Negotiation
Product_1215,300966.9410814226,95.36,28700207.50152446,A,7165.8795495576815,17452.845941288277,SUP_0243,7,92.37,1455,2.33,107590.0,157752.0,Category_019,95.36,7,3279,389.1,2253.0,7.6299999999999955,28700207.50152446,0.06835051546391747,0.8382090711242915,Leverage,Bulk Procurement & Cost Negotiation
Product_1835,269892.8539125281,106.2,28662621.08551048,A,6133.928498012002,5221.862652962474,SUP_0230,6,64.63,1028,2.33,29803.0,66607.0,Category_006,106.2,6,2262,260.19,2167.0,35.370000000000005,28662621.08551048,0.3543298969072165,0.8371113342925179,Leverage,Bulk Procurement & Cost Negotiation
Product_1450,1182700.3836486689,24.2,28621349.284297787,A,6719.888543458346,12777.174478317296,SUP_0096,3,75.84,1971,2.33,51565.0,71725.0,Category_019,24.2,3,5755,235.82,7598.0,24.159999999999997,28621349.284297787,0.23876288659793812,0.8359059632806086,Leverage,Bulk Procurement & Cost Negotiation
Product_1789,79476.54684359957,359.72,28589303.43057964,A,5298.436456239971,5882.84168611062,SUP_0428,11,40.44,588,2.33,45462.0,103745.0,Category_006,359.72,11,5608,311.75,1691.0,59.56,28589303.43057964,0.6037113402061857,0.8349700423372829,Strategic,Long-Term Supplier Partnership
Product_1372,546555.4314561564,52.24,28552055.739269614,A,2118.4319048688235,3122.273893645561,SUP_0169,3,99.0,695,2.33,12601.0,18957.0,Category_019,52.24,3,3069,306.87,3307.0,1.0,28552055.739269614,0.0,0.8338821981907608,Leverage,Bulk Procurement & Cost Negotiation
Product_1246,1032981.2192893836,27.6,28510281.65238699,A,4471.780170083912,8980.018691928131,SUP_0106,7,97.9,4611,2.33,55359.0,86662.0,Category_019,27.6,7,4463,411.75,4733.0,2.0999999999999943,28510281.65238699,0.011340206185566951,0.8326621575843962,Leverage,Bulk Procurement & Cost Negotiation
Product_1381,3051020.191761283,9.33,28466018.38913277,A,4019.7894489608475,4810.771616411806,SUP_0043,11,76.23,1387,2.33,37177.0,81395.0,Category_019,9.33,11,3962,258.31,9675.0,23.769999999999996,28466018.38913277,0.23474226804123707,0.8313694188899016,Leverage,Bulk Procurement & Cost Negotiation
Product_2042,639765.2797243393,44.45,28437566.68374688,A,35542.51554024107,22806.616783481608,SUP_0133,5,34.56,691,2.33,118824.0,296537.0,Category_019,44.45,5,4123,273.6,4392.0,65.44,28437566.68374688,0.6643298969072164,0.8305384674920017,Strategic,Long-Term Supplier Partnership
Product_1818,403006.9239262379,70.48,28403927.99832125,A,13000.223352459287,15370.382387018071,SUP_0177,3,65.93,1482,2.33,62030.0,101031.0,Category_006,70.48,3,1416,409.24,1670.0,34.06999999999999,28403927.99832125,0.3409278350515463,0.8295560268158162,Leverage,Bulk Procurement & Cost Negotiation
Product_1270,772596.08865415,36.72,28369728.37538039,A,6180.7687092332,6984.239235153527,SUP_0118,13,64.58,894,2.33,58675.0,139025.0,Category_019,36.72,13,2614,379.2,3264.0,35.42,28369728.37538039,0.3548453608247423,0.8285572035781605,Leverage,Bulk Procurement & Cost Negotiation
Product_1357,313306.60579472256,90.42,28329183.295958813,A,3297.9642715233954,7204.610617048459,SUP_0218,2,94.25,1236,2.33,23741.0,30337.0,Category_019,90.42,2,4878,364.88,2895.0,5.75,28329183.295958813,0.04896907216494845,0.8273730569702026,Leverage,Bulk Procurement & Cost Negotiation
Product_1195,730340.0838671877,38.74,28293374.849014852,A,5143.240027233716,8699.949066570134,SUP_0115,13,85.59,1587,2.33,73088.0,139951.0,Category_019,38.74,13,4670,400.3,4129.0,14.409999999999997,28293374.849014852,0.13824742268041235,0.826327246933822,Leverage,Bulk Procurement & Cost Negotiation
Product_2001,246981.1376692399,114.4,28254642.149361044,A,596.5727963025118,1056.5452705961295,SUP_0257,13,48.38,1360,2.33,8876.0,16632.0,Category_005,114.4,13,1202,343.76,1315.0,51.62,28254642.149361044,0.5218556701030928,0.8251960321090779,Strategic,Long-Term Supplier Partnership
Product_1135,864812.6045645082,32.63,28218835.286939904,A,3680.0536364447157,4163.472220777212,SUP_0105,9,64.07,3527,2.33,29103.0,62224.0,Category_005,32.63,9,3477,360.51,4085.0,35.93000000000001,28218835.286939904,0.3601030927835052,0.8241502683497635,Leverage,Bulk Procurement & Cost Negotiation
Product_1408,162204.1680640825,173.73,28179730.117773052,A,1954.2670851094279,5766.1962205203545,SUP_0275,8,79.9,997,2.33,38001.0,53636.0,Category_019,173.73,8,4982,430.93,1937.0,20.099999999999994,28179730.117773052,0.1969072164948453,0.8230081752996778,Leverage,Bulk Procurement & Cost Negotiation
Product_0677,315831.05905119627,89.11,28143705.6720521,A,1496.8296637497454,4880.064820466545,SUP_0214,11,52.9,1027,2.33,37712.0,54178.0,Category_011,89.11,11,5011,424.98,2730.0,47.1,28143705.6720521,0.47525773195876286,0.8219560568721744,Leverage,Bulk Procurement & Cost Negotiation
Product_1991,452691.68623980205,62.09,28107626.79862931,A,683.8242994558943,1429.6465814289418,SUP_0165,6,67.34,523,2.33,8160.0,12263.0,Category_005,62.09,6,3460,320.57,3127.0,32.66,28107626.79862931,0.3263917525773195,0.8209023488466376,Leverage,Bulk Procurement & Cost Negotiation
Product_1243,432170.3236501273,64.95,28069462.521075767,A,3964.8653545883235,3571.7117362648955,SUP_0188,8,75.41,1398,2.33,23539.0,55258.0,Category_019,64.95,8,2647,321.06,2670.0,24.590000000000003,28069462.521075767,0.24319587628865982,0.8197877351757579,Leverage,Bulk Procurement & Cost Negotiation
Product_0072,794981.8606984555,35.26,28031060.408227537,A,34564.4287260198,16989.87044734765,SUP_0138,12,99.0,2603,2.33,137132.0,551906.0,Category_019,35.26,12,1705,253.27,3272.0,1.0,28031060.408227537,0.0,0.818666175363411,Leverage,Bulk Procurement & Cost Negotiation
Product_1023,849089.0783604262,32.97,27994466.91354325,A,1235.9375230865012,4970.327999167667,SUP_0113,8,6.31,1771,2.33,32756.0,42644.0,Category_007,32.97,8,5607,409.96,4820.0,93.69,27994466.91354325,0.9555670103092784,0.8175974374740812,Strategic,Long-Term Supplier Partnership
Product_1392,502158.7154444228,55.67,27955175.688791018,A,879.4373300252588,950.6759471041834,SUP_0173,12,90.16,1521,2.33,7674.0,18228.0,Category_019,55.67,12,1180,311.53,1951.0,9.840000000000003,27955175.688791018,0.09113402061855673,0.8164499105441398,Leverage,Bulk Procurement & Cost Negotiation
Product_1388,1093194.6621531912,25.54,27920191.6713925,A,2846.861099357269,7475.460753795783,SUP_0101,14,99.0,4359,2.33,65172.0,105029.0,Category_019,25.54,14,4115,377.27,4884.0,1.0,27920191.6713925,0.0,0.8154281785330995,Leverage,Bulk Procurement & Cost Negotiation
Product_1147,302318.7989499712,92.23,27882862.827155847,A,15115.93994749856,18785.693028186175,SUP_0208,7,99.0,1083,2.33,115807.0,221619.0,Category_006,92.23,7,2094,411.62,1754.0,1.0,27882862.827155847,0.0,0.8143379642601858,Leverage,Bulk Procurement & Cost Negotiation
Product_1244,314132.13363424735,88.64,27844672.325339686,A,2830.019221930156,11574.290803620463,SUP_0217,8,94.02,921,2.33,76278.0,98919.0,Category_019,88.64,8,3354,389.63,2326.0,5.980000000000004,27844672.325339686,0.051340206185567054,0.8132225846918884,Leverage,Bulk Procurement & Cost Negotiation
Product_2046,209967.01444346135,132.44,27808031.39289202,A,8748.625601810889,5212.636974297893,SUP_0284,11,40.52,601,2.33,40282.0,136517.0,Category_019,132.44,11,1841,250.52,1757.0,59.48,27808031.39289202,0.6028865979381444,0.8121524613504298,Strategic,Long-Term Supplier Partnership
Product_0065,578393.2840001059,48.01,27768661.564845085,A,8763.53460606221,34159.39517339078,SUP_0175,2,62.44,878,2.33,112560.0,130088.0,Category_019,48.01,2,1125,344.93,1943.0,37.56,27768661.564845085,0.3769072164948454,0.8110026387578304,Leverage,Bulk Procurement & Cost Negotiation
Product_1387,489383.2146842465,56.67,27733346.77615625,A,1099.7375610881945,1992.626036085125,SUP_0160,9,74.81,1071,2.33,13929.0,23827.0,Category_019,56.67,9,4608,446.0,3181.0,25.189999999999998,27733346.77615625,0.24938144329896908,0.8099712463463906,Leverage,Bulk Procurement & Cost Negotiation
Product_1438,446641.23709167924,62.01,27696223.11205503,A,5583.01546364599,14417.738107590483,SUP_0182,7,97.77,354,2.33,88880.0,127962.0,Category_019,62.01,7,1859,390.34,2063.0,2.230000000000004,27696223.11205503,0.012680412371134061,0.8088870244988182,Leverage,Bulk Procurement & Cost Negotiation
Product_1385,283579.35124457814,97.54,27660329.920396153,A,1955.7196637557113,7911.0940322953265,SUP_0264,11,75.6,728,2.33,61135.0,82648.0,Category_019,97.54,11,3443,298.35,2559.0,24.400000000000006,27660329.920396153,0.24123711340206191,0.8078387394354271,Leverage,Bulk Procurement & Cost Negotiation
Product_0941,326849.82635248906,84.51,27622078.825048853,A,2351.437599658195,3232.7107896028106,SUP_0227,9,74.24,1646,2.33,22597.0,43760.0,Category_005,84.51,9,4823,287.28,3313.0,25.760000000000005,27622078.825048853,0.2552577319587629,0.80672159019186,Leverage,Bulk Procurement & Cost Negotiation
Product_1380,479167.6507636041,57.57,27585681.654460687,A,1916.6706030544165,3558.08986123411,SUP_0164,4,72.08,1291,2.33,16581.0,24248.0,Category_019,57.57,4,1167,422.83,1627.0,27.92,27585681.654460687,0.2775257731958763,0.8056585860812229,Leverage,Bulk Procurement & Cost Negotiation
Product_1288,373387.52530853136,73.78,27548531.617263444,A,9825.987508119246,11793.338658088056,SUP_0223,3,48.52,475,2.33,47595.0,77073.0,Category_019,73.78,3,4847,353.95,3198.0,51.48,27548531.617263444,0.5204123711340206,0.8045735939894522,Strategic,Long-Term Supplier Partnership
Product_1424,267909.5736385104,102.69,27511634.116938636,A,673.1396322575639,1925.1043247931377,SUP_0235,10,69.87,1020,2.33,14185.0,20917.0,Category_019,102.69,10,5736,289.55,3259.0,30.129999999999995,27511634.116938636,0.3003092783505154,0.803495977408721,Leverage,Bulk Procurement & Cost Negotiation
Product_1766,614394.1239610664,44.72,27475705.223538887,A,4179.551863680724,10665.609073375996,SUP_0136,14,76.15,1677,2.33,92984.0,151498.0,Category_005,44.72,14,4814,375.17,3971.0,23.849999999999994,27475705.223538887,0.2355670103092783,0.8024466496517169,Leverage,Bulk Procurement & Cost Negotiation
Product_0407,211862.52258907538,129.5,27436196.67528526,A,470.80560575350086,810.032685932883,SUP_0266,12,81.33,688,2.33,6539.0,12189.0,Category_019,129.5,12,852,301.58,1095.0,18.67,27436196.67528526,0.18216494845360828,0.801292775641176,Leverage,Bulk Procurement & Cost Negotiation
Product_1347,227316.74842246695,120.53,27398487.68735994,A,6494.764240641913,8108.3955874951835,SUP_0219,12,91.03,1343,2.33,65446.0,143384.0,Category_019,120.53,12,1473,361.5,1362.0,8.969999999999999,27398487.68735994,0.08216494845360824,0.8001914590134045,Leverage,Bulk Procurement & Cost Negotiation
Product_1163,473814.3030583115,57.75,27362776.00161749,A,15793.810101943718,21158.981503652416,SUP_0159,12,75.43,958,2.33,170782.0,360308.0,Category_006,57.75,12,5869,428.48,3603.0,24.569999999999993,27362776.00161749,0.24298969072164942,0.7991484749536945,Leverage,Bulk Procurement & Cost Negotiation
Product_1047,822221.5012434309,33.23,27322420.486319207,A,16444.43002486862,13348.958084784817,SUP_0135,6,21.51,2514,2.33,76187.0,174854.0,Category_006,33.23,6,1291,394.14,2321.0,78.49,27322420.486319207,0.7988659793814432,0.7979698646948271,Strategic,Long-Term Supplier Partnership
Product_1402,562474.8830740696,48.51,27285656.577923115,A,2333.9206766558905,4852.492831291188,SUP_0146,3,59.5,653,2.33,19584.0,26586.0,Category_019,48.51,3,2832,321.01,3151.0,40.5,27285656.577923115,0.4072164948453608,0.796896149757193,Leverage,Bulk Procurement & Cost Negotiation
Product_0998,625651.5709947261,43.55,27247125.91682032,A,3680.303358792507,9756.311097344249,SUP_0148,11,64.15,1921,2.33,75395.0,115879.0,Category_028,43.55,11,5523,236.72,5404.0,35.849999999999994,27247125.91682032,0.3592783505154638,0.7957708356056816,Leverage,Bulk Procurement & Cost Negotiation
Product_1514,95905.1372426775,283.75,27213082.692609742,A,1998.0236925557813,2594.779944457912,SUP_0413,6,71.08,898,2.33,14810.0,26799.0,Category_019,283.75,6,4401,246.87,1850.0,28.92,27213082.692609742,0.2878350515463917,0.7947765800992673,Leverage,Bulk Procurement & Cost Negotiation
Product_0202,401651.179029576,67.66,27175718.773141112,A,1014.2706541150909,2591.6022575611305,SUP_0186,9,56.35,2727,2.33,18116.0,27245.0,Category_007,67.66,9,5063,354.56,3387.0,43.65,27175718.773141112,0.4396907216494845,0.7936853414303587,Leverage,Bulk Procurement & Cost Negotiation
Product_1376,413173.01794745674,65.68,27137203.81878896,A,5738.514138159121,6242.400267809009,SUP_0200,10,99.0,2085,2.33,45995.0,103381.0,Category_019,65.68,10,5283,280.6,3945.0,1.0,27137203.81878896,0.0,0.7925604860051777,Leverage,Bulk Procurement & Cost Negotiation
Product_1418,820164.8440256899,33.04,27098246.446608793,A,3629.047982414557,9254.29018321547,SUP_0124,7,93.13,879,2.33,57050.0,82454.0,Category_019,33.04,7,946,237.95,2554.0,6.8700000000000045,27098246.446608793,0.06051546391752582,0.7914227094665639,Leverage,Bulk Procurement & Cost Negotiation
Product_0077,627847.7569555271,43.11,27066516.802352775,A,78480.96961944089,81433.6652658323,SUP_0132,8,65.71,631,2.33,536668.0,1164516.0,Category_019,43.11,8,3869,342.08,3769.0,34.290000000000006,27066516.802352775,0.34319587628865983,0.7904960236355458,Leverage,Bulk Procurement & Cost Negotiation
Product_1374,419320.7884580141,64.45,27025224.816119008,A,3494.339903816784,5772.894689557644,SUP_0166,3,92.81,1316,2.33,23298.0,33782.0,Category_019,64.45,3,2656,264.3,2904.0,7.189999999999998,27025224.816119008,0.0638144329896907,0.789290063106374,Leverage,Bulk Procurement & Cost Negotiation
Product_0368,215114.72118004106,125.47,26990444.066459753,A,3469.5922770974366,6555.061452837548,SUP_0258,11,82.49,1146,2.33,50656.0,88822.0,Category_030,125.47,11,3734,314.41,2261.0,17.510000000000005,26990444.066459753,0.17020618556701037,0.7882742676678447,Leverage,Bulk Procurement & Cost Negotiation
Product_1493,510820.4168043005,52.76,26950885.190594893,A,1127.6388891927163,2043.3097424443513,SUP_0145,4,80.07,4206,2.33,9522.0,14033.0,Category_019,52.76,4,1494,420.21,1906.0,19.930000000000007,26950885.190594893,0.1951546391752578,0.7871189238052039,Leverage,Bulk Procurement & Cost Negotiation
Product_1299,1067101.2618170665,25.22,26912293.823026415,A,3667.0146454194723,9655.433491805254,SUP_0095,6,76.28,2059,2.33,55107.0,77110.0,Category_019,25.22,6,3434,392.82,4320.0,23.72,26912293.823026415,0.23422680412371133,0.7859918366800925,Leverage,Bulk Procurement & Cost Negotiation
Product_1344,305901.51666679693,87.86,26876507.25434478,A,1416.2107253092452,2305.997421912445,SUP_0231,3,66.05,2723,2.33,9307.0,13556.0,Category_019,87.86,3,3633,413.91,2318.0,33.95,26876507.25434478,0.33969072164948455,0.7849466656132364,Leverage,Bulk Procurement & Cost Negotiation
Product_1821,117983.70700661905,227.49,26840113.506935768,A,6209.668789822055,5643.195523536859,SUP_0376,10,62.07,670,2.33,41580.0,103677.0,Category_006,227.49,10,4960,353.06,1821.0,37.93,26840113.506935768,0.3807216494845361,0.7838837614788737,Leverage,Bulk Procurement & Cost Negotiation
Product_1826,315130.4967020522,85.05,26801848.744509537,A,1760.5055681678894,4437.324393030178,SUP_0221,11,70.15,1671,2.33,34291.0,53657.0,Category_006,85.05,11,4715,417.18,2669.0,29.849999999999994,26801848.744509537,0.2974226804123711,0.7827662130789752,Leverage,Bulk Procurement & Cost Negotiation
Product_1524,64679.95022343139,413.82,26765857.001460377,A,5879.995474857399,4915.120745882212,SUP_0389,14,58.15,1190,2.33,42851.0,125171.0,Category_019,413.82,14,3668,348.86,1167.0,41.85,26765857.001460377,0.4211340206185567,0.7817150497552334,Leverage,Bulk Procurement & Cost Negotiation
Product_1832,160135.29292552194,166.91,26728181.742198866,A,5521.906652604204,5573.651560754792,SUP_0301,9,52.05,415,2.33,38960.0,88658.0,Category_006,166.91,9,1505,365.87,1148.0,47.95,26728181.742198866,0.48402061855670103,0.780614718196018,Leverage,Bulk Procurement & Cost Negotiation
Product_0990,660994.7069609595,40.38,26690966.267083544,A,36721.928164497745,89913.11494991594,SUP_0126,9,49.13,833,2.33,628493.0,958991.0,Category_028,40.38,9,2968,394.49,3154.0,50.87,26690966.267083544,0.5141237113402062,0.7795278149453637,Strategic,Long-Term Supplier Partnership
Product_1419,245801.175450097,108.44,26654679.46580852,A,680.8896826872493,1853.7493954048782,SUP_0228,9,84.2,1680,2.33,12958.0,19087.0,Category_019,108.44,9,5414,359.54,2721.0,15.799999999999997,26654679.46580852,0.15257731958762885,0.7784680342455483,Leverage,Bulk Procurement & Cost Negotiation
Product_1349,436500.87341328105,60.98,26617823.26074188,A,2480.118598939097,3907.3269322888323,SUP_0156,14,73.33,1129,2.33,34065.0,68787.0,Category_019,60.98,14,4976,225.24,4392.0,26.67,26617823.26074188,0.26463917525773195,0.7773916237209054,Leverage,Bulk Procurement & Cost Negotiation
Product_0086,226874.6506523846,117.16,26580634.07043338,A,3719.2565680718785,5047.6042746365565,SUP_0252,2,93.78,762,2.33,16633.0,24072.0,Category_019,117.16,2,5053,314.31,2701.0,6.219999999999999,26580634.07043338,0.05381443298969071,0.7763054881359033,Leverage,Bulk Procurement & Cost Negotiation
Product_0942,242454.68632632404,109.48,26543939.059005957,A,901.3185365290857,2359.704449392105,SUP_0277,4,54.93,513,2.33,10997.0,14603.0,Category_005,109.48,4,2961,303.48,2176.0,45.07,26543939.059005957,0.4543298969072165,0.7752337853810769,Leverage,Bulk Procurement & Cost Negotiation
Product_1455,466433.99942239036,56.83,26507444.187174443,A,1243.8239984597076,1491.836904197794,SUP_0172,10,61.12,693,2.33,10993.0,23432.0,Category_019,56.83,10,2656,309.5,2830.0,38.88,26507444.187174443,0.3905154639175258,0.7741679278392083,Leverage,Bulk Procurement & Cost Negotiation
Product_1253,337866.54589766427,78.34,26468465.20562302,A,3345.213325719448,4650.542561157742,SUP_0226,12,38.63,2927,2.33,37537.0,77680.0,Category_019,78.34,12,4235,391.22,2705.0,61.37,26468465.20562302,0.6223711340206185,0.7730295201842164,Strategic,Long-Term Supplier Partnership
Product_0012,451405.9345365579,58.55,26429817.46711546,A,2042.5607897581804,2073.620215473537,SUP_0178,5,96.39,1382,2.33,10804.0,21017.0,Category_005,58.55,5,4750,284.25,3885.0,3.6099999999999994,26429817.46711546,0.026907216494845357,0.7719007867075071,Leverage,Bulk Procurement & Cost Negotiation
Product_1210,89096.6470478447,296.24,26393990.721453514,A,3712.360293660196,2904.5426404724926,SUP_0407,13,43.51,611,2.33,24401.0,72662.0,Category_019,296.24,13,5624,378.41,1628.0,56.49,26393990.721453514,0.5720618556701031,0.7708544422446277,Strategic,Long-Term Supplier Partnership
Product_2032,312811.29999750294,84.26,26357480.1377896,A,20854.086666500196,14497.232202654894,SUP_0247,9,44.51,548,2.33,101336.0,289023.0,Category_006,84.26,9,4121,310.95,2880.0,55.49,26357480.1377896,0.5617525773195877,0.7697881258280127,Strategic,Long-Term Supplier Partnership
Product_1485,227502.70102900424,115.69,26319787.4820455,A,6319.519473027895,6035.005958733424,SUP_0234,14,76.12,1193,2.33,52614.0,141088.0,Category_019,115.69,14,5608,306.38,2886.0,23.879999999999995,26319787.4820455,0.23587628865979376,0.7686872861926968,Leverage,Bulk Procurement & Cost Negotiation
Product_1399,557337.033347205,47.16,26284014.492654186,A,7961.957619245786,12094.135521272581,SUP_0153,14,79.2,1023,2.33,105438.0,216906.0,Category_019,47.16,14,5676,291.29,4661.0,20.799999999999997,26284014.492654186,0.20412371134020615,0.767642511718246,Leverage,Bulk Procurement & Cost Negotiation
Product_1154,515580.90400436387,50.9,26243068.01382212,A,3555.730372443889,4592.445434180545,SUP_0171,7,42.23,1879,2.33,28311.0,53202.0,Category_006,50.9,7,1901,240.62,2855.0,57.77,26243068.01382212,0.585257731958763,0.7664466419676244,Strategic,Long-Term Supplier Partnership
Product_1846,242822.8249076218,107.93,26207867.492279623,A,2357.5031544429303,2912.102306187839,SUP_0239,11,82.64,1505,2.33,22504.0,48437.0,Category_006,107.93,11,3931,251.28,2757.0,17.36,26207867.492279623,0.168659793814433,0.7654185868058748,Leverage,Bulk Procurement & Cost Negotiation
Product_1637,421098.2441029551,62.15,26171255.87099866,A,7018.304068382585,11116.882513244122,SUP_0185,3,80.39,1245,2.33,44865.0,65920.0,Category_019,62.15,3,4071,264.15,3603.0,19.61,26171255.87099866,0.1918556701030928,0.7643493195169662,Leverage,Bulk Procurement & Cost Negotiation
Product_1031,36070.70947817595,725.02,26151985.78586713,A,414.60585607098795,397.58470973330077,SUP_0587,13,28.84,223,2.33,3341.0,8731.0,Category_028,725.02,13,3771,267.22,1009.0,71.16,26151985.78586713,0.723298969072165,0.7637865235804654,Strategic,Long-Term Supplier Partnership
Product_0355,233231.15076595402,112.05,26133550.443325147,A,2844.2823264140734,3042.3683351125833,SUP_0263,5,46.08,2999,2.33,15851.0,30073.0,Category_005,112.05,5,5451,430.37,2431.0,53.92,26133550.443325147,0.5455670103092783,0.7632481068687691,Strategic,Long-Term Supplier Partnership
Product_1596,33296.42527963418,783.88,26100401.848199643,A,2774.7021066361817,3666.629709569659,SUP_0582,13,40.4,330,2.33,30804.0,66876.0,Category_030,783.88,13,2335,329.62,687.0,59.6,26100401.848199643,0.6041237113402063,0.7622799796129732,Strategic,Long-Term Supplier Partnership
Product_1427,215233.13250109836,121.25,26097017.315758176,A,602.8939285745053,1964.6824847439107,SUP_0295,11,69.54,654,2.33,15183.0,21815.0,Category_019,121.25,11,2245,175.36,2348.0,30.459999999999994,26097017.315758176,0.30371134020618545,0.7621811320421393,Leverage,Bulk Procurement & Cost Negotiation
Product_1373,145657.00981290312,178.91,26059495.625626497,A,1968.3379704446368,4934.8530942087455,SUP_0329,12,55.21,784,2.33,39831.0,63452.0,Category_019,178.91,12,2271,247.77,1635.0,44.79,26059495.625626497,0.45144329896907215,0.7610852855737604,Leverage,Bulk Procurement & Cost Negotiation
Product_0975,136373.37320562196,190.81,26021403.341364726,A,1041.01811607345,2779.022278458593,SUP_0302,13,43.0,528,2.33,23347.0,36881.0,Category_028,190.81,13,4766,376.63,1858.0,57.0,26021403.341364726,0.577319587628866,0.7599727745159095,Strategic,Long-Term Supplier Partnership
Product_1165,944052.6863927409,27.52,25980329.92952823,A,18510.83698809296,15345.335120933541,SUP_0112,11,56.89,1184,2.33,118585.0,322205.0,Category_006,27.52,11,2126,359.02,3344.0,43.11,25980329.92952823,0.43412371134020616,0.7587731976006016,Leverage,Bulk Procurement & Cost Negotiation
Product_1601,166995.47620426884,155.5,25967796.549763806,A,3408.070942944262,4329.509136186571,SUP_0318,9,83.63,488,2.33,30264.0,60937.0,Category_030,155.5,9,4084,408.3,1828.0,16.370000000000005,25967796.549763806,0.15845360824742274,0.7584071517241101,Leverage,Bulk Procurement & Cost Negotiation
Product_0831,194282.71117577524,133.56,25948398.904636543,A,5396.741977104868,5838.249843428537,SUP_0290,14,65.56,857,2.33,50899.0,126454.0,Category_019,133.56,14,5558,350.68,2482.0,34.44,25948398.904636543,0.3447422680412371,0.7578406303112158,Leverage,Bulk Procurement & Cost Negotiation
Product_1997,395851.1530170821,65.45,25908457.964968022,A,2040.4698609127943,2320.138058234979,SUP_0207,9,99.0,656,2.33,16218.0,34583.0,Category_005,65.45,9,1313,305.82,1844.0,1.0,25908457.964968022,0.0,0.7566741280154535,Leverage,Bulk Procurement & Cost Negotiation
Product_1198,378082.39095373114,68.43,25872178.012963824,A,3437.1126450339193,5107.221537193897,SUP_0192,8,60.38,1418,2.33,33658.0,61155.0,Category_019,68.43,8,3143,327.49,2694.0,39.62,25872178.012963824,0.3981443298969072,0.755614547353249,Leverage,Bulk Procurement & Cost Negotiation
Product_1289,174093.69572332065,148.4,25835504.445340786,A,1217.438431631613,1697.4658714444386,SUP_0304,9,99.0,911,2.33,11866.0,22823.0,Category_019,148.4,9,4152,449.74,1793.0,1.0,25835504.445340786,0.0,0.7545434708793075,Leverage,Bulk Procurement & Cost Negotiation
Product_1404,352023.4561107493,73.29,25799799.098356817,A,3520.234561107493,7474.299294068707,SUP_0213,8,88.98,1432,2.33,49258.0,77420.0,Category_019,73.29,8,3940,356.54,2790.0,11.019999999999996,25799799.098356817,0.1032989690721649,0.7535006719473482,Leverage,Bulk Procurement & Cost Negotiation
Product_1571,402677.3536065384,63.98,25763297.083746325,A,9364.589618756707,7201.691092580435,SUP_0211,8,65.03,1736,2.33,47461.0,122378.0,Category_019,63.98,8,2308,335.97,2353.0,34.97,25763297.083746325,0.3502061855670103,0.7524346057957637,Leverage,Bulk Procurement & Cost Negotiation
Product_1824,341020.9598380694,75.43,25723211.00058558,A,9743.455995373411,6750.397882810236,SUP_0225,5,92.77,517,2.33,35170.0,83888.0,Category_006,75.43,5,4649,337.2,3067.0,7.230000000000004,25723211.00058558,0.06422680412371137,0.7512638644856392,Leverage,Bulk Procurement & Cost Negotiation
Product_0209,85271.58630453348,301.24,25687212.658377666,A,592.1637937814826,938.2127269076891,SUP_0385,6,73.25,726,2.33,5355.0,8908.0,Category_007,301.24,6,5761,295.8,1823.0,26.75,25687212.658377666,0.2654639175257732,0.7502125084289798,Leverage,Bulk Procurement & Cost Negotiation
Product_1239,366330.5873978625,70.02,25650467.729598332,A,1189.385024019034,2836.8412982687532,SUP_0203,13,57.23,1018,2.33,23833.0,39296.0,Category_019,70.02,13,4240,360.23,2937.0,42.77,25650467.729598332,0.43061855670103094,0.7491393478039559,Leverage,Bulk Procurement & Cost Negotiation
Product_0366,119757.28928829,213.87,25612491.460086584,A,9212.099176022308,8870.12186165091,SUP_0283,2,99.0,807,2.33,29229.0,47654.0,Category_030,213.87,2,5661,265.91,2259.0,1.0,25612491.460086584,0.0,0.7480302250357488,Leverage,Bulk Procurement & Cost Negotiation
Product_1587,68578.49760077219,373.39,25606525.219152324,A,1399.5611755259629,1314.4090050807297,SUP_0444,2,56.99,405,2.33,4332.0,7132.0,Category_030,373.39,2,1908,343.58,873.0,43.01,25606525.219152324,0.43309278350515457,0.7478559769132798,Leverage,Bulk Procurement & Cost Negotiation
Product_1461,303682.54395117937,84.22,25576143.851568326,A,1092.3832516229475,2814.0570879469005,SUP_0204,14,51.0,2248,2.33,24534.0,39828.0,Category_019,84.22,14,5370,266.11,3501.0,49.0,25576143.851568326,0.49484536082474223,0.7469686684190566,Leverage,Bulk Procurement & Cost Negotiation
Product_1820,181368.05600545427,140.81,25538435.966128018,A,5667.751750170446,19141.488887566968,SUP_0323,12,19.63,1010,2.33,154498.0,222512.0,Category_006,140.81,12,3007,251.74,2082.0,80.37,25538435.966128018,0.8182474226804124,0.7458673839901094,Strategic,Long-Term Supplier Partnership
Product_1266,221413.76917132997,115.17,25500223.795462072,A,2306.3934288680207,3783.967521196266,SUP_0240,4,40.89,344,2.33,17634.0,26860.0,Category_019,115.17,4,5793,265.11,3111.0,59.11,25500223.795462072,0.5990721649484536,0.7447513715683232,Strategic,Long-Term Supplier Partnership
Product_1363,544123.836804492,46.8,25464995.562450226,A,8776.190916201485,6152.595779063511,SUP_0155,10,86.36,2847,2.33,45333.0,133095.0,Category_033,46.8,10,2309,303.8,2876.0,13.64,25464995.562450226,0.13030927835051548,0.7437225070742723,Leverage,Bulk Procurement & Cost Negotiation
Product_0985,684468.0430695724,37.15,25427987.800034616,A,5951.896026691934,29212.826777655602,SUP_0114,3,59.55,1162,2.33,117894.0,135750.0,Category_028,37.15,3,5337,376.86,4404.0,40.45,25427987.800034616,0.40670103092783505,0.7426416702142208,Leverage,Bulk Procurement & Cost Negotiation
Product_1148,233195.1117974874,108.88,25390283.772510428,A,5979.361840961215,6205.462288158647,SUP_0259,8,51.8,3539,2.33,40896.0,88731.0,Category_006,108.88,8,3730,287.35,2461.0,48.2,25390283.772510428,0.4865979381443299,0.7415404984583366,Leverage,Bulk Procurement & Cost Negotiation
Product_2033,248184.78455627814,102.15,25352075.742423814,A,15511.549034767384,7858.536955159148,SUP_0246,6,50.65,1781,2.33,44852.0,137922.0,Category_006,102.15,6,969,359.7,1157.0,49.35,25352075.742423814,0.49845360824742263,0.7404246069649846,Leverage,Bulk Procurement & Cost Negotiation
Product_1240,117297.24249861206,215.82,25315090.876050454,A,1096.235911201982,1472.7961162274933,SUP_0346,14,86.08,667,2.33,12840.0,28188.0,Category_019,215.82,14,5052,305.39,1970.0,13.920000000000002,25315090.876050454,0.1331958762886598,0.7393444387994121,Leverage,Bulk Procurement & Cost Negotiation
Product_0002,488346.3548557538,51.76,25276807.327333815,A,8567.479909750065,15110.421124355922,SUP_0127,2,67.66,2061,2.33,49791.0,66926.0,Category_005,51.76,2,1465,263.67,2330.0,32.34,25276807.327333815,0.32309278350515463,0.738226341733131,Leverage,Bulk Procurement & Cost Negotiation
Product_1127,16905.121686680006,1494.82,25270113.999683004,A,4226.2804216700015,902.859589169195,SUP_0708,11,62.35,383,2.33,6978.0,53468.0,Category_030,1494.82,11,4969,316.55,729.0,37.65,25270113.999683004,0.3778350515463917,0.7380308585488153,Leverage,Bulk Procurement & Cost Negotiation
Product_0081,183598.07196584792,137.48,25241062.93386477,A,1031.4498425047636,1494.5515222614627,SUP_0297,11,65.3,3546,2.33,11550.0,22896.0,Category_019,137.48,11,4689,225.69,2763.0,34.7,25241062.93386477,0.3474226804123711,0.7371824024220301,Leverage,Bulk Procurement & Cost Negotiation
Product_1190,92540.11551126966,272.48,25215330.67451076,A,2891.878609727177,1856.2987976705099,SUP_0404,4,51.39,455,2.33,8651.0,20219.0,Category_019,272.48,4,2409,274.3,1275.0,48.61,25215330.67451076,0.49082474226804124,0.7364308742942315,Leverage,Bulk Procurement & Cost Negotiation
Product_1454,148630.31804220285,169.57,25203243.030416336,A,725.0259416692822,1060.8388469225251,SUP_0328,10,41.8,1252,2.33,7817.0,15068.0,Category_019,169.57,10,2976,401.39,1485.0,58.2,25203243.030416336,0.5896907216494846,0.7360778464310034,Strategic,Long-Term Supplier Partnership
Product_1459,447221.9108279041,56.27,25165176.922286168,A,1428.8239962552848,1635.5795720541132,SUP_0183,14,98.69,2491,2.33,14260.0,34264.0,Category_019,56.27,14,3231,243.28,3447.0,1.3100000000000023,25165176.922286168,0.003195876288659817,0.734966099864871,Leverage,Bulk Procurement & Cost Negotiation
Product_2006,144860.0181392021,173.47,25128867.346607387,A,588.8618623544801,1097.4602628235066,SUP_0334,7,79.79,449,2.33,6766.0,10889.0,Category_005,173.47,7,3596,386.88,1642.0,20.209999999999994,25128867.346607387,0.198041237113402,0.7339056540231115,Leverage,Bulk Procurement & Cost Negotiation
Product_0069,83149.98667747906,301.76,25091339.979796078,A,654.7243045470792,913.7891293574344,SUP_0458,3,59.38,267,2.33,3688.0,5653.0,Category_019,301.76,3,1295,271.07,892.0,40.62,25091339.979796078,0.4084536082474226,0.7328096417634448,Leverage,Bulk Procurement & Cost Negotiation
Product_0556,237620.39166106726,105.44,25054694.09674293,A,4320.37075747395,5844.743503540718,SUP_0232,6,95.26,857,2.33,33358.0,59281.0,Category_030,105.44,6,5072,431.17,2365.0,4.739999999999995,25054694.09674293,0.03855670103092778,0.7317393738361877,Leverage,Bulk Procurement & Cost Negotiation
Product_0387,282851.6614880598,88.45,25018229.45861889,A,4285.631234667572,7632.522809178545,SUP_0210,9,73.18,826,2.33,53352.0,91923.0,Category_030,88.45,9,2511,348.6,2019.0,26.819999999999993,25018229.45861889,0.2661855670103092,0.7306743992902993,Leverage,Bulk Procurement & Cost Negotiation
Product_1416,246313.02365661532,101.42,24981066.859253924,A,682.3075447551671,2479.391334811851,SUP_0278,9,54.52,950,2.33,17331.0,23472.0,Category_019,101.42,9,3243,252.88,2514.0,45.48,24981066.859253924,0.45855670103092777,0.7295890403118802,Leverage,Bulk Procurement & Cost Negotiation
Product_1467,203483.39313926638,122.58,24942994.331011273,A,3130.513740604098,2203.189556795898,SUP_0288,4,83.75,2043,2.33,10267.0,22790.0,Category_019,122.58,4,3806,270.66,2393.0,16.25,24942994.331011273,0.15721649484536082,0.7284771062419982,Leverage,Bulk Procurement & Cost Negotiation
Product_1906,124677.0444018623,200.0,24935408.880372457,A,2187.3165684537244,2645.9411068021154,SUP_0324,7,99.0,623,2.33,16312.0,31624.0,Category_019,200.0,7,4225,335.61,1772.0,1.0,24935408.880372457,0.0,0.7282555679993328,Leverage,Bulk Procurement & Cost Negotiation
Product_1398,351350.8702670309,70.89,24907263.19322982,A,6388.197641218743,6988.5549689208965,SUP_0220,4,48.03,1555,2.33,32567.0,58120.0,Category_019,70.89,4,2244,352.95,2114.0,51.97,24907263.19322982,0.5254639175257733,0.7274335540722652,Strategic,Long-Term Supplier Partnership
Product_1629,159933.6726158859,155.49,24868086.755044103,A,1355.3701069142874,4242.09783843572,SUP_0330,2,91.81,403,2.33,13979.0,16690.0,Category_019,155.49,2,3001,403.6,1543.0,8.189999999999998,24868086.755044103,0.07412371134020615,0.7262893795620333,Leverage,Bulk Procurement & Cost Negotiation
Product_0018,387279.5866284583,64.12,24832367.09461675,A,1035.5069161188724,1411.319524225461,SUP_0199,7,39.72,2030,2.33,8701.0,15950.0,Category_005,64.12,7,936,240.65,1736.0,60.28,24832367.09461675,0.6111340206185567,0.7252461625962293,Strategic,Long-Term Supplier Partnership
Product_1489,181510.6308706366,136.6,24794352.17692896,A,9075.53154353183,18477.426563251953,SUP_0298,8,67.28,519,2.33,121771.0,194376.0,Category_019,136.6,8,2417,262.11,1830.0,32.72,24794352.17692896,0.32701030927835045,0.724135911081767,Leverage,Bulk Procurement & Cost Negotiation
Product_1284,269610.7177729458,91.82,24755656.105911884,A,1664.2636899564557,6295.984895551054,SUP_0249,2,62.59,3554,2.33,20747.0,24076.0,Category_019,91.82,2,4196,378.65,2445.0,37.41,24755656.105911884,0.375360824742268,0.7230057660212598,Leverage,Bulk Procurement & Cost Negotiation
Product_1220,219881.1460466703,112.42,24719038.438566677,A,9994.597547575922,8310.226277715095,SUP_0267,2,48.25,799,2.33,27384.0,47374.0,Category_006,112.42,2,2093,285.22,1797.0,51.75,24719038.438566677,0.5231958762886598,0.7219363221529346,Strategic,Long-Term Supplier Partnership
Product_0019,85543.97309120407,288.94,24717075.584972505,A,397.8789446102515,508.48099940656937,SUP_0402,14,82.64,1844,2.33,4433.0,10004.0,Category_005,288.94,14,1100,267.02,840.0,17.36,24717075.584972505,0.168659793814433,0.721878995679325,Leverage,Bulk Procurement & Cost Negotiation
Product_1481,102369.48977722564,241.14,24685378.764880188,A,1861.2634504950115,1276.4870625188325,SUP_0406,11,58.08,1385,2.33,9865.0,30339.0,Category_019,241.14,11,3482,372.86,1383.0,41.92,24685378.764880188,0.4218556701030928,0.7209532685003225,Leverage,Bulk Procurement & Cost Negotiation
Product_1346,222629.30626301284,110.87,24682911.185380235,A,1886.6890361272274,2428.8568701997897,SUP_0248,2,50.44,570,2.33,8004.0,11778.0,Category_019,110.87,2,2207,292.02,1835.0,49.56,24682911.185380235,0.500618556701031,0.7208812011635107,Strategic,Long-Term Supplier Partnership
Product_1366,207373.19347537687,118.84,24644230.31261379,A,20737.319347537687,36329.11138415336,SUP_0261,8,87.11,957,2.33,239418.0,405317.0,Category_019,118.84,8,4504,422.78,2103.0,12.89,24644230.31261379,0.12257731958762887,0.7197514999782452,Leverage,Bulk Procurement & Cost Negotiation
Product_1104,110968.31905528015,222.06,24641624.929415513,A,902.181455733985,3581.1665290056276,SUP_0354,12,41.67,272,2.33,28905.0,39732.0,Category_006,222.06,12,4236,356.29,1625.0,58.33,24641624.929415513,0.5910309278350515,0.7196754079907418,Strategic,Long-Term Supplier Partnership
Product_1486,212515.64894011564,115.79,24607186.99077599,A,11806.424941117535,15332.24142199335,SUP_0305,10,64.42,1448,2.33,112970.0,231035.0,Category_019,115.79,10,5738,348.56,2646.0,35.58,24607186.99077599,0.3564948453608247,0.7186696245810945,Leverage,Bulk Procurement & Cost Negotiation
Product_1593,69171.9413689586,355.58,24596158.9119743,A,1729.2985342239651,1543.4382965578598,SUP_0423,3,73.42,139,2.33,6229.0,11417.0,Category_030,355.58,3,5308,244.72,1733.0,26.58,24596158.9119743,0.26371134020618553,0.7183475420425567,Leverage,Bulk Procurement & Cost Negotiation
Product_1167,262210.3311714153,93.71,24571730.134073325,A,16388.145698213455,17936.949970770704,SUP_0255,2,73.06,315,2.33,59105.0,91882.0,Category_006,93.71,2,4568,306.84,2795.0,26.939999999999998,24571730.134073325,0.2674226804123711,0.7176340829767297,Leverage,Bulk Procurement & Cost Negotiation
Product_1838,122679.97349086574,199.98,24533541.09870333,A,4543.702721883917,4788.893269248751,SUP_0347,11,69.6,1211,2.33,37008.0,86989.0,Category_006,199.98,11,5045,438.47,1681.0,30.400000000000006,24533541.09870333,0.3030927835051547,0.7165187462369895,Leverage,Bulk Procurement & Cost Negotiation
Product_0021,829012.3747647272,29.55,24497315.67429769,A,2763.3745825490905,3993.3485722721884,SUP_0123,6,81.47,824,2.33,22792.0,39373.0,Category_005,29.55,6,1218,415.39,2205.0,18.53,24497315.67429769,0.1807216494845361,0.71546075809037,Leverage,Bulk Procurement & Cost Negotiation
Product_1021,39722.60363136454,616.7,24496929.65946251,A,584.1559357553608,1152.657019674244,SUP_0532,5,99.0,342,2.33,6006.0,8927.0,Category_005,616.7,5,992,278.08,533.0,1.0,24496929.65946251,0.0,0.7154494842646871,Leverage,Bulk Procurement & Cost Negotiation
Product_1276,105514.15708443808,231.81,24459236.753743593,A,507.2796013674907,739.0639225772319,SUP_0443,2,44.62,504,2.33,2436.0,3451.0,Category_019,231.81,2,2488,245.09,1464.0,55.38,24459236.753743593,0.560618556701031,0.7143486373286867,Strategic,Long-Term Supplier Partnership
Product_0984,299459.6766349441,81.55,24420936.62957969,A,677.5105806220455,2408.6811357195515,SUP_0222,8,25.88,866,2.33,15874.0,21295.0,Category_028,81.55,8,2451,252.54,2411.0,74.12,24420936.62957969,0.7538144329896908,0.7132300561651997,Strategic,Long-Term Supplier Partnership
Product_1409,204825.3292809466,119.05,24384455.45089669,A,2068.9427200095615,2321.3943504392346,SUP_0293,10,73.46,1281,2.33,17105.0,37795.0,Category_019,119.05,10,1551,318.09,1414.0,26.540000000000006,24384455.45089669,0.263298969072165,0.7121645985410425,Leverage,Bulk Procurement & Cost Negotiation
Product_1833,207321.3485017234,117.44,24347819.168042395,A,5183.033712543085,4771.364659474382,SUP_0281,8,52.16,1082,2.33,31445.0,72910.0,Category_006,117.44,8,4903,252.11,2840.0,47.84,24347819.168042395,0.4828865979381443,0.7110946109941192,Leverage,Bulk Procurement & Cost Negotiation
Product_1460,217063.5101287508,112.0,24311113.13442009,A,2170.635101287508,6773.458967651565,SUP_0233,14,80.81,1183,2.33,59052.0,89441.0,Category_019,112.0,14,4507,322.79,2463.0,19.189999999999998,24311113.13442009,0.18752577319587627,0.710022586328598,Leverage,Bulk Procurement & Cost Negotiation
Product_1623,59130.69214761853,410.5,24273149.12659741,A,1258.099832928054,902.2079806831008,SUP_0451,6,98.75,646,2.33,5150.0,12699.0,Category_019,410.5,6,5949,394.86,1335.0,1.25,24273149.12659741,0.0025773195876288655,0.708913821671356,Leverage,Bulk Procurement & Cost Negotiation
Product_1232,63221.786982059304,383.35,24236072.039572436,A,2180.0616200710106,1732.8893654528197,SUP_0474,2,78.11,631,2.33,5711.0,10072.0,Category_019,383.35,2,4079,401.72,1134.0,21.89,24236072.039572436,0.21536082474226806,0.7078309601389595,Leverage,Bulk Procurement & Cost Negotiation
Product_1273,446007.45078436186,54.26,24200364.279559474,A,5792.304555641063,7528.147667168482,SUP_0193,5,88.62,1029,2.33,39222.0,68184.0,Category_019,54.26,5,869,391.49,1408.0,11.379999999999995,24200364.279559474,0.10701030927835047,0.7067880907328479,Leverage,Bulk Procurement & Cost Negotiation
Product_1603,220888.37626394385,109.38,24160770.59575018,A,10040.380739270175,16172.311926641562,SUP_0253,14,59.82,1758,2.33,140992.0,281558.0,Category_030,109.38,14,4704,329.18,2513.0,40.18,24160770.59575018,0.40391752577319584,0.7056317302805266,Leverage,Bulk Procurement & Cost Negotiation
Product_1151,1144298.4790664937,21.08,24121811.938721687,A,26611.592536430086,30243.525704449283,SUP_0103,9,3.96,1713,2.33,211403.0,450908.0,Category_006,21.08,9,4735,420.47,5077.0,96.04,24121811.938721687,0.9797938144329897,0.704493916217044,Strategic,Long-Term Supplier Partnership
Product_0074,203454.1641210268,118.39,24086938.490288366,A,5498.761192460184,10442.500816645976,SUP_0268,12,76.47,1233,2.33,84286.0,150272.0,Category_019,118.39,12,5846,302.46,2805.0,23.53,24086938.490288366,0.23226804123711342,0.7034754134477995,Leverage,Bulk Procurement & Cost Negotiation
Product_1370,44248.15053705563,544.28,24083383.37430864,A,1580.2910906091297,1918.0456925301744,SUP_0538,3,92.1,176,2.33,7741.0,12482.0,Category_019,544.28,3,4755,258.59,1276.0,7.900000000000006,24083383.37430864,0.07113402061855675,0.7033715838687643,Leverage,Bulk Procurement & Cost Negotiation
Product_1275,93514.99872305943,257.18,24050187.371596426,A,505.486479584105,624.0304943049737,SUP_0393,9,63.89,607,2.33,4362.0,8912.0,Category_019,257.18,9,4369,407.2,1417.0,36.11,24050187.371596426,0.3619587628865979,0.7024020720421699,Leverage,Bulk Procurement & Cost Negotiation
Product_1573,445356.2111214132,53.92,24013606.9036666,A,8402.947379649306,6502.70519567563,SUP_0181,2,77.37,627,2.33,21428.0,38234.0,Category_019,53.92,2,2902,236.96,3303.0,22.629999999999995,24013606.9036666,0.22298969072164945,0.7013337146080599,Leverage,Bulk Procurement & Cost Negotiation
Product_1265,67975.80246889712,352.85,23985261.90115035,A,1788.83690707624,2081.5068666829516,SUP_0441,3,85.93,228,2.33,8401.0,13768.0,Category_019,352.85,3,1813,344.34,847.0,14.069999999999993,23985261.90115035,0.13474226804123704,0.7005058795400069,Leverage,Bulk Procurement & Cost Negotiation
Product_1247,441184.0252889628,54.34,23973939.934202243,A,5446.716361592134,13034.700106748356,SUP_0189,2,99.0,1490,2.33,42951.0,53845.0,Category_019,54.34,2,4015,270.94,3617.0,1.0,23973939.934202243,0.0,0.7001752137983613,Leverage,Bulk Procurement & Cost Negotiation
Product_0427,199529.69467080853,119.97,23937577.4696569,A,3325.494911180142,5250.301852486671,SUP_0271,3,81.92,725,2.33,21189.0,31166.0,Category_019,119.97,3,3654,423.47,1856.0,18.08,23937577.4696569,0.17608247422680412,0.6991132233012988,Leverage,Bulk Procurement & Cost Negotiation
Product_1268,408159.18602171115,58.56,23901801.933431406,A,9070.204133815803,21170.44019315117,SUP_0201,8,70.23,1651,2.33,139519.0,212081.0,Category_019,58.56,8,1464,268.18,2111.0,29.769999999999996,23901801.933431406,0.29659793814432983,0.6980683744448244,Leverage,Bulk Procurement & Cost Negotiation
Product_0832,84630.64073955525,282.36,23896307.71922082,A,1800.651930628835,2903.3611507016844,SUP_0390,13,84.35,1110,2.33,24391.0,47800.0,Category_019,282.36,13,5477,252.06,1918.0,15.650000000000006,23896307.71922082,0.15103092783505162,0.6979079121837147,Leverage,Bulk Procurement & Cost Negotiation
Product_0145,191000.0,124.94,23863540.0,A,12733.333333333334,10918.311399182743,SUP_0289,4,72.11,809,2.33,50880.0,101814.0,Category_005,124.94,4,4969,426.66,2110.0,27.89,23863540.0,0.2772164948453608,0.696950908667643,Leverage,Bulk Procurement & Cost Negotiation
Product_1648,88232.59740005426,270.04,23826330.601910654,A,1446.4360229517092,2349.6018458157155,SUP_0410,5,87.84,2264,2.33,12242.0,19475.0,Category_019,270.04,5,1852,348.63,969.0,12.159999999999997,23826330.601910654,0.11505154639175254,0.6958641829006635,Leverage,Bulk Procurement & Cost Negotiation
Product_1219,115013.91662219967,206.84,23789478.51413578,A,1513.3410081868378,1021.509629231041,SUP_0368,11,71.9,985,2.33,7894.0,24541.0,Category_019,206.84,11,2431,409.08,1170.0,28.099999999999994,23789478.51413578,0.27938144329896897,0.6947878926243257,Leverage,Bulk Procurement & Cost Negotiation
Product_0401,77751.80017810977,305.49,23752397.436410755,A,7068.345470737252,2470.0247167693096,SUP_0455,3,90.3,303,2.33,9969.0,31175.0,Category_030,305.49,3,1648,286.41,946.0,9.700000000000003,23752397.436410755,0.08969072164948456,0.6937049145408213,Leverage,Bulk Procurement & Cost Negotiation
Product_1345,182360.63944657694,130.04,23714177.553632863,A,2464.332965494283,4100.307144775531,SUP_0321,10,61.91,943,2.33,30212.0,54856.0,Category_019,130.04,10,2287,394.24,1455.0,38.09,23714177.553632863,0.38237113402061856,0.6925886768815627,Leverage,Bulk Procurement & Cost Negotiation
Product_0690,55260.795061230674,428.47,23677592.85988551,A,1726.8998456634586,4107.348265724755,SUP_0488,8,99.0,302,2.33,27069.0,40885.0,Category_011,428.47,8,3117,329.76,1023.0,1.0,23677592.85988551,0.0,0.6915201960295791,Leverage,Bulk Procurement & Cost Negotiation
Product_1651,93072.7521411212,254.0,23640479.04384478,A,3002.346843261974,5784.033337515172,SUP_0419,2,56.61,531,2.33,19060.0,25065.0,Category_019,254.0,2,4193,340.34,1515.0,43.39,23640479.04384478,0.4370103092783505,0.6904362618013083,Leverage,Bulk Procurement & Cost Negotiation
Product_1221,140959.5672598786,167.45,23603679.537666667,A,9397.304483991906,7995.593852894,SUP_0313,8,69.83,314,2.33,52693.0,127872.0,Category_006,167.45,8,4976,399.31,1875.0,30.17,23603679.537666667,0.30072164948453606,0.68936150720625,Leverage,Bulk Procurement & Cost Negotiation
Product_0079,486042.14052338415,48.49,23568183.393978897,A,15678.778726560779,28650.805569146207,SUP_0195,6,74.43,1114,2.33,163520.0,257593.0,Category_019,48.49,6,1561,283.18,2315.0,25.569999999999993,23568183.393978897,0.25329896907216487,0.6883248181987772,Leverage,Bulk Procurement & Cost Negotiation
Product_0206,135345.37727001615,173.84,23528440.38461961,A,468.3231047405403,1175.561479523143,SUP_0503,6,97.27,418,2.33,6710.0,9520.0,Category_007,173.84,6,3573,97.91,3143.0,2.730000000000004,23528440.38461961,0.01783505154639179,0.6871640965922534,Leverage,Bulk Procurement & Cost Negotiation
Product_0178,118764.68282648038,197.8,23491654.26307782,A,756.4629479393654,2353.0219147169387,SUP_0322,3,90.82,619,2.33,9497.0,11767.0,Category_007,197.8,3,3280,308.54,1590.0,9.180000000000007,23491654.26307782,0.08432989690721655,0.6860897329045983,Leverage,Bulk Procurement & Cost Negotiation
Product_0356,90586.67217828752,258.92,23454701.16040221,A,1742.0513880439908,1774.0599246409436,SUP_0401,9,62.65,433,2.33,12401.0,28080.0,Category_005,258.92,9,1001,369.85,701.0,37.35,23454701.16040221,0.3747422680412371,0.6850104924194123,Leverage,Bulk Procurement & Cost Negotiation
Product_2034,560880.9359107382,41.75,23416779.074273318,A,20773.367996694007,16730.84524134937,SUP_0144,11,39.88,1078,2.33,129292.0,357800.0,Category_006,41.75,11,2094,280.73,2893.0,60.12,23416779.074273318,0.6094845360824742,0.6839029521137365,Strategic,Long-Term Supplier Partnership
Product_1225,50670.37559893465,462.12,23415793.971779678,A,2303.198890860666,2459.500143399759,SUP_0509,4,90.57,1147,2.33,11462.0,20675.0,Category_019,462.12,4,5134,330.42,1255.0,9.430000000000007,23415793.971779678,0.08690721649484542,0.6838741815257151,Leverage,Bulk Procurement & Cost Negotiation
Product_1437,386939.32338136446,60.42,23378873.91870204,A,4447.578429670856,4541.974375218551,SUP_0209,11,98.7,645,2.33,35100.0,84024.0,Category_019,60.42,11,5183,361.73,3330.0,1.2999999999999972,23378873.91870204,0.003092783505154609,0.6827959062765058,Leverage,Bulk Procurement & Cost Negotiation
Product_1391,143226.2028152512,162.98,23343006.53482964,A,526.566922114894,758.8962885273885,SUP_0341,9,84.19,744,2.33,5305.0,10045.0,Category_019,162.98,9,2028,338.87,1310.0,15.810000000000002,23343006.53482964,0.15268041237113406,0.6817483749470634,Leverage,Bulk Procurement & Cost Negotiation
Product_1280,92326.32357703986,252.43,23305933.860552173,A,2978.2685024851567,5650.994363089546,SUP_0350,9,88.27,1079,2.33,39501.0,66306.0,Category_019,252.43,9,1598,367.33,897.0,11.730000000000004,23305933.860552173,0.11061855670103096,0.6806656422919578,Leverage,Bulk Procurement & Cost Negotiation
Product_1556,550350.0164467548,42.28,23268798.695368793,A,5854.7874090080295,6789.772194161346,SUP_0151,13,23.12,2303,2.33,57041.0,133154.0,Category_019,42.28,13,5531,402.24,3891.0,76.88,23268798.695368793,0.7822680412371134,0.6795810845474622,Strategic,Long-Term Supplier Partnership
Product_0420,143729.6643078192,161.63,23231025.64207282,A,6533.1665594463275,5213.617862866775,SUP_0296,5,88.56,600,2.33,27164.0,59830.0,Category_019,161.63,5,4258,329.33,1928.0,11.439999999999998,23231025.64207282,0.10762886597938141,0.6784778968469878,Leverage,Bulk Procurement & Cost Negotiation
Product_1560,61057.384223131965,379.87,23193868.54484114,A,462.5559410843331,642.3681395374216,SUP_0440,7,89.63,267,2.33,3960.0,7198.0,Category_019,379.87,7,3847,266.21,1329.0,10.370000000000005,23193868.54484114,0.09659793814432993,0.6773926985621117,Leverage,Bulk Procurement & Cost Negotiation
Product_0996,78951.79669581835,293.46,23169194.258354854,A,6073.215130447566,13656.009237184662,SUP_0365,8,54.3,783,2.33,89997.0,138583.0,Category_028,293.46,8,1905,263.28,1069.0,45.7,23169194.258354854,0.46082474226804127,0.6766720692511485,Leverage,Bulk Procurement & Cost Negotiation
Product_1819,92842.06695970123,249.42,23156668.34108868,A,4886.424576826381,2774.0341795130726,SUP_0414,10,72.81,504,2.33,20440.0,69305.0,Category_006,249.42,10,2854,327.48,1273.0,27.189999999999998,23156668.34108868,0.26999999999999996,0.6763062413219915,Leverage,Bulk Procurement & Cost Negotiation
Product_1369,236179.163948534,97.89,23119578.358921994,A,3525.062148485582,3132.9430585411196,SUP_0262,8,90.32,1771,2.33,20647.0,48848.0,Category_019,97.89,8,1007,375.83,1126.0,9.680000000000007,23119578.358921994,0.0894845360824743,0.6752230031782149,Leverage,Bulk Procurement & Cost Negotiation
Product_1652,182093.01996390705,126.76,23082111.21062486,A,4791.921577997554,6219.836384369182,SUP_0310,5,77.93,380,2.33,32406.0,56366.0,Category_019,126.76,5,1524,331.51,1294.0,22.069999999999993,23082111.21062486,0.21721649484536076,0.6741287496411926,Leverage,Bulk Procurement & Cost Negotiation
Product_0408,277856.9502264087,82.94,23045455.451778337,A,574.0846079058032,915.8251158065178,SUP_0285,8,69.0,1135,2.33,6036.0,10629.0,Category_019,82.94,8,4224,237.04,3147.0,31.0,23045455.451778337,0.3092783505154639,0.6730581932846761,Leverage,Bulk Procurement & Cost Negotiation
Product_1400,257792.7149336476,89.25,23007999.80782805,A,5155.854298672952,12201.577240977465,SUP_0254,12,51.94,1170,2.33,98484.0,160355.0,Category_019,89.25,12,2707,335.14,2041.0,48.06,23007999.80782805,0.48515463917525775,0.6719642757399243,Leverage,Bulk Procurement & Cost Negotiation
Product_0099,199929.13528346113,114.89,22969858.35271685,A,4543.843983715025,4579.325085580495,SUP_0291,13,77.45,287,2.33,38471.0,97541.0,Category_019,114.89,13,1522,240.21,1592.0,22.549999999999997,22969858.35271685,0.22216494845360824,0.6708503286139884,Leverage,Bulk Procurement & Cost Negotiation
Product_1785,110092.19178351386,208.31,22933304.470423773,A,3238.005640691584,3455.313140907011,SUP_0382,11,19.01,826,2.33,26702.0,62321.0,Category_006,208.31,11,4718,398.88,1614.0,80.99,22933304.470423773,0.8246391752577319,0.6697827476314733,Strategic,Long-Term Supplier Partnership
Product_1523,401374.9238496672,57.04,22894425.656385016,A,4778.272902972229,6470.130575725334,SUP_0197,5,71.09,1003,2.33,33710.0,57602.0,Category_019,57.04,5,2809,398.76,2378.0,28.909999999999997,22894425.656385016,0.28773195876288654,0.668647265436785,Leverage,Bulk Procurement & Cost Negotiation
Product_1421,108892.17840385198,209.92,22858646.090536606,A,561.2998886796494,1317.7159781163682,SUP_0464,3,96.61,418,2.33,5318.0,7002.0,Category_019,209.92,3,841,198.41,961.0,3.3900000000000006,22858646.090536606,0.024639175257731967,0.6676022988924339,Leverage,Bulk Procurement & Cost Negotiation
Product_0997,31573.214692635956,723.62,22847009.61588523,A,956.764081595029,1014.5990459104113,SUP_0499,7,81.76,675,2.33,6255.0,12953.0,Category_028,723.62,7,5553,229.44,1237.0,18.239999999999995,22847009.61588523,0.17773195876288655,0.667262447739505,Leverage,Bulk Procurement & Cost Negotiation
Product_1371,189145.47929451516,120.66,22822293.5316762,A,1099.6830191541578,1966.1183084814936,SUP_0306,8,81.97,753,2.33,12958.0,21756.0,Category_019,120.66,8,4934,434.12,2074.0,18.03,22822293.5316762,0.17556701030927838,0.6665405976976341,Leverage,Bulk Procurement & Cost Negotiation
Product_1235,204074.10761054602,111.65,22784874.114717465,A,8503.087817106085,12896.223509927288,SUP_0270,5,85.96,1335,2.33,67190.0,109706.0,Category_019,111.65,5,2725,370.35,1733.0,14.040000000000006,22784874.114717465,0.13443298969072173,0.6654477381867986,Leverage,Bulk Procurement & Cost Negotiation
Product_1107,31392.947427982195,724.91,22757061.520018574,A,327.0098690414812,416.589017856602,SUP_0653,4,53.95,462,2.33,1942.0,3251.0,Category_006,724.91,4,4284,143.54,1369.0,46.05,22757061.520018574,0.4644329896907216,0.6646354524509942,Leverage,Bulk Procurement & Cost Negotiation
Product_1780,32148.27636676655,707.58,22747477.391596675,A,2009.2672729229093,998.6253711129222,SUP_0563,9,54.05,330,2.33,6981.0,25065.0,Category_006,707.58,9,1016,260.01,502.0,45.95,22747477.391596675,0.4634020618556701,0.664355541464928,Leverage,Bulk Procurement & Cost Negotiation
Product_1986,55006.142494961954,412.87,22710386.05189494,A,323.5655440880115,361.6807699383428,SUP_0492,5,70.18,535,2.33,1885.0,3503.0,Category_005,412.87,5,3550,301.21,1139.0,29.819999999999993,22710386.05189494,0.2971134020618556,0.6632722636734174,Leverage,Bulk Procurement & Cost Negotiation
Product_0146,135682.298069228,167.16,22680652.945252154,A,9691.592719230572,11451.946242316046,SUP_0287,14,99.0,1036,2.33,99839.0,235522.0,Category_005,167.16,14,3984,230.9,2164.0,1.0,22680652.945252154,0.0,0.6624038880806847,Leverage,Bulk Procurement & Cost Negotiation
Product_1472,90577.3394431359,250.32,22673319.60940578,A,1132.2167430391987,2022.8286846958194,SUP_0383,3,67.67,677,2.33,8164.0,11561.0,Category_019,250.32,3,5630,319.17,1788.0,32.33,22673319.60940578,0.32298969072164946,0.6621897130219258,Leverage,Bulk Procurement & Cost Negotiation
Product_1482,94863.80668461589,238.99,22671501.15955635,A,1607.861130247727,1541.5521440722,SUP_0380,10,87.51,614,2.33,11359.0,27438.0,Category_019,238.99,10,4503,412.26,1440.0,12.489999999999995,22671501.15955635,0.11845360824742261,0.6621366039578503,Leverage,Bulk Procurement & Cost Negotiation
Product_2048,145905.88552018814,155.14,22635839.079601984,A,7295.2942760094065,5147.664798639039,SUP_0332,10,62.9,1254,2.33,37929.0,110882.0,Category_019,155.14,10,2364,295.11,1529.0,37.1,22635839.079601984,0.37216494845360826,0.6610950686689044,Leverage,Bulk Procurement & Cost Negotiation
Product_0981,496736.30072186503,45.49,22596534.31983764,A,1419.246573491043,4333.584123181016,SUP_0179,5,61.21,1230,2.33,22579.0,29676.0,Category_028,45.49,5,3609,353.81,3184.0,38.79,22596534.31983764,0.38958762886597936,0.659947146439733,Leverage,Bulk Procurement & Cost Negotiation
Product_0561,53678.23242338893,420.54,22573843.86333198,A,1533.663783525398,1391.292828411546,SUP_0510,2,73.71,1499,2.33,4585.0,7653.0,Category_030,420.54,2,4127,393.66,1061.0,26.290000000000006,22573843.86333198,0.26072164948453613,0.6592844562320058,Leverage,Bulk Procurement & Cost Negotiation
Product_1314,491598.3984682037,45.89,22559450.50570587,A,963.918428369027,1342.5856673751734,SUP_0167,8,79.82,601,2.33,8848.0,16560.0,Category_019,45.89,8,3752,421.85,2958.0,20.180000000000007,22559450.50570587,0.19773195876288668,0.6588640884376092,Leverage,Bulk Procurement & Cost Negotiation
Product_1199,114512.0372138444,196.83,22539404.284800995,A,3578.5011629326377,4023.769565024096,SUP_0351,13,86.42,1816,2.33,33804.0,80325.0,Category_019,196.83,13,1622,434.29,925.0,13.579999999999998,22539404.284800995,0.12969072164948453,0.6582786249282135,Leverage,Bulk Procurement & Cost Negotiation
Product_1101,297660.3330968809,75.67,22523957.405440975,A,7833.1666604442335,11816.678976030937,SUP_0206,13,43.93,257,2.33,99272.0,201104.0,Category_032,75.67,13,1596,396.54,1548.0,56.07,22523957.405440975,0.5677319587628866,0.6578274883153704,Strategic,Long-Term Supplier Partnership
Product_1300,23546.947733546393,955.91,22508762.80797433,A,386.01553661551463,987.7553166176648,SUP_0664,8,32.74,750,2.33,6510.0,9599.0,Category_019,955.91,8,1726,237.13,586.0,67.25999999999999,22508762.80797433,0.6830927835051546,0.6573837197667303,Strategic,Long-Term Supplier Partnership
Product_1420,192973.77562264472,116.53,22487234.07330679,A,590.1338704056413,1498.5245352485904,SUP_0272,9,64.06,1062,2.33,10475.0,15787.0,Category_019,116.53,9,4314,321.56,2276.0,35.94,22487234.07330679,0.3602061855670103,0.6567549584350499,Leverage,Bulk Procurement & Cost Negotiation
Product_0553,125945.70025713852,178.25,22449821.070834942,A,3598.4485787753865,9170.27692219866,SUP_0369,2,81.84,354,2.33,30218.0,37415.0,Category_030,178.25,2,2167,372.49,1211.0,18.159999999999997,22449821.070834942,0.17690721649484534,0.6556622862636646,Leverage,Bulk Procurement & Cost Negotiation
Product_1972,68431.78480856841,327.66,22422358.610375527,A,963.8279550502593,1232.122792207664,SUP_0420,10,36.88,650,2.33,9079.0,18718.0,Category_005,327.66,10,3448,305.65,1243.0,63.12,22422358.610375527,0.6404123711340206,0.6548602264363532,Strategic,Long-Term Supplier Partnership
Product_1981,215061.54922813503,104.21,22411564.04506395,A,682.7350769147143,1290.7616724200914,SUP_0273,4,44.59,1373,2.33,6015.0,8746.0,Category_005,104.21,4,1695,351.42,1441.0,55.41,22411564.04506395,0.5609278350515464,0.654544963818042,Strategic,Long-Term Supplier Partnership
Product_1468,94883.46091700529,235.82,22375417.753448185,A,1824.6819407116402,1468.7786611399572,SUP_0398,12,67.77,895,2.33,11856.0,33753.0,Category_019,235.82,12,5931,430.17,1618.0,32.230000000000004,22375417.753448185,0.32195876288659797,0.653489286798347,Leverage,Bulk Procurement & Cost Negotiation
Product_1765,162637.63708673805,137.35,22338279.453863468,A,821.402207508778,1894.5880710400995,SUP_0316,5,71.52,867,2.33,9871.0,13979.0,Category_005,137.35,5,2646,237.84,1903.0,28.480000000000004,22338279.453863468,0.28329896907216495,0.6524046375115294,Leverage,Bulk Procurement & Cost Negotiation
Product_1297,109458.00105875054,203.74,22300973.135709837,A,935.5384705876114,1143.0803374881739,SUP_0356,11,71.58,1021,2.33,8834.0,19125.0,Category_019,203.74,11,1199,257.22,1011.0,28.42,22300973.135709837,0.282680412371134,0.6513150811281841,Leverage,Bulk Procurement & Cost Negotiation
Product_2004,271084.5209752774,82.13,22264171.707699534,A,1531.5509659620193,1604.525071762379,SUP_0229,4,55.9,3402,2.33,7478.0,13605.0,Category_005,82.13,4,2099,269.64,2055.0,44.1,22264171.707699534,0.44432989690721647,0.6502402704047102,Leverage,Bulk Procurement & Cost Negotiation
Product_0107,94401.72659150991,235.45,22226886.525971007,A,6742.980470822136,4808.4882689705155,SUP_0416,2,57.83,287,2.33,15845.0,29331.0,Category_006,235.45,2,4170,253.67,1762.0,42.17,22226886.525971007,0.42443298969072163,0.6491513313250291,Leverage,Bulk Procurement & Cost Negotiation
Product_0001,60298.03175540278,367.99,22189072.70567067,A,621.6291933546678,987.6433151376581,SUP_0465,5,86.14,338,2.33,5146.0,8255.0,Category_005,367.99,5,1008,240.11,712.0,13.86,22189072.70567067,0.13257731958762886,0.6480469529964779,Leverage,Bulk Procurement & Cost Negotiation
Product_1237,893586.2024617413,24.79,22152001.959026564,A,18616.379217952945,19370.557617310318,SUP_0108,3,67.08,2875,2.33,78174.0,134024.0,Category_019,24.79,3,2883,408.91,3550.0,32.92,22152001.959026564,0.3290721649484536,0.646964276639215,Leverage,Bulk Procurement & Cost Negotiation
Product_2015,338568.3474621604,65.32,22115284.456228316,A,2821.4028955180033,4421.296134133944,SUP_0196,7,77.4,817,2.33,27256.0,47006.0,Category_005,65.32,7,2935,318.51,2498.0,22.599999999999994,22115284.456228316,0.22268041237113398,0.6458919170086134,Leverage,Bulk Procurement & Cost Negotiation
Product_0415,116518.84251641434,189.48,22077990.28001019,A,2774.2581551527223,3961.8447537254788,SUP_0353,2,90.93,1286,2.33,13055.0,18604.0,Category_019,189.48,2,2291,286.41,1366.0,9.069999999999993,22077990.28001019,0.08319587628865972,0.6448027152387488,Leverage,Bulk Procurement & Cost Negotiation
Product_1841,223907.10866619612,98.44,22041415.777100347,A,4763.981035450981,5498.950534154961,SUP_0251,6,91.57,356,2.33,31385.0,59969.0,Category_006,98.44,6,1741,254.91,1749.0,8.430000000000007,22041415.777100347,0.07659793814432996,0.6437345320171026,Leverage,Bulk Procurement & Cost Negotiation
Product_0385,87999.88874120095,250.04,22003492.180849884,A,3999.9949427818615,6558.391210587462,SUP_0373,7,69.25,385,2.33,40430.0,68430.0,Category_030,250.04,7,3849,289.52,1530.0,30.75,22003492.180849884,0.306701030927835,0.6426269476072999,Leverage,Bulk Procurement & Cost Negotiation
Product_0038,106566.6024909537,206.13,21966573.771460284,A,2478.2930811849697,2486.3545844544487,SUP_0403,8,93.83,798,2.33,16386.0,36213.0,Category_005,206.13,8,1924,332.67,1111.0,6.170000000000002,21966573.771460284,0.05329896907216496,0.641548720363117,Leverage,Bulk Procurement & Cost Negotiation
Product_0932,461386.1897237145,47.53,21929685.59756815,A,3781.854014128807,3519.432894152192,SUP_0202,2,36.14,503,2.33,11597.0,19161.0,Category_006,47.53,2,1544,351.67,2013.0,63.86,21929685.59756815,0.6480412371134021,0.6404713761671925,Strategic,Long-Term Supplier Partnership
Product_0937,112314.23464447552,194.91,21891167.474554725,A,1497.523128593007,1230.7652750019226,SUP_0337,8,61.07,1146,2.33,8112.0,20093.0,Category_006,194.91,8,5818,426.58,1751.0,38.93,21891167.474554725,0.3910309278350515,0.6393464281991049,Leverage,Bulk Procurement & Cost Negotiation
Product_1564,82683.97070312861,264.31,21854200.296543922,A,2296.776963975795,3525.7330116283524,SUP_0357,13,81.66,370,2.33,29620.0,59479.0,Category_019,264.31,13,987,233.28,837.0,18.340000000000003,21854200.296543922,0.17876288659793818,0.6382667766341859,Leverage,Bulk Procurement & Cost Negotiation
Product_1213,246614.9957421914,88.47,21818028.673311673,A,557.9524790547316,963.8351333559287,SUP_0320,8,94.17,557,2.33,6352.0,10816.0,Category_019,88.47,8,1586,145.46,2320.0,5.829999999999998,21818028.673311673,0.04979381443298967,0.6372103597874105,Leverage,Bulk Procurement & Cost Negotiation
Product_0013,50721.19748063769,429.84,21801999.525077302,A,277.1650135553972,753.0591174762357,SUP_0564,5,74.2,126,2.33,3924.0,5310.0,Category_005,429.84,5,2138,258.28,917.0,25.799999999999997,21801999.525077302,0.25567010309278343,0.6367422176162525,Leverage,Bulk Procurement & Cost Negotiation
Product_1368,125565.5629959258,173.46,21780602.557273287,A,589.5096854268817,1022.2092552971097,SUP_0326,5,78.84,1182,2.33,5326.0,8274.0,Category_019,173.46,5,5925,299.9,2228.0,21.159999999999997,21780602.557273287,0.20783505154639173,0.6361173046253995,Leverage,Bulk Procurement & Cost Negotiation
Product_1635,71763.15514354545,302.98,21742800.7453914,A,598.0262928628787,1216.6800119284826,SUP_0388,11,74.32,943,2.33,9403.0,15982.0,Category_019,302.98,11,1162,415.24,634.0,25.680000000000007,21742800.7453914,0.2544329896907217,0.6350132770108727,Leverage,Bulk Procurement & Cost Negotiation
Product_1610,42507.44428423169,510.63,21705576.27485723,A,2237.2339096964047,2055.5229962108506,SUP_0557,13,61.82,194,2.33,17269.0,46354.0,Category_030,510.63,13,5943,341.86,1216.0,38.18,21705576.27485723,0.38329896907216493,0.6339261110428955,Leverage,Bulk Procurement & Cost Negotiation
Product_0357,199852.97473309177,108.42,21668059.52056181,A,2664.706329774557,3823.7838596037227,SUP_0274,5,48.37,1810,2.33,19923.0,33247.0,Category_005,108.42,5,921,423.8,933.0,51.63,21668059.52056181,0.521958762886598,0.6328304087289701,Strategic,Long-Term Supplier Partnership
Product_0010,14742.669462548813,1467.47,21634425.156206507,A,234.01062638966368,224.70076325981174,SUP_0806,2,52.72,426,2.33,741.0,1210.0,Category_005,1467.47,2,4049,133.26,947.0,47.28,21634425.156206507,0.47711340206185565,0.6318480942525811,Leverage,Bulk Procurement & Cost Negotiation
Product_1217,147085.89805308526,147.07,21631923.02666725,A,7004.09038348025,8493.143526278125,SUP_0307,12,53.84,774,2.33,68552.0,152602.0,Category_019,147.07,12,2900,261.77,1806.0,46.16,21631923.02666725,0.4655670103092783,0.6317750178583835,Leverage,Bulk Procurement & Cost Negotiation
Product_1503,72477.79227752633,297.94,21594033.431166194,A,1393.803697644737,1284.8733774390205,SUP_0425,6,82.94,129,2.33,7334.0,15697.0,Category_019,297.94,6,3557,347.77,1218.0,17.060000000000002,21594033.431166194,0.16556701030927837,0.6306684264635817,Leverage,Bulk Procurement & Cost Negotiation
Product_1001,139987.7680690534,153.99,21556716.404953532,A,1238.8298059208264,3487.9830260847284,SUP_0276,2,56.16,621,2.33,11494.0,13972.0,Category_028,153.99,2,2079,241.47,1553.0,43.84,21556716.404953532,0.4416494845360825,0.6295785573440927,Leverage,Bulk Procurement & Cost Negotiation
Product_1272,129770.05169327818,165.83,21519767.672296323,A,3017.908178913446,3739.978842713646,SUP_0366,11,93.43,463,2.33,28902.0,62099.0,Category_019,165.83,11,4430,248.9,2150.0,6.569999999999993,21519767.672296323,0.057422680412371065,0.628499444488265,Leverage,Bulk Procurement & Cost Negotiation
Product_2035,241276.95366555508,89.04,21483299.954381026,A,8936.183469094633,7520.812603983635,SUP_0237,10,34.39,717,2.33,55415.0,144777.0,Category_006,89.04,10,4507,259.96,2893.0,65.61,21483299.954381026,0.6660824742268041,0.6274343799949793,Strategic,Long-Term Supplier Partnership
Product_1572,95728.92171513129,224.02,21445193.042623714,A,7977.410142927608,4861.959979333806,SUP_0412,8,74.36,991,2.33,32042.0,95862.0,Category_019,224.02,8,4175,278.93,1693.0,25.64,21445193.042623714,0.254020618556701,0.6263214417311771,Leverage,Bulk Procurement & Cost Negotiation
Product_1830,16312.99275711576,1312.33,21408029.784945726,A,1812.5547507906401,2759.5240955997033,SUP_0661,12,55.92,282,2.33,22274.0,44025.0,Category_006,1312.33,12,1884,383.23,401.0,44.08,21408029.784945726,0.4441237113402061,0.6252360635262786,Leverage,Bulk Procurement & Cost Negotiation
Product_1352,203167.12176228352,105.19,21371149.538174603,A,2418.6562114557564,2803.703482629542,SUP_0294,5,71.29,776,2.33,14608.0,26702.0,Category_019,105.19,5,4046,359.65,2139.0,28.709999999999994,21371149.538174603,0.2856701030927834,0.6241589508473122,Leverage,Bulk Procurement & Cost Negotiation
Product_1030,123969.192748347,172.09,21333858.38006304,A,911.5381819731398,1833.999066211396,SUP_0343,12,65.1,546,2.33,14803.0,25742.0,Category_028,172.09,12,5611,245.95,2379.0,34.900000000000006,21333858.38006304,0.34948453608247426,0.6230698372233016,Leverage,Bulk Procurement & Cost Negotiation
Product_1900,54692.651725099204,390.06,21333415.731892195,A,3646.1767816732804,3773.320785125862,SUP_0497,13,75.91,795,2.33,31700.0,79101.0,Category_019,390.06,13,4371,268.18,1336.0,24.090000000000003,21333415.731892195,0.2380412371134021,0.6230569093825499,Leverage,Bulk Procurement & Cost Negotiation
Product_1285,121025.47056568734,175.97,21296852.055444002,A,2814.545827109008,2750.3632049611074,SUP_0344,8,90.58,964,2.33,18126.0,40643.0,Category_019,175.97,8,3629,253.87,1861.0,9.420000000000002,21296852.055444002,0.08680412371134022,0.6219890423550763,Leverage,Bulk Procurement & Cost Negotiation
Product_0288,51377.586203508734,413.78,21259017.61928784,A,283.8540674227002,647.1434429223285,SUP_0743,14,66.4,1303,2.33,5642.0,9616.0,Category_021,413.78,14,1244,51.42,1577.0,33.599999999999994,21259017.61928784,0.33608247422680404,0.6208840619264406,Leverage,Bulk Procurement & Cost Negotiation
Product_0129,63900.17183292565,332.11,21221886.067432936,A,3363.1669385750342,7784.256575211009,SUP_0478,8,71.08,395,2.33,51301.0,78207.0,Category_019,332.11,8,2474,373.38,921.0,28.92,21221886.067432936,0.2878350515463917,0.6197996097116596,Leverage,Bulk Procurement & Cost Negotiation
Product_1568,188358.557271715,112.47,21184686.936349783,A,10464.364292873055,9104.316058079577,SUP_0292,3,98.62,352,2.33,36743.0,68137.0,Category_019,112.47,3,2170,244.33,1830.0,1.3799999999999955,21184686.936349783,0.00391752577319583,0.6187131837995757,Leverage,Bulk Procurement & Cost Negotiation
Product_0618,36601.94680987232,578.51,21174592.248979237,A,110.91499033294643,177.28016885644598,SUP_0706,14,46.3,2096,2.33,1546.0,3099.0,Category_001,578.51,14,1699,79.83,1249.0,53.7,21174592.248979237,0.543298969072165,0.6184183615923249,Strategic,Long-Term Supplier Partnership
Product_1510,148777.8944556325,142.14,21147289.9179236,A,11444.453419664038,9933.063430889157,SUP_0361,11,79.38,428,2.33,76761.0,202650.0,Category_019,142.14,11,3186,427.65,1489.0,20.620000000000005,21147289.9179236,0.20226804123711345,0.6176209784531104,Leverage,Bulk Procurement & Cost Negotiation
Product_0980,307047.368686784,68.75,21109506.5972164,A,2257.701240344,4474.564800389964,SUP_0212,12,55.63,1431,2.33,36116.0,63209.0,Category_028,68.75,12,2408,426.36,1863.0,44.37,21109506.5972164,0.4471134020618556,0.6165174908859111,Leverage,Bulk Procurement & Cost Negotiation
Product_0080,40582.67345644617,519.77,21093656.182457026,A,541.1023127526156,1089.7753070507624,SUP_0486,3,80.65,565,2.33,4398.0,6022.0,Category_019,519.77,3,5232,409.44,1019.0,19.349999999999994,21093656.182457026,0.1891752577319587,0.6160545687473975,Leverage,Bulk Procurement & Cost Negotiation
Product_1735,49000.0,430.06,21072940.0,A,2227.2727272727275,2033.8052110179176,SUP_0500,5,67.79,1979,2.33,10597.0,21734.0,Category_030,430.06,5,5024,399.87,1110.0,32.209999999999994,21072940.0,0.32175257731958756,0.6154495385554164,Leverage,Bulk Procurement & Cost Negotiation
Product_1153,632811.482339856,33.24,21034653.672976814,A,20413.273623866324,19905.04914464281,SUP_0137,5,99.0,2085,2.33,103707.0,205774.0,Category_006,33.24,5,5668,292.08,4956.0,1.0,21034653.672976814,0.0,0.6143313603468038,Leverage,Bulk Procurement & Cost Negotiation
Product_1128,38170.624384455026,551.04,21033540.860810097,A,3180.885365371252,2212.966091533324,SUP_0549,4,84.67,514,2.33,10313.0,23037.0,Category_030,551.04,4,5013,298.83,1132.0,15.329999999999998,21033540.860810097,0.14773195876288658,0.6142988599109602,Leverage,Bulk Procurement & Cost Negotiation
Product_1440,97655.41468534744,215.03,20998843.81979026,A,1743.8466908097757,1696.8164302944224,SUP_0391,7,82.25,1153,2.33,10461.0,22668.0,Category_019,215.03,7,1379,238.27,1064.0,17.75,20998843.81979026,0.17268041237113402,0.6132855092401521,Leverage,Bulk Procurement & Cost Negotiation
Product_0020,196340.29758887496,106.76,20961290.170588292,A,602.2708514996165,1498.2003137075344,SUP_0282,6,88.99,890,2.33,8551.0,12165.0,Category_005,106.76,6,5952,344.42,2605.0,11.010000000000005,20961290.170588292,0.10319587628865984,0.6121887293853989,Leverage,Bulk Procurement & Cost Negotiation
Product_1501,108508.8465610089,192.83,20923760.88235935,A,1261.73077396522,1898.9300873219145,SUP_0387,11,85.35,246,2.33,14675.0,28555.0,Category_019,192.83,11,4465,398.1,1561.0,14.650000000000006,20923760.88235935,0.14072164948453614,0.611092661009424,Leverage,Bulk Procurement & Cost Negotiation
Product_2010,196526.6426909059,106.28,20886851.58518948,A,466.809127531843,667.3499051098975,SUP_0269,13,49.22,1205,2.33,5607.0,11676.0,Category_005,106.28,13,3264,413.95,1761.0,50.78,20886851.58518948,0.5131958762886598,0.6100146998938133,Strategic,Long-Term Supplier Partnership
Product_0044,81275.4335154751,256.97,20885348.15047164,A,10159.429189434388,12439.682593545123,SUP_0456,11,99.0,648,2.33,96131.0,207885.0,Category_005,256.97,11,3810,417.77,1218.0,1.0,20885348.15047164,0.0,0.6099707910608102,Leverage,Bulk Procurement & Cost Negotiation
Product_1612,43459.45220617768,480.08,20864013.81514178,A,924.6691958761209,1148.5924750344882,SUP_0511,9,51.25,600,2.33,8029.0,16352.0,Category_005,480.08,9,5723,373.41,1155.0,48.75,20864013.81514178,0.4922680412371134,0.6093477072939438,Leverage,Bulk Procurement & Cost Negotiation
Product_0147,19843.463226172527,1050.97,20854884.54681054,A,992.1731613086264,649.3328917764852,SUP_0640,14,68.91,320,2.33,5661.0,19552.0,Category_005,1050.97,14,5373,342.45,790.0,31.090000000000003,20854884.54681054,0.3102061855670103,0.6090810808060494,Leverage,Bulk Procurement & Cost Negotiation
Product_1134,336533.5534349393,61.95,20848253.63529449,A,2804.446278624494,9489.848124926806,SUP_0170,7,73.06,1383,2.33,58502.0,78134.0,Category_005,61.95,7,3745,257.94,3127.0,26.939999999999998,20848253.63529449,0.2674226804123711,0.6088874205273813,Leverage,Bulk Procurement & Cost Negotiation
Product_1469,479999.8014861104,43.36,20812791.392437745,A,1129.4112976143774,1920.6896830665828,SUP_0176,12,60.33,616,2.33,15503.0,29056.0,Category_019,43.36,12,1249,404.88,1721.0,39.67,20812791.392437745,0.398659793814433,0.6078517216167252,Leverage,Bulk Procurement & Cost Negotiation
Product_1600,44777.06190184144,464.38,20793572.005977128,A,1279.3446257668984,977.3785057925857,SUP_0493,10,85.45,631,2.33,7202.0,19996.0,Category_030,464.38,10,5786,422.83,1108.0,14.549999999999997,20793572.005977128,0.1396907216494845,0.6072904063693745,Leverage,Bulk Procurement & Cost Negotiation
Product_0088,40126.83624498994,517.74,20775268.197481092,A,466.59111912779,649.9136220080502,SUP_0543,7,79.58,268,2.33,4007.0,7274.0,Category_019,517.74,7,1189,306.52,558.0,20.42,20775268.197481092,0.20020618556701034,0.6067558311989099,Leverage,Bulk Procurement & Cost Negotiation
Product_2044,340000.0,60.99,20736600.0,A,14782.608695652174,8969.476126078078,SUP_0216,5,59.87,891,2.33,46732.0,120646.0,Category_019,60.99,5,5398,257.84,3774.0,40.13,20736600.0,0.4034020618556701,0.60562650020397,Leverage,Bulk Procurement & Cost Negotiation
Product_1519,178801.67266250696,115.78,20701657.660865057,A,987.8545450967235,1994.8075555784271,SUP_0319,7,67.6,441,2.33,12298.0,19213.0,Category_019,115.78,7,3267,388.24,1735.0,32.400000000000006,20701657.660865057,0.3237113402061856,0.6046059854349511,Leverage,Bulk Procurement & Cost Negotiation
Product_1309,317442.56299984705,65.09,20662336.425660048,A,1587.2128149992352,4203.378526755834,SUP_0198,2,81.63,2090,2.33,13851.0,17026.0,Category_019,65.09,2,4007,282.35,3002.0,18.370000000000005,20662336.425660048,0.17907216494845365,0.6034575820293346,Leverage,Bulk Procurement & Cost Negotiation
Product_1848,41718.43844722288,494.42,20626430.337075938,A,1489.9442302579598,1058.7061110560392,SUP_0516,5,39.21,182,2.33,5516.0,12966.0,Category_006,494.42,5,5997,264.11,1377.0,60.79,20626430.337075938,0.6163917525773196,0.6024089203024745,Strategic,Long-Term Supplier Partnership
Product_1209,84548.7007654143,243.8,20612973.246608008,A,635.7045170331902,873.3332556823403,SUP_0399,13,88.34,544,2.33,7337.0,15602.0,Category_019,243.8,13,865,234.19,791.0,11.659999999999997,20612973.246608008,0.1098969072164948,0.6020158968269279,Leverage,Bulk Procurement & Cost Negotiation
Product_1516,61831.50830676439,332.99,20589273.951069474,A,883.3072615252056,906.1664718571302,SUP_0495,7,83.09,497,2.33,5587.0,11771.0,Category_019,332.99,7,1619,337.46,771.0,16.909999999999997,20589273.951069474,0.164020618556701,0.6013237427894144,Leverage,Bulk Procurement & Cost Negotiation
Product_0418,150274.41962947953,136.76,20551529.62852762,A,2547.024061516602,3482.147245250802,SUP_0241,3,99.0,1582,2.33,14053.0,21695.0,Category_019,136.76,3,3309,273.39,1908.0,1.0,20551529.62852762,0.0,0.6002213941901458,Leverage,Bulk Procurement & Cost Negotiation
Product_2047,196962.44525271875,104.16,20515608.297523186,A,7878.49781010875,3907.838944071601,SUP_0303,9,78.16,927,2.33,27316.0,98223.0,Category_019,104.16,9,4475,334.25,2297.0,21.840000000000003,20515608.297523186,0.21484536082474232,0.599172287298038,Leverage,Bulk Procurement & Cost Negotiation
Product_1271,66781.71876741963,307.04,20504658.930348527,A,1669.5429691854908,1117.036185320171,SUP_0445,2,53.58,519,2.33,3681.0,7021.0,Category_019,307.04,2,4027,249.91,1468.0,46.42,20504658.930348527,0.46824742268041236,0.5988525035860776,Leverage,Bulk Procurement & Cost Negotiation
Product_1304,251543.34795390372,81.41,20478143.9569273,A,1445.6514250224352,2902.48531306744,SUP_0242,12,99.0,822,2.33,23427.0,40775.0,Category_019,81.41,12,1618,418.6,1395.0,1.0,20478143.9569273,0.0,0.5980781157618393,Leverage,Bulk Procurement & Cost Negotiation
Product_1078,159833.8725388172,127.89,20441153.958989333,A,8879.659585489844,9479.782507315807,SUP_0309,12,45.02,1493,2.33,76515.0,183071.0,Category_020,127.89,12,3881,386.93,1791.0,54.98,20441153.958989333,0.5564948453608247,0.596997797725434,Strategic,Long-Term Supplier Partnership
Product_0011,194494.05536551477,104.9,20402426.407842502,A,652.6646153205194,1139.11286012893,SUP_0265,6,97.65,1689,2.33,6502.0,10418.0,Category_005,104.9,6,5672,386.55,2390.0,2.3499999999999943,20402426.407842502,0.013917525773195818,0.5958667332663363,Leverage,Bulk Procurement & Cost Negotiation
Product_1218,42875.96930597942,475.41,20383664.567755677,A,1786.4987210824759,1678.6183163929113,SUP_0479,9,46.54,598,2.33,11734.0,27813.0,Category_019,475.41,9,1259,275.96,626.0,53.46,20383664.567755677,0.5408247422680412,0.5953187809718825,Strategic,Long-Term Supplier Partnership
Product_1977,158184.92535271108,128.75,20366309.139161553,A,2396.7412932228954,2263.720297283252,SUP_0299,9,71.86,1636,2.33,15824.0,37395.0,Category_005,128.75,9,1209,234.71,1277.0,28.14,20366309.139161553,0.2797938144329897,0.594811903881183,Leverage,Bulk Procurement & Cost Negotiation
Product_1630,22103.282218757082,919.72,20328830.722235262,A,460.4850462241059,744.1166472695091,SUP_0619,7,55.26,290,2.33,4588.0,7812.0,Category_019,919.72,7,3389,247.33,779.0,44.74,20328830.722235262,0.4509278350515464,0.5937173212361856,Leverage,Bulk Procurement & Cost Negotiation
Product_1006,11468.22803145996,1771.13,20311722.71335968,A,1274.2475590511067,2434.46656705813,SUP_0716,12,46.16,239,2.33,19650.0,34941.0,Category_006,1771.13,12,2983,316.07,466.0,53.84,20311722.71335968,0.5447422680412372,0.5932176702065676,Strategic,Long-Term Supplier Partnership
Product_2036,248813.47713629116,81.55,20290739.060464542,A,13095.446165067955,8463.610069123006,SUP_0250,7,23.86,1526,2.33,52175.0,143844.0,Category_006,81.55,7,900,345.01,1140.0,76.14,20290739.060464542,0.774639175257732,0.592604828358609,Strategic,Long-Term Supplier Partnership
Product_0200,82588.28646756233,245.25,20254777.256169662,A,170.99024113366943,397.8294218054822,SUP_0643,13,38.84,220,2.33,3343.0,5566.0,Category_007,245.25,13,4461,85.63,2934.0,61.16,20254777.256169662,0.6202061855670103,0.591554539416539,Strategic,Long-Term Supplier Partnership
Product_1744,54676.67267059573,369.93,20226541.52103348,A,2733.8336335297868,2195.8099160697375,SUP_0460,3,87.42,166,2.33,8862.0,17064.0,Category_030,369.93,3,5897,263.09,1566.0,12.579999999999998,20226541.52103348,0.11938144329896903,0.5907298955766033,Leverage,Bulk Procurement & Cost Negotiation
Product_1905,144215.9345169891,140.19,20217631.859936703,A,2326.063459951437,3133.0388053644906,SUP_0325,11,70.34,1090,2.33,24212.0,49799.0,Category_019,140.19,11,3863,405.08,1659.0,29.659999999999997,20217631.859936703,0.2954639175257731,0.5904696828672852,Leverage,Bulk Procurement & Cost Negotiation
Product_1417,27388.128331915766,737.03,20185872.22447188,A,380.39067127660786,801.561002819055,SUP_0589,2,87.19,311,2.33,2642.0,3403.0,Category_019,737.03,2,5012,350.22,886.0,12.810000000000002,20185872.22447188,0.12175257731958765,0.5895421211226252,Leverage,Bulk Procurement & Cost Negotiation
Product_0062,255360.02805213275,79.03,20181103.01696005,A,1434.606899169285,2636.3154046818618,SUP_0260,14,67.72,707,2.33,22984.0,43069.0,Category_019,79.03,14,1245,315.67,1420.0,32.28,20181103.01696005,0.3224742268041237,0.5894028331750285,Leverage,Bulk Procurement & Cost Negotiation
Product_0379,96210.28676917929,209.36,20142585.637995377,A,3207.009558972643,3930.774790431098,SUP_0311,7,54.24,732,2.33,24232.0,46682.0,Category_030,209.36,7,5291,443.98,1515.0,45.76,20142585.637995377,0.4614432989690721,0.5882779069373905,Leverage,Bulk Procurement & Cost Negotiation
Product_0413,83930.90450402244,239.55,20105648.173938576,A,2797.6968168007484,4330.441511856691,SUP_0411,14,61.8,438,2.33,37754.0,76922.0,Category_019,239.55,14,5762,331.6,1708.0,38.2,20105648.173938576,0.3835051546391753,0.5871991231886983,Leverage,Bulk Procurement & Cost Negotiation
Product_1383,108032.31505583589,185.76,20068082.844772074,A,631.7679243031339,681.0885710775392,SUP_0364,5,99.0,498,2.33,3549.0,6708.0,Category_019,185.76,5,5787,337.78,1924.0,1.0,20068082.844772074,0.0,0.5861020022126405,Leverage,Bulk Procurement & Cost Negotiation
Product_1980,81538.82195001401,245.86,20047134.764630444,A,4291.516944737579,4370.287479942164,SUP_0418,5,84.09,413,2.33,22770.0,44228.0,Category_005,245.86,5,4488,380.1,1388.0,15.909999999999997,20047134.764630444,0.15371134020618554,0.5854901992911313,Leverage,Bulk Procurement & Cost Negotiation
Product_1017,97231.38946040731,206.02,20031610.856633116,A,298.25579589081997,578.2028174520415,SUP_0372,8,72.67,187,2.33,3811.0,6198.0,Category_007,206.02,8,5195,288.85,1871.0,27.33,20031610.856633116,0.2714432989690721,0.5850368130045699,Leverage,Bulk Procurement & Cost Negotiation
Product_0193,57510.77739446485,347.66,19994196.86895965,A,537.4839008828491,901.721015845958,SUP_0457,13,64.33,156,2.33,7576.0,14564.0,Category_007,347.66,13,2425,262.04,1032.0,35.67,19994196.86895965,0.35742268041237113,0.5839441120597015,Leverage,Bulk Procurement & Cost Negotiation
Product_1653,78110.28369231345,255.49,19956396.380549163,A,553.9736432078968,663.4869424120429,SUP_0476,11,99.0,613,2.33,5128.0,11222.0,Category_019,255.49,11,4373,192.0,1887.0,1.0,19956396.380549163,0.0,0.5828401230980568,Leverage,Bulk Procurement & Cost Negotiation
Product_1577,107233.54623578518,185.76,19919703.548759453,A,10723.354623578518,8702.04665600153,SUP_0345,3,91.99,666,2.33,35119.0,67290.0,Category_019,185.76,3,2671,434.66,1149.0,8.010000000000005,19919703.548759453,0.07226804123711345,0.5817684840010314,Leverage,Bulk Procurement & Cost Negotiation
Product_1507,66994.60231241191,296.78,19882658.074277606,A,1810.664927362484,1458.0370360992913,SUP_0367,9,97.55,812,2.33,10192.0,26488.0,Category_019,296.78,9,4276,393.63,1207.0,2.450000000000003,19882658.074277606,0.014948453608247451,0.5806865457344479,Leverage,Bulk Procurement & Cost Negotiation
Product_1002,46685.7156122233,425.08,19845163.99244388,A,2029.8137222705782,2796.0796617882843,SUP_0487,3,55.97,143,2.33,11285.0,17375.0,Category_028,425.08,3,4333,326.52,1114.0,44.03,19845163.99244388,0.4436082474226804,0.5795915055851794,Leverage,Bulk Procurement & Cost Negotiation
Product_1988,162420.3340330807,121.95,19807159.73533419,A,3691.3712280245613,6136.457798477225,SUP_0314,12,77.93,1217,2.33,49530.0,93827.0,Category_005,121.95,12,974,302.78,1023.0,22.069999999999993,19807159.73533419,0.21721649484536076,0.578481565420148,Leverage,Bulk Procurement & Cost Negotiation
Product_1442,39897.3082711848,496.38,19804225.87965071,A,738.8390420589777,1271.8528943332306,SUP_0550,8,99.0,387,2.33,8382.0,14293.0,Category_019,496.38,8,1423,319.79,596.0,1.0,19804225.87965071,0.0,0.5783958801704111,Leverage,Bulk Procurement & Cost Negotiation
Product_0381,45163.05743546082,437.76,19770580.022947326,A,5018.11749282898,3742.0521364510237,SUP_0525,6,87.77,414,2.33,21358.0,51467.0,Category_030,437.76,6,1452,293.32,669.0,12.230000000000004,19770580.022947326,0.11577319587628869,0.5774132300521838,Leverage,Bulk Procurement & Cost Negotiation
Product_1475,44786.121767820565,440.62,19733660.9733371,A,533.1681162835781,1007.2710296457458,SUP_0524,7,74.49,343,2.33,6210.0,9943.0,Category_019,440.62,7,3463,234.19,1151.0,25.510000000000005,19733660.9733371,0.25268041237113403,0.5763349841099223,Leverage,Bulk Procurement & Cost Negotiation
Product_1447,63947.89884793463,308.01,19696592.324152343,A,1937.8151166040798,1413.0180667606937,SUP_0466,9,59.05,362,2.33,9877.0,27318.0,Category_019,308.01,9,1875,375.46,800.0,40.95,19696592.324152343,0.41185567010309276,0.5752523690103857,Leverage,Bulk Procurement & Cost Negotiation
Product_0122,45367.4128026086,433.33,19659060.989754383,A,333.5839176662397,753.6093058687193,SUP_0577,12,68.61,198,2.33,6083.0,10087.0,Category_021,433.33,12,3132,262.92,1040.0,31.39,19659060.989754383,0.3132989690721649,0.5741562408746536,Leverage,Bulk Procurement & Cost Negotiation
Product_1813,158306.95430199342,123.95,19622146.985732086,A,5863.22052970346,6503.198661405448,SUP_0349,3,53.77,593,2.33,26245.0,43835.0,Category_006,123.95,3,5218,353.69,2162.0,46.23,19622146.985732086,0.4662886597938144,0.5730781422922178,Leverage,Bulk Procurement & Cost Negotiation
Product_1492,83440.22862799857,234.72,19585090.463563826,A,493.7291634792815,713.2623762565155,SUP_0397,2,99.0,944,2.33,2351.0,3339.0,Category_019,234.72,2,5332,308.26,1699.0,1.0,19585090.463563826,0.0,0.571995881370442,Leverage,Bulk Procurement & Cost Negotiation
Product_0036,147641.29168351038,132.4,19547707.018896777,A,1240.6831233908435,1424.835629973023,SUP_0315,8,54.55,1417,2.33,9391.0,19317.0,Category_005,132.4,8,3330,395.31,1578.0,45.45,19547707.018896777,0.45824742268041235,0.57090407245484,Leverage,Bulk Procurement & Cost Negotiation
Product_0128,78849.51272423952,247.5,19515254.39924928,A,4149.974353907343,5025.733265224512,SUP_0381,12,63.19,342,2.33,40565.0,90365.0,Category_019,247.5,12,4530,346.92,1435.0,36.81,19515254.39924928,0.36917525773195875,0.569956271636019,Leverage,Bulk Procurement & Cost Negotiation
Product_1303,36651.880931900094,532.31,19510162.738859735,A,502.0805607109602,555.3229808743195,SUP_0521,4,85.56,444,2.33,2588.0,4597.0,Category_019,532.31,4,1062,297.77,512.0,14.439999999999998,19510162.738859735,0.13855670103092782,0.5698075662329178,Leverage,Bulk Procurement & Cost Negotiation
Product_0934,74285.44488380651,262.14,19473186.521841038,A,2396.304673671178,1443.9558689110756,SUP_0429,9,43.63,496,2.33,10094.0,31661.0,Category_006,262.14,9,1854,434.12,797.0,56.37,19473186.521841038,0.5708247422680413,0.5687276506776283,Strategic,Long-Term Supplier Partnership
Product_0078,45510.621298765545,427.46,19453970.18037032,A,989.3613325818596,1656.21643217343,SUP_0520,13,62.74,214,2.33,13914.0,26776.0,Category_019,427.46,13,4302,404.56,984.0,37.26,19453970.18037032,0.3738144329896907,0.5681664243612777,Leverage,Bulk Procurement & Cost Negotiation
Product_1474,23017.434690054193,844.47,19437533.072710063,A,1353.966746473776,1888.3919157085911,SUP_0601,13,83.75,280,2.33,15865.0,33467.0,Category_019,844.47,13,2124,343.88,534.0,16.25,19437533.072710063,0.15721649484536082,0.5676863674577469,Leverage,Bulk Procurement & Cost Negotiation
Product_1423,178375.06381455052,108.96,19435746.953233425,A,598.5740396461426,1170.9277214842466,SUP_0286,5,75.97,427,2.33,6101.0,9094.0,Category_019,108.96,5,1946,384.95,1343.0,24.03,19435746.953233425,0.23742268041237116,0.5676342026241877,Leverage,Bulk Procurement & Cost Negotiation
Product_2019,56474.52831422812,343.78,19414813.343865342,A,466.731638960563,593.9877387428061,SUP_0395,4,99.0,609,2.33,2768.0,4635.0,Category_005,343.78,4,4332,358.82,1168.0,1.0,19414813.343865342,0.0,0.5670228223314576,Leverage,Bulk Procurement & Cost Negotiation
Product_0085,241708.02644660423,80.26,19399486.202604458,A,4932.816866257229,6638.8093837841425,SUP_0236,13,65.6,3607,2.33,55773.0,119900.0,Category_019,80.26,13,867,417.07,1003.0,34.400000000000006,19399486.202604458,0.34432989690721655,0.5665751827512003,Leverage,Bulk Procurement & Cost Negotiation
Product_1487,28245.24585633889,686.19,19381605.254161183,A,3138.360650704321,2062.253540704031,SUP_0621,8,61.61,141,2.33,13591.0,38698.0,Category_019,686.19,8,4024,341.08,817.0,38.39,19381605.254161183,0.3854639175257732,0.5660529574960462,Leverage,Bulk Procurement & Cost Negotiation
Product_0035,98251.71281063945,197.06,19361482.52646461,A,496.2207717709063,967.6556932435366,SUP_0409,2,72.06,994,2.33,3189.0,4182.0,Category_005,197.06,2,3677,347.11,1443.0,27.939999999999998,19361482.52646461,0.27773195876288653,0.565465259553788,Leverage,Bulk Procurement & Cost Negotiation
Product_1464,388373.26666430535,49.76,19325453.749215834,A,1106.476543203149,2641.471612364589,SUP_0191,2,81.25,824,2.33,8704.0,10917.0,Category_019,49.76,2,5867,357.92,3569.0,18.75,19325453.749215834,0.1829896907216495,0.5644130146210697,Leverage,Bulk Procurement & Cost Negotiation
Product_1257,31362.588040726947,614.97,19287050.767405853,A,282.54583820474727,334.83501651797445,SUP_0658,7,87.62,288,2.33,2065.0,4043.0,Category_019,614.97,7,2255,147.29,980.0,12.379999999999995,19287050.767405853,0.11731958762886592,0.5632914294301042,Leverage,Bulk Procurement & Cost Negotiation
Product_0214,113165.06133691962,170.1,19249376.933410026,A,544.0627948890367,1494.2269035240465,SUP_0421,6,73.21,686,2.33,8529.0,11794.0,Category_007,170.1,6,974,200.3,1050.0,26.790000000000006,19249376.933410026,0.26587628865979385,0.5621911394967422,Leverage,Bulk Procurement & Cost Negotiation
Product_0552,70557.18133179352,272.67,19238826.63374014,A,1959.921703660931,3406.672360940538,SUP_0400,3,49.99,1878,2.33,13749.0,19629.0,Category_030,272.67,3,4734,287.02,1526.0,50.01,19238826.63374014,0.5052577319587629,0.5618830108225537,Strategic,Long-Term Supplier Partnership
Product_1810,59292.03665529403,324.03,19212398.637414925,A,3120.63350817337,2347.3801893182376,SUP_0436,8,81.37,622,2.33,15470.0,40436.0,Category_006,324.03,8,4204,379.76,1146.0,18.629999999999995,19212398.637414925,0.18175257731958758,0.5611111632235334,Leverage,Bulk Procurement & Cost Negotiation
Product_0191,161327.89738628478,118.86,19175433.88333381,A,783.14513294313,1346.7907783735816,SUP_0308,7,77.34,653,2.33,8303.0,13786.0,Category_007,118.86,7,5679,276.4,2575.0,22.659999999999997,19175433.88333381,0.22329896907216493,0.5600315824511287,Leverage,Bulk Procurement & Cost Negotiation
Product_1222,672697.2309726138,28.45,19138236.22117086,A,1245.7356129122477,3740.0071924784547,SUP_0134,8,66.48,917,2.33,24648.0,34614.0,Category_019,28.45,8,1103,299.52,2226.0,33.519999999999996,19138236.22117086,0.3352577319587628,0.5589451994398581,Leverage,Bulk Procurement & Cost Negotiation
Product_1969,464070.6763822576,41.16,19101149.03989372,A,897.622198031446,1759.7611180279544,SUP_0180,13,82.84,3816,2.33,14784.0,26454.0,Category_005,41.16,13,1535,389.97,1912.0,17.159999999999997,19101149.03989372,0.16659793814432985,0.5578620430979647,Leverage,Bulk Procurement & Cost Negotiation
Product_1446,44584.46022826889,427.59,19063869.34900549,A,928.8429214222684,380.6804786815363,SUP_0527,11,75.41,338,2.33,2942.0,13160.0,Category_019,427.59,11,2944,250.47,1024.0,24.590000000000003,19063869.34900549,0.24319587628865982,0.5567732643820072,Leverage,Bulk Procurement & Cost Negotiation
Product_1992,80869.66784783517,235.27,19026206.75456018,A,467.45472744413394,677.1859736612483,SUP_0504,14,68.21,821,2.33,5904.0,12449.0,Category_005,235.27,14,3266,179.43,1716.0,31.790000000000006,19026206.75456018,0.31742268041237115,0.5556733027073588,Leverage,Bulk Procurement & Cost Negotiation
Product_1987,45867.44297612129,414.0,18989121.392114215,A,804.6919820372156,1086.7465680374403,SUP_0506,12,68.49,390,2.33,8772.0,18429.0,Category_005,414.0,12,4938,328.55,1175.0,31.510000000000005,18989121.392114215,0.3145360824742268,0.5545901994856665,Leverage,Bulk Procurement & Cost Negotiation
Product_0390,59237.58996192964,319.93,18951882.15652015,A,3484.5641154076256,3588.739406959432,SUP_0484,13,85.3,629,2.33,30149.0,75449.0,Category_030,319.93,13,2870,340.24,1000.0,14.700000000000003,18951882.15652015,0.14123711340206188,0.5535026022940774,Leverage,Bulk Procurement & Cost Negotiation
Product_1351,78676.3091137342,240.41,18914571.474032838,A,2537.9454552817483,2887.2215681689804,SUP_0426,4,86.03,758,2.33,13455.0,23607.0,Category_019,240.41,4,4105,348.67,1362.0,13.969999999999999,18914571.474032838,0.13371134020618555,0.5524129184473999,Leverage,Bulk Procurement & Cost Negotiation
Product_1173,58478.507169989345,323.44,18914288.359061353,A,5316.227924544486,3536.3481387123225,SUP_0434,5,96.07,258,2.33,18425.0,45007.0,Category_006,323.44,5,1898,424.01,724.0,3.930000000000007,18914288.359061353,0.03020618556701038,0.5524046498821898,Leverage,Bulk Procurement & Cost Negotiation
Product_1999,98216.6793717661,192.2,18877245.775253445,A,1964.3335874353222,2088.8339428804056,SUP_0386,13,89.96,616,2.33,17549.0,43086.0,Category_005,192.2,13,4887,321.93,1727.0,10.040000000000006,18877245.775253445,0.09319587628865986,0.5513227960397038,Leverage,Bulk Procurement & Cost Negotiation
Product_1414,69227.94591686895,272.56,18868768.9391018,A,1098.8562843947452,1992.7122162274434,SUP_0450,2,57.63,176,2.33,6567.0,8765.0,Category_019,272.56,2,1223,426.89,630.0,42.37,18868768.9391018,0.4264948453608247,0.5510752242771524,Leverage,Bulk Procurement & Cost Negotiation
Product_0037,69323.86048772048,271.77,18840145.56474779,A,825.2840534252438,932.2696407392548,SUP_0442,12,55.81,1062,2.33,7525.0,17429.0,Category_005,271.77,12,4439,400.37,1240.0,44.19,18840145.56474779,0.44525773195876284,0.5502392591703342,Leverage,Bulk Procurement & Cost Negotiation
Product_1580,143718.53033770787,130.83,18802695.324082322,A,1260.6888626114726,4076.663394756315,SUP_0312,6,59.21,327,2.33,23267.0,30832.0,Category_005,130.83,6,1765,305.64,1289.0,40.79,18802695.324082322,0.4102061855670103,0.5491454994321889,Leverage,Bulk Procurement & Cost Negotiation
Product_1966,72561.840773958,258.65,18768120.116184235,A,321.0700919201681,470.99575211664876,SUP_0424,9,91.31,727,2.33,3293.0,6183.0,Category_005,258.65,9,4059,378.2,1249.0,8.689999999999998,18768120.116184235,0.07927835051546389,0.5481357069805265,Leverage,Bulk Procurement & Cost Negotiation
Product_0928,93958.12513358393,199.73,18766256.332930718,A,2185.072677525208,2589.744641223651,SUP_0392,10,88.83,412,2.33,19082.0,40933.0,Category_006,199.73,10,1878,233.97,1229.0,11.170000000000002,18766256.332930718,0.10484536082474227,0.548081273923566,Leverage,Bulk Procurement & Cost Negotiation
Product_1729,58483.83703050669,320.86,18765123.949608378,A,301.46307747683863,463.0388139989128,SUP_0545,6,91.4,782,2.33,2643.0,4452.0,Category_005,320.86,6,3009,143.34,1567.0,8.599999999999994,18765123.949608378,0.07835051546391746,0.5480482018988175,Leverage,Bulk Procurement & Cost Negotiation
Product_1445,21558.97680639711,869.89,18753938.334116783,A,1026.617943161767,1596.6394807241638,SUP_0615,5,75.55,347,2.33,8319.0,13453.0,Category_019,869.89,5,4137,241.0,861.0,24.450000000000003,18753938.334116783,0.24175257731958769,0.5477215183941542,Leverage,Bulk Procurement & Cost Negotiation
Product_1626,35132.55865954935,533.09,18728815.695819166,A,428.44583731157746,626.9678308999664,SUP_0544,5,76.07,473,2.33,3267.0,5410.0,Category_019,533.09,5,2593,377.78,695.0,23.930000000000007,18728815.695819166,0.23639175257731967,0.5469877946637415,Leverage,Bulk Procurement & Cost Negotiation
Product_0973,102922.90947877395,181.73,18704180.33957759,A,423.5510678138846,1008.6131503095353,SUP_0374,11,22.26,610,2.33,7795.0,12455.0,Category_028,181.73,11,3037,311.61,1417.0,77.74,18704180.33957759,0.7911340206185566,0.5462683023370407,Strategic,Long-Term Supplier Partnership
Product_1634,31457.642074422285,594.18,18691501.767780233,A,1014.7626475620092,1277.5014829295353,SUP_0568,9,38.93,436,2.33,8930.0,18063.0,Category_019,594.18,9,3046,381.59,709.0,61.07,18691501.767780233,0.619278350515464,0.5458980160285225,Strategic,Long-Term Supplier Partnership
Product_2013,11666.685682019806,1599.38,18659463.746108837,A,176.76796487908797,162.7861547988148,SUP_0850,3,44.47,560,2.33,657.0,1188.0,Category_005,1599.38,3,1077,117.02,464.0,55.53,18659463.746108837,0.5621649484536083,0.5449623238254465,Strategic,Long-Term Supplier Partnership
Product_1008,106775.62262246835,174.71,18654769.028371446,A,2885.8276384450905,2326.8284650798005,SUP_0359,12,42.84,770,2.33,18781.0,53411.0,Category_006,174.71,12,1898,309.4,1145.0,57.16,18654769.028371446,0.5789690721649484,0.544825211402352,Strategic,Long-Term Supplier Partnership
Product_0017,59423.19931661055,313.93,18654724.961463552,A,385.86493062734127,535.4236846851034,SUP_0470,7,99.0,932,2.33,3301.0,6003.0,Category_005,313.93,7,1703,257.28,887.0,1.0,18654724.961463552,0.0,0.5448239243983493,Leverage,Bulk Procurement & Cost Negotiation
Product_0976,56955.65192346505,326.87,18617093.94422302,A,482.67501630055125,1177.8541832001747,SUP_0454,12,31.03,765,2.33,9507.0,15300.0,Category_028,326.87,12,2346,237.22,1062.0,68.97,18617093.94422302,0.7007216494845361,0.5437248849574333,Strategic,Long-Term Supplier Partnership
Product_1740,109481.30804718038,169.71,18580072.788686983,A,2105.4097701380842,2181.5707967301773,SUP_0378,10,47.58,360,2.33,16075.0,37130.0,Category_030,169.71,10,4550,393.04,1593.0,52.42,18580072.788686983,0.5301030927835052,0.5426436569421947,Strategic,Long-Term Supplier Partnership
Product_2031,22216.30090600917,836.13,18575715.676541448,A,716.6548679357797,861.9492263544497,SUP_0635,10,70.67,162,2.33,6351.0,13518.0,Category_005,836.13,10,1651,393.75,432.0,29.33,18575715.676541448,0.29206185567010307,0.5425164045199221,Leverage,Bulk Procurement & Cost Negotiation
Product_1582,121019.13075457663,153.22,18542551.214216232,A,2689.3140167683696,3333.461211562038,SUP_0362,8,68.6,790,2.33,21969.0,43484.0,Category_005,153.22,8,1792,304.1,1195.0,31.400000000000006,18542551.214216232,0.31340206185567016,0.5415478138517718,Leverage,Bulk Procurement & Cost Negotiation
Product_1422,125520.17957691813,147.49,18512971.285799656,A,643.6932285995802,1194.1539145178378,SUP_0352,5,49.19,782,2.33,6222.0,9441.0,Category_019,147.49,5,2587,235.6,1661.0,50.81,18512971.285799656,0.5135051546391753,0.5406839119332695,Strategic,Long-Term Supplier Partnership
Product_1542,60135.30278024116,307.73,18505436.724563614,A,2614.578381749616,2517.617054010815,SUP_0475,7,99.0,321,2.33,15521.0,33824.0,Category_019,307.73,7,2599,428.92,854.0,1.0,18505436.724563614,0.0,0.5404638599502078,Leverage,Bulk Procurement & Cost Negotiation
Product_1443,43274.09237090616,426.78,18468517.14205533,A,865.4818474181233,1708.486261078165,SUP_0526,9,71.96,204,2.33,11943.0,19733.0,Category_019,426.78,9,3824,265.45,1117.0,28.040000000000006,18468517.14205533,0.2787628865979382,0.5393855984442963,Leverage,Bulk Procurement & Cost Negotiation
Product_2008,73008.75737994113,252.46,18431790.88813994,A,1089.6829459692706,681.0419703740401,SUP_0447,3,36.25,464,2.33,2749.0,6019.0,Category_005,252.46,3,3077,365.15,1110.0,63.75,18431790.88813994,0.6469072164948454,0.5383129832313694,Strategic,Long-Term Supplier Partnership
Product_1005,109622.23346049238,168.13,18430786.111712582,A,2383.0920317498344,2319.6515884461965,SUP_0360,9,60.14,784,2.33,16215.0,37663.0,Category_006,168.13,9,2100,429.97,1035.0,39.86,18430786.111712582,0.4006185567010309,0.538283638052739,Leverage,Bulk Procurement & Cost Negotiation
Product_0392,52282.859241056816,351.82,18394155.53818861,A,2751.7294337398325,2695.920529584505,SUP_0482,14,69.19,566,2.33,23504.0,62029.0,Category_030,351.82,14,2735,436.19,810.0,30.810000000000002,18394155.53818861,0.30731958762886596,0.5372138172506892,Leverage,Bulk Procurement & Cost Negotiation
Product_1643,272254.42753981956,67.43,18358116.049010035,A,4003.741581467935,8437.807891196924,SUP_0238,7,68.26,3636,2.33,52016.0,80043.0,Category_019,67.43,7,4527,403.16,2473.0,31.739999999999995,18358116.049010035,0.31690721649484527,0.5361612594687789,Leverage,Bulk Procurement & Cost Negotiation
Product_1191,67473.37304851697,271.62,18327117.587438177,A,924.2927814865337,655.4649780659234,SUP_0449,14,86.01,321,2.33,5715.0,18656.0,Category_019,271.62,14,3815,381.76,1162.0,13.989999999999995,18327117.587438177,0.13391752577319582,0.535255928325126,Leverage,Bulk Procurement & Cost Negotiation
Product_1733,83444.76017057913,219.54,18319462.64784894,A,1896.4718220586167,1869.960435705776,SUP_0435,2,99.0,330,2.33,6162.0,9955.0,Category_030,219.54,2,4172,358.78,1394.0,1.0,18319462.64784894,0.0,0.5350323606104235,Leverage,Bulk Procurement & Cost Negotiation
Product_1007,28524.43404329579,638.84,18222549.444219083,A,475.40723405492986,648.1134742781543,SUP_0535,5,53.41,501,2.33,3377.0,5755.0,Category_006,638.84,5,2566,325.96,671.0,46.59,18222549.444219083,0.47000000000000003,0.5322019446146524,Leverage,Bulk Procurement & Cost Negotiation
Product_0606,25008.280937569278,725.24,18137005.667162742,A,94.72833688473212,143.58796845458554,SUP_0822,8,68.13,395,2.33,947.0,1705.0,Category_001,725.24,8,4926,63.57,1969.0,31.870000000000005,18137005.667162742,0.3182474226804124,0.5297035804511512,Leverage,Bulk Procurement & Cost Negotiation
Product_1831,34754.83680164339,518.38,18016212.3012359,A,1022.2010824012762,1181.7191456321505,SUP_0471,10,52.16,338,2.33,8708.0,18931.0,Category_006,518.38,10,1417,227.28,659.0,47.84,18016212.3012359,0.4828865979381443,0.5261757280812288,Leverage,Bulk Procurement & Cost Negotiation
Product_1353,117228.41730679908,148.91,17456483.621155452,A,2859.2296904097334,2304.408103536014,SUP_0340,12,99.0,288,2.33,18600.0,52911.0,Category_019,148.91,12,3991,359.98,1613.0,1.0,17456483.621155452,0.0,0.5098284714634174,Leverage,Bulk Procurement & Cost Negotiation
Product_0054,81115.45152138779,214.51,17400075.505852893,A,2616.627468431864,2990.681853112807,SUP_0439,12,67.83,595,2.33,24139.0,55539.0,Category_019,214.51,12,5026,273.69,1727.0,32.17,17400075.505852893,0.321340206185567,0.5081810341085091,Leverage,Bulk Procurement & Cost Negotiation
Product_0425,86847.39388006998,198.9,17273946.64274592,A,904.6603529173957,940.9324943253445,SUP_0379,3,95.15,794,2.33,3798.0,6512.0,Category_019,198.9,3,4363,318.76,1542.0,4.849999999999994,17273946.64274592,0.03969072164948448,0.5044973549162509,Leverage,Bulk Procurement & Cost Negotiation
Product_2089,14235.451297304358,1210.07,17225892.551329084,A,119.62564115381814,283.50652854368457,SUP_0917,5,99.0,221,2.33,1478.0,2077.0,Category_009,1210.07,5,3672,28.9,1902.0,1.0,17225892.551329084,0.0,0.5030939025081772,Leverage,Bulk Procurement & Cost Negotiation
Product_0376,59604.16667188055,288.78,17212491.25150566,A,5418.5606065345955,3943.027942463369,SUP_0427,5,55.84,1476,2.33,20544.0,47637.0,Category_030,288.78,5,2600,417.86,862.0,44.16,17212491.25150566,0.44494845360824736,0.5027025084363311,Leverage,Bulk Procurement & Cost Negotiation
Product_1738,56707.30114073455,303.23,17195354.92490494,A,2025.260755026234,1491.6931895961682,SUP_0491,3,99.0,385,2.33,6020.0,12096.0,Category_030,303.23,3,1256,329.79,658.0,1.0,17195354.92490494,0.0,0.5022020303682994,Leverage,Bulk Procurement & Cost Negotiation
Product_2138,61245.6947872744,280.17,17159206.30855067,A,231.11582938594114,538.3143088335744,SUP_0552,12,54.55,488,2.33,4345.0,7119.0,Category_009,280.17,12,4330,191.64,1664.0,45.45,17159206.30855067,0.45824742268041235,0.501146285453036,Leverage,Bulk Procurement & Cost Negotiation
Product_1515,176283.77129386718,97.04,17106577.166356873,A,3264.5142832197625,3170.832047750619,SUP_0300,5,90.75,416,2.33,16521.0,32844.0,Category_019,97.04,5,5063,239.24,2732.0,9.25,17106577.166356873,0.08505154639175257,0.49960921557679944,Non-Critical,Automated Replenishment
Product_0014,81993.53751436995,207.31,16998080.262104034,A,2216.041554442431,1589.5330375815886,SUP_0417,4,91.92,932,2.33,7408.0,16273.0,Category_005,207.31,4,5038,229.68,1897.0,8.079999999999998,16998080.262104034,0.07298969072164946,0.49644048972947574,Non-Critical,Automated Replenishment
Product_0025,126281.63840679356,134.43,16976040.651025258,A,464.270729436741,749.3912801957296,SUP_0342,9,68.72,775,2.33,5239.0,9418.0,Category_005,134.43,9,5293,440.14,1743.0,31.28,16976040.651025258,0.31216494845360826,0.4957968079049001,Non-Critical,Automated Replenishment
Product_1902,22836.15030352846,743.1,16969543.290551998,A,2854.5187879410573,350.00580781644675,SUP_0655,5,92.93,147,2.33,1824.0,16097.0,Category_019,743.1,5,5507,353.86,844.0,7.069999999999993,16969543.290551998,0.06257731958762879,0.4956070480752277,Non-Critical,Automated Replenishment
Product_1547,41085.85584029561,412.81,16960652.149432432,A,2567.8659900184757,3225.586877656268,SUP_0515,7,63.82,252,2.33,19885.0,37861.0,Category_019,412.81,7,2437,426.53,686.0,36.18,16960652.149432432,0.36268041237113396,0.4953473762544344,Non-Critical,Automated Replenishment
Product_1211,54093.496139414616,311.62,16856615.266964383,A,2847.0261126007695,2640.0942171345814,SUP_0448,10,77.17,647,2.33,19453.0,47924.0,Category_019,311.62,10,2030,270.27,902.0,22.83,16856615.266964383,0.22505154639175257,0.492308908375358,Non-Critical,Automated Replenishment
Product_0557,91104.85283782776,184.21,16782424.94125625,A,5359.108990460456,9731.151695185277,SUP_0415,11,62.67,580,2.33,75200.0,134151.0,Category_030,184.21,11,993,356.69,713.0,37.33,16782424.94125625,0.37453608247422676,0.4901421294768111,Non-Critical,Automated Replenishment
Product_2003,15883.798819911903,1042.4,16557271.889876168,A,387.40972731492445,515.1609666448059,SUP_0711,13,56.12,388,2.33,4328.0,9365.0,Category_019,1042.4,13,5925,344.56,740.0,43.88,16557271.889876168,0.4420618556701031,0.4835663815471811,Non-Critical,Automated Replenishment
Product_1307,36301.17215886028,456.01,16553697.516161876,A,259.294086849002,337.54813433560025,SUP_0592,8,97.26,308,2.33,2225.0,4300.0,Category_019,456.01,8,4899,215.46,1285.0,2.739999999999995,16553697.516161876,0.017938144329896856,0.4834619895329161,Non-Critical,Automated Replenishment
Product_1457,34744.0323936916,474.64,16490907.535341782,A,510.9416528484059,641.7439947978962,SUP_0571,2,86.09,672,2.33,2115.0,3137.0,Category_019,474.64,2,3519,276.2,941.0,13.909999999999997,16490907.535341782,0.1330927835051546,0.48162816545703346,Non-Critical,Automated Replenishment
Product_1743,18294.625273472302,888.76,16259531.158051243,A,1407.2788671901772,1488.8809368002696,SUP_0583,13,90.61,406,2.33,12508.0,30803.0,Category_030,888.76,13,1952,351.34,451.0,9.39,16259531.158051243,0.08649484536082475,0.4748706610634327,Non-Critical,Automated Replenishment
Product_2017,37454.34716958805,433.96,16253688.49771443,B,1248.4782389862683,708.8691334140227,SUP_0547,5,98.48,121,1.65,2616.0,8859.0,Category_005,433.96,5,991,258.46,536.0,1.519999999999996,16253688.49771443,0.005360824742267999,0.474700022196325,Non-Critical,Automated Replenishment
Product_0940,70746.64961558668,229.38,16227866.488823272,B,321.57568007084853,470.0208456365865,SUP_0446,6,67.21,888,1.65,1900.0,3830.0,Category_005,229.38,6,3914,399.08,1179.0,32.790000000000006,16227866.488823272,0.32773195876288663,0.4739458728722802,Non-Critical,Automated Replenishment
Product_0004,20505.14588089331,790.94,16218340.083033755,B,310.6840284983835,418.9198515263423,SUP_0616,3,57.16,509,1.65,1198.0,2131.0,Category_005,790.94,3,4638,365.65,722.0,42.84,16218340.083033755,0.431340206185567,0.47366764771493386,Non-Critical,Automated Replenishment
Product_1641,38547.82628328103,420.36,16203964.256440014,B,2409.2391427050643,1625.2279188245543,SUP_0530,10,63.34,739,1.65,8481.0,32574.0,Category_019,420.36,10,5953,280.84,1279.0,36.66,16203964.256440014,0.3676288659793814,0.47324779192625555,Non-Critical,Automated Replenishment
Product_1488,20129.41848405185,804.21,16188279.639059339,B,1677.4515403376543,1415.5465779568062,SUP_0620,5,99.0,345,1.65,5223.0,13611.0,Category_019,804.21,5,4661,428.35,662.0,1.0,16188279.639059339,0.0,0.4727897120128996,Non-Critical,Automated Replenishment
Product_1621,35828.66223387878,448.0,16051240.680777693,B,568.7089243472822,770.5850349243132,SUP_0523,14,54.72,507,1.65,4758.0,12720.0,Category_019,448.0,14,1473,411.83,507.0,45.28,16051240.680777693,0.45649484536082474,0.4687873960741386,Non-Critical,Automated Replenishment
Product_0550,17441.671366084116,919.64,16040058.655105596,B,1162.7780910722745,749.9652315717007,SUP_0675,6,84.27,408,1.65,3032.0,10009.0,Category_030,919.64,6,4331,321.89,686.0,15.730000000000004,16040058.655105596,0.15185567010309284,0.46846081741259415,Non-Critical,Automated Replenishment
Product_1557,7263.33653636623,2200.0,15979340.380005706,B,605.2780446971858,1123.8058798071027,SUP_0762,7,73.16,295,1.65,4906.0,9143.0,Category_019,2200.0,7,4190,426.81,378.0,26.840000000000003,15979340.380005706,0.2663917525773196,0.4666874989106619,Non-Critical,Automated Replenishment
Product_2011,75618.36345898584,211.14,15966061.26073027,B,869.1765914825959,1779.275663278017,SUP_0422,2,69.69,310,1.65,4152.0,5891.0,Category_005,211.14,2,4531,219.62,1767.0,30.310000000000002,15966061.26073027,0.30216494845360825,0.46629967320478083,Non-Critical,Automated Replenishment
Product_1155,137770.63501163264,115.32,15887709.629541475,B,9840.759643688045,12487.845590541563,SUP_0355,8,42.98,372,1.65,58280.0,137007.0,Category_006,115.32,8,5515,387.77,1980.0,57.02,15887709.629541475,0.5775257731958764,0.4640113605507227,Bottleneck,Maintain Higher Safety Stock
Product_1444,22600.032535283444,695.95,15728492.642930513,B,904.0013014113377,2017.0826072565785,SUP_0633,8,79.27,357,1.65,9414.0,16647.0,Category_019,695.95,8,5995,319.67,921.0,20.730000000000004,15728492.642930513,0.20340206185567014,0.4593613202174849,Non-Critical,Automated Replenishment
Product_1401,368374.34632044286,42.42,15626439.770913187,B,757.9719060091417,1453.1142677099658,SUP_0279,13,99.0,1402,1.65,8645.0,18499.0,Category_019,42.42,13,5200,204.11,4333.0,1.0,15626439.770913187,0.0,0.45638079671239645,Non-Critical,Automated Replenishment
Product_0123,66605.96623048707,232.68,15497876.222509732,B,228.88648189170814,594.3084419138629,SUP_0680,14,63.65,420,1.65,3670.0,6875.0,Category_021,232.68,14,5761,92.23,2885.0,36.35,15497876.222509732,0.36443298969072163,0.45262601088090104,Non-Critical,Automated Replenishment
Product_2050,32740.912342504213,472.91,15483504.855893668,B,1023.1535107032566,824.2827100051738,SUP_0553,7,78.08,745,1.65,3599.0,10762.0,Category_011,472.91,7,2117,322.59,656.0,21.92,15483504.855893668,0.21567010309278353,0.4522062853489027,Non-Critical,Automated Replenishment
Product_0138,17695.16705848517,872.38,15436909.838481294,B,127.30336013298684,375.8025838856145,SUP_0794,4,47.88,132,1.65,1241.0,1751.0,Category_007,872.38,4,1486,71.62,857.0,52.12,15436909.838481294,0.5270103092783505,0.45084544618904054,Bottleneck,Maintain Higher Safety Stock
Product_2082,31795.2348541469,483.87,15384760.28887606,B,219.27748175273723,536.6743149660768,SUP_0701,7,15.69,448,1.65,2343.0,3878.0,Category_009,483.87,7,5728,94.94,1959.0,84.31,15384760.28887606,0.8588659793814434,0.44932238314039075,Bottleneck,Maintain Higher Safety Stock
Product_0416,12979.643653875723,1175.39,15256143.354328986,B,499.2170636106047,826.334043996265,SUP_0693,7,71.68,248,1.65,3608.0,7103.0,Category_019,1175.39,7,1521,448.83,297.0,28.319999999999993,15256143.354328986,0.2816494845360824,0.44556603813027784,Non-Critical,Automated Replenishment
Product_0097,43703.10764063874,348.91,15248451.286895262,B,950.06755740519,1063.0185651195384,SUP_0508,4,71.73,714,1.65,3508.0,7309.0,Category_019,348.91,4,4416,247.9,1248.0,28.269999999999996,15248451.286895262,0.28113402061855663,0.4453413860716366,Non-Critical,Automated Replenishment
Product_0023,63141.35992598039,241.47,15246744.181326484,B,460.88583887576925,677.2328061782671,SUP_0469,6,47.09,1481,1.65,2738.0,5504.0,Category_005,241.47,6,4580,231.86,1580.0,52.91,15246744.181326484,0.5351546391752577,0.44529152889297197,Bottleneck,Maintain Higher Safety Stock
Product_0479,57517.569478082994,264.24,15198442.558888651,B,1106.10710534775,1910.0287054535734,SUP_0459,8,99.0,190,1.65,8914.0,17763.0,Category_005,264.24,8,1496,244.45,840.0,1.0,15198442.558888651,0.0,0.44388084717315296,Non-Critical,Automated Replenishment
Product_1106,61160.66577509663,247.85,15158671.0123577,B,582.4825311913966,1802.8389213064675,SUP_0438,10,75.86,547,1.65,9407.0,15232.0,Category_006,247.85,10,2052,279.32,948.0,24.14,15158671.0123577,0.23855670103092785,0.44271929211913064,Non-Critical,Automated Replenishment
Product_1746,29275.60312462356,516.75,15128167.914649226,B,2439.63359371863,5150.795371459092,SUP_0607,9,47.24,544,1.65,25497.0,47454.0,Category_030,516.75,9,2963,408.89,652.0,52.76,15128167.914649226,0.5336082474226804,0.4418284284138673,Bottleneck,Maintain Higher Safety Stock
Product_0032,100764.8034541137,149.99,15113712.870082514,B,1199.5809935013535,2607.5306146318057,SUP_0371,14,86.56,1980,1.65,16099.0,32894.0,Category_005,149.99,14,3959,340.16,1532.0,13.439999999999998,15113712.870082514,0.12824742268041237,0.4414062590104343,Non-Critical,Automated Replenishment
Product_0022,30501.964690382483,492.87,15033503.336948814,B,363.11862726645813,437.25471744308174,SUP_0654,6,71.79,434,1.65,1768.0,3947.0,Category_005,492.87,6,5684,132.8,1616.0,28.209999999999994,15033503.336948814,0.2805154639175257,0.4390636850670319,Non-Critical,Automated Replenishment
Product_1003,29400.0,510.8,15017520.0,B,816.6666666666666,1237.162652431534,SUP_0602,3,85.24,122,1.65,3536.0,5986.0,Category_006,510.8,3,2838,280.15,772.0,14.760000000000005,15017520.0,0.14185567010309283,0.43859688084561227,Non-Critical,Automated Replenishment
Product_1505,126548.91501076729,117.77,14903665.720818063,B,2582.6309185870878,4242.831284413395,SUP_0338,13,68.43,714,1.65,25242.0,58817.0,Category_019,117.77,13,2746,345.24,1419.0,31.569999999999993,14903665.720818063,0.31515463917525766,0.4352716892214211,Non-Critical,Automated Replenishment
Product_0961,49537.484064340024,297.08,14716595.765834134,B,325.9045004232896,657.6692000321042,SUP_0656,2,78.68,354,1.65,1535.0,2187.0,Category_005,297.08,2,4222,108.37,1965.0,21.319999999999993,14716595.765834134,0.20948453608247417,0.4298081840117806,Non-Critical,Automated Replenishment
Product_1843,9876.96513051364,1467.09,14490396.773325255,B,897.9059209557854,1044.0537518909061,SUP_0678,8,49.23,202,1.65,4873.0,12057.0,Category_006,1467.09,8,2842,413.69,369.0,50.77,14490396.773325255,0.5130927835051547,0.42320188866043007,Bottleneck,Maintain Higher Safety Stock
Product_0183,29613.52841120231,489.18,14486345.828191947,B,240.76039358701067,730.7929131727092,SUP_0593,7,69.73,215,1.65,3191.0,4877.0,Category_007,489.18,7,3396,303.08,815.0,30.269999999999996,14486345.828191947,0.30175257731958754,0.4230835780538888,Non-Critical,Automated Replenishment
Product_1995,33645.30949870352,430.45,14482623.473716931,B,473.87759857328905,920.9282643603805,SUP_0579,7,97.81,324,1.65,4021.0,7339.0,Category_019,430.45,7,1111,379.58,444.0,2.1899999999999977,14482623.473716931,0.01226804123711338,0.4229748641609062,Non-Critical,Automated Replenishment
Product_1994,21584.127574799906,664.65,14345890.392590757,B,469.2201646695632,997.0916902831387,SUP_0752,8,94.0,1348,1.65,4654.0,8408.0,Category_019,664.65,8,2127,157.91,763.0,6.0,14345890.392590757,0.051546391752577324,0.4189814815724129,Non-Critical,Automated Replenishment
Product_0101,24295.042528953243,588.03,14286213.858300375,B,934.4247126520478,864.6776149329027,SUP_0612,13,40.64,328,1.65,5145.0,17293.0,Category_019,588.03,13,5000,414.06,766.0,59.36,14286213.858300375,0.6016494845360825,0.417238587819021,Bottleneck,Maintain Higher Safety Stock
Product_2028,37896.516024817785,376.33,14261595.875619676,B,390.68573221461634,383.19736720861636,SUP_0729,5,42.77,145,1.65,1414.0,3368.0,Category_005,376.33,5,5272,82.37,2203.0,57.23,14261595.875619676,0.5796907216494845,0.41651960289897655,Bottleneck,Maintain Higher Safety Stock
Product_1227,58361.98742960465,243.05,14184881.044765411,B,1241.7444133958436,1107.2587397939049,SUP_0463,4,97.86,355,1.65,3654.0,8621.0,Category_019,243.05,4,1957,440.99,720.0,2.1400000000000006,14184881.044765411,0.011752577319587636,0.4142790941114218,Non-Critical,Automated Replenishment
Product_1495,76666.65890957604,184.81,14168765.233078748,B,461.84734282877133,879.7427279424817,SUP_0375,6,54.85,339,1.65,3556.0,6328.0,Category_019,184.81,6,1800,263.99,1023.0,45.15,14168765.233078748,0.45515463917525767,0.41380842087522396,Non-Critical,Automated Replenishment
Product_0421,36287.59729739028,390.32,14163774.977117375,B,907.1899324347571,1136.2595143150356,SUP_0561,7,99.0,261,1.65,4961.0,11312.0,Category_019,390.32,7,3695,383.95,836.0,1.0,14163774.977117375,0.0,0.4136626770573846,Non-Critical,Automated Replenishment
Product_1632,36615.08388654285,385.89,14129394.720978022,B,1144.2213714544641,750.5047044105081,SUP_0559,7,93.99,355,1.65,3277.0,11287.0,Category_019,385.89,7,1622,303.92,626.0,6.010000000000005,14129394.720978022,0.05164948453608253,0.41265857830436853,Non-Critical,Automated Replenishment
Product_1533,45436.4339676619,309.98,14084385.801295836,B,2839.7771229788686,3111.787490381523,SUP_0496,7,76.91,409,1.65,13585.0,33464.0,Category_019,309.98,7,2813,247.57,1017.0,23.090000000000003,14084385.801295836,0.22773195876288663,0.4113440622069811,Non-Critical,Automated Replenishment
Product_1650,28574.485349814462,486.42,13899201.16385675,B,952.4828449938154,1082.2742496100093,SUP_0591,13,99.0,170,1.65,6439.0,18822.0,Category_019,486.42,13,1084,421.65,384.0,1.0,13899201.16385675,0.0,0.40593561897791874,Non-Critical,Automated Replenishment
Product_1971,35717.1250644086,388.86,13888961.25254593,B,1275.6116094431643,1138.1929231039194,SUP_0566,13,60.53,521,1.65,6772.0,23355.0,Category_005,388.86,13,1544,387.22,534.0,39.47,13888961.25254593,0.39659793814432986,0.4056365554067658,Non-Critical,Automated Replenishment
Product_1628,36100.60989078403,382.24,13799097.124653287,B,1002.7947191884452,925.9157081464375,SUP_0514,9,73.14,640,1.65,4584.0,13610.0,Category_019,382.24,9,1269,342.82,517.0,26.86,13799097.124653287,0.26659793814432986,0.4030120124600193,Non-Critical,Automated Replenishment
Product_1194,29083.615857151202,472.38,13738518.458601085,B,461.64469614525717,479.6875713318227,SUP_0741,2,99.0,234,1.65,1120.0,2044.0,Category_019,472.38,2,1241,112.46,802.0,1.0,13738518.458601085,0.0,0.4012427713352341,Non-Critical,Automated Replenishment
Product_2021,48077.59373719825,280.92,13505957.632653734,B,751.2124021437227,1797.2101412314914,SUP_0518,14,53.59,801,1.65,11096.0,21613.0,Category_005,280.92,14,1999,337.12,756.0,46.41,13505957.632653734,0.46814432989690713,0.3944506743133964,Non-Critical,Automated Replenishment
Product_0110,13760.11399281267,965.69,13288004.481719268,B,154.6080223911536,191.40501800180365,SUP_0811,5,48.94,412,1.65,707.0,1481.0,Category_032,965.69,5,1673,114.14,636.0,51.06,13288004.481719268,0.5160824742268042,0.3880852043709339,Bottleneck,Maintain Higher Safety Stock
Product_0433,44339.09030411604,298.56,13237878.801196886,B,904.8793939615518,1114.3859091592244,SUP_0539,4,76.28,675,1.65,3678.0,7298.0,Category_006,298.56,4,2196,263.55,860.0,23.72,13237878.801196886,0.23422680412371133,0.38662124979472023,Non-Critical,Automated Replenishment
Product_0949,37836.16377331286,348.85,13199145.732320191,B,1513.4465509325144,1578.79018747632,SUP_0502,3,99.0,282,1.65,4512.0,9053.0,Category_005,348.85,3,1180,357.64,500.0,1.0,13199145.732320191,0.0,0.3854900241865708,Non-Critical,Automated Replenishment
Product_0935,98379.8934586886,134.05,13187824.718137208,B,1561.5856104553745,1427.4412261865207,SUP_0394,10,58.58,1958,1.65,7449.0,23065.0,Category_006,134.05,10,1353,299.52,943.0,41.42,13187824.718137208,0.41670103092783506,0.38515938627107843,Non-Critical,Automated Replenishment
Product_0963,36121.98802010236,362.9,13108669.452495147,B,199.5689945862009,527.4548604128412,SUP_0768,7,49.73,608,1.65,2303.0,3700.0,Category_005,362.9,7,3081,74.62,1728.0,50.27,13108669.452495147,0.5079381443298969,0.38284760292648395,Bottleneck,Maintain Higher Safety Stock
Product_1739,63377.80314438128,205.79,13042518.109082224,B,1667.836924852139,1571.1519563405855,SUP_0462,12,64.48,581,1.65,8981.0,28996.0,Category_030,205.79,12,2486,227.1,1178.0,35.519999999999996,13042518.109082224,0.35587628865979376,0.38091560797094837,Non-Critical,Automated Replenishment
Product_1010,39727.4379293133,323.15,12837921.566857593,B,2090.917785753332,1511.2206611570555,SUP_0551,2,55.69,350,1.65,3527.0,7709.0,Category_005,323.15,2,1468,290.89,634.0,44.31,12837921.566857593,0.44649484536082473,0.3749402268659776,Non-Critical,Automated Replenishment
Product_0962,125552.65158576811,100.23,12584142.268441537,B,4185.08838619227,11505.462508498382,SUP_0327,9,82.72,960,1.65,56953.0,94619.0,Category_005,100.23,9,1717,386.2,1057.0,17.28,12584142.268441537,0.16783505154639178,0.3675284299308998,Non-Critical,Automated Replenishment
Product_1362,141011.547368595,88.98,12547207.484857583,B,8813.221710537187,3444.971717095705,SUP_0348,6,70.86,306,1.65,13924.0,66804.0,Category_033,88.98,6,2284,239.48,1641.0,29.14,12547207.484857583,0.29010309278350516,0.36644972446723934,Non-Critical,Automated Replenishment
Product_0100,47296.90280610384,264.7,12519490.172775686,B,2956.05642538149,3299.1660774625007,SUP_0408,13,73.16,259,1.65,19628.0,58057.0,Category_019,264.7,13,4899,331.66,1183.0,26.840000000000003,12519490.172775686,0.2663917525773196,0.3656402215250395,Non-Critical,Automated Replenishment
Product_1968,20765.036776148245,602.4,12508858.153951703,B,1297.8147985092653,1385.4868935286931,SUP_0610,3,83.44,376,1.65,3960.0,7854.0,Category_005,602.4,3,3022,431.65,540.0,16.560000000000002,12508858.153951703,0.16041237113402065,0.3653297061874011,Non-Critical,Automated Replenishment
Product_1983,9331.045528912744,1328.09,12392468.256493725,B,3110.348509637581,1644.8358130296658,SUP_0781,3,46.73,216,1.65,4701.0,14033.0,Category_005,1328.09,3,4100,353.37,466.0,53.27,12392468.256493725,0.5388659793814433,0.36193046010768826,Bottleneck,Maintain Higher Safety Stock
Product_1541,104120.92228736218,118.73,12362277.103178512,B,520.6046114368108,993.7679566425,SUP_0336,3,80.16,255,1.65,2841.0,4403.0,Category_019,118.73,3,1709,297.57,1094.0,19.840000000000003,12362277.103178512,0.19422680412371138,0.36104870695049696,Non-Critical,Automated Replenishment
Product_1878,71923.3420893465,171.06,12303206.897803612,B,299.6805920389437,390.6075854855006,SUP_0467,10,56.99,649,1.65,2039.0,5036.0,Category_005,171.06,10,4008,310.03,1364.0,43.01,12303206.897803612,0.43309278350515457,0.3593235214452776,Non-Critical,Automated Replenishment
Product_1829,29901.755351276333,408.53,12215764.11365692,B,2718.341395570576,1753.0162380133188,SUP_0597,7,70.66,270,1.65,7653.0,26682.0,Category_006,408.53,7,3847,396.02,763.0,29.340000000000003,12215764.11365692,0.29216494845360824,0.3567696954887152,Non-Critical,Automated Replenishment
Product_1449,27704.697952910992,438.33,12143800.253699474,B,1539.1498862728329,840.7360772630262,SUP_0609,7,94.33,670,1.65,3671.0,14446.0,Category_019,438.33,7,1608,385.07,482.0,5.670000000000002,12143800.253699474,0.048144329896907236,0.3546679420360182,Non-Critical,Automated Replenishment
Product_2167,48525.96011932634,248.34,12050936.936033502,B,78.90400019402657,182.1109338457946,SUP_0788,11,34.5,433,1.65,997.0,1865.0,Category_024,248.34,11,4388,53.14,2831.0,65.5,12050936.936033502,0.6649484536082474,0.3519558057130254,Bottleneck,Maintain Higher Safety Stock
Product_1306,76824.96802628567,156.61,12031558.2425966,B,569.0738372317458,1235.2688524256944,SUP_0473,12,72.51,253,1.65,7061.0,13890.0,Category_019,156.61,12,4263,339.59,1389.0,27.489999999999995,12031558.2425966,0.27309278350515453,0.35138983779713195,Non-Critical,Automated Replenishment
Product_1546,36432.058364007324,329.64,12009463.719111374,B,910.8014591001831,577.6448544455644,SUP_0565,12,57.7,375,1.65,3302.0,14232.0,Category_019,329.64,12,1878,378.19,602.0,42.3,12009463.719111374,0.4257731958762886,0.35074455221839523,Non-Critical,Automated Replenishment
Product_0478,43612.72314115901,270.38,11792008.082906574,B,1503.8870048675522,1946.2210640822677,SUP_0548,5,91.39,339,1.65,7181.0,14701.0,Category_005,270.38,5,5987,291.81,1338.0,8.61,11792008.082906574,0.07845360824742267,0.34439361253183426,Non-Critical,Automated Replenishment
Product_1732,17843.37264371961,654.41,11676881.491776548,B,686.283563219985,466.79797996574325,SUP_0627,8,77.53,450,1.65,2179.0,7670.0,Category_005,654.41,8,3650,284.43,677.0,22.47,11676881.491776548,0.221340206185567,0.34103126217225305,Non-Critical,Automated Replenishment
Product_0250,37765.41267159112,308.96,11668001.899014791,B,170.88422023344398,389.68350968740896,SUP_0737,12,80.85,101,1.65,2228.0,4279.0,Category_007,308.96,12,937,108.53,808.0,19.150000000000006,11668001.899014791,0.18711340206185573,0.3407719276291004,Non-Critical,Automated Replenishment
Product_1203,14389.38850070927,808.72,11636986.268293602,B,306.1572021427504,286.58852143175847,SUP_0731,12,64.15,499,1.65,1639.0,5313.0,Category_019,808.72,12,2738,251.24,561.0,35.849999999999994,11636986.268293602,0.3592783505154638,0.3398660950487694,Non-Critical,Automated Replenishment
Product_0047,26026.5795875786,443.44,11541226.452315854,B,295.7565862224841,300.97748964940354,SUP_0736,8,62.86,168,1.65,1405.0,3772.0,Category_005,443.44,8,1602,99.54,916.0,37.14,11541226.452315854,0.37257731958762885,0.3370693645234769,Non-Critical,Automated Replenishment
Product_1880,37902.80637877242,297.6,11279875.178322673,B,310.67874080960996,358.7827611755659,SUP_0625,8,56.85,405,1.65,1675.0,4161.0,Category_005,297.6,8,1180,206.34,659.0,43.15,11279875.178322673,0.43453608247422676,0.329436422894071,Non-Critical,Automated Replenishment
Product_1509,60080.3734084317,187.56,11268674.83648545,B,488.45832039375364,897.321687453577,SUP_0468,2,89.83,558,1.65,2094.0,3071.0,Category_019,187.56,2,5027,183.33,1816.0,10.170000000000002,11268674.83648545,0.09453608247422682,0.32910930929647225,Non-Critical,Automated Replenishment
Product_1436,127568.48575619305,88.09,11237507.910263047,B,1747.5135035094938,2460.327563697561,SUP_0333,4,88.21,393,1.65,8120.0,15111.0,Category_019,88.09,4,2727,227.34,1750.0,11.790000000000006,11237507.910263047,0.11123711340206191,0.32819905802817423,Non-Critical,Automated Replenishment
Product_1367,106754.94728865138,104.04,11106784.71591129,B,503.5610721162801,479.4120128570229,SUP_0542,3,99.0,248,1.65,1371.0,2882.0,Category_019,104.04,3,4365,103.98,2994.0,1.0,11106784.71591129,0.0,0.3243811982685831,Non-Critical,Automated Replenishment
Product_0188,12788.998376606407,860.83,11009153.472534094,B,199.8280996344751,383.62500726822367,SUP_0861,11,62.97,408,1.65,2100.0,4299.0,Category_007,860.83,11,5748,82.55,1335.0,37.03,11009153.472534094,0.37144329896907213,0.32152981143385156,Non-Critical,Automated Replenishment
Product_1034,51074.60911791796,215.38,11000449.31181717,B,411.8920090154674,476.5003459720917,SUP_0570,13,62.73,499,1.65,2835.0,8190.0,Category_028,215.38,13,5361,173.66,1776.0,37.27,11000449.31181717,0.37391752577319587,0.3212756005028309,Non-Critical,Automated Replenishment
Product_1259,31569.102069473207,347.87,10981943.536907645,B,284.40632495020907,305.4682416659531,SUP_0689,4,50.58,275,1.65,1009.0,2147.0,Category_019,347.87,4,2975,158.38,1090.0,49.42,10981943.536907645,0.49917525773195875,0.32073512676595894,Non-Critical,Automated Replenishment
Product_0977,32262.534967166855,338.46,10919577.584987294,B,256.05186481878457,567.8050305316223,SUP_0727,10,45.36,154,1.65,2963.0,5524.0,Category_028,338.46,10,5702,141.15,1615.0,54.64,10919577.584987294,0.5529896907216495,0.31891368674235765,Bottleneck,Maintain Higher Safety Stock
Product_1736,34244.96071169267,311.33,10661483.618371278,B,1902.4978173162594,2340.864639827234,SUP_0580,10,75.77,129,1.65,12215.0,31240.0,Category_030,311.33,10,3154,420.48,717.0,24.230000000000004,10661483.618371278,0.23948453608247428,0.31137587698929214,Non-Critical,Automated Replenishment
Product_0026,36157.86996353942,293.0,10594255.89931705,B,309.04162361999505,533.7638058095299,SUP_0704,2,95.29,188,1.65,1246.0,1865.0,Category_005,293.0,2,1549,101.07,1053.0,4.709999999999994,10594255.89931705,0.038247422680412306,0.309412445751408,Non-Critical,Automated Replenishment
Product_1249,39878.27391543205,264.54,10549398.581588395,B,797.565478308641,974.9065260090283,SUP_0584,9,51.09,251,1.65,4826.0,12005.0,Category_019,264.54,9,5007,176.38,1505.0,48.91,10549398.581588395,0.49391752577319586,0.30810235729213586,Non-Critical,Automated Replenishment
Product_2109,17046.594185315927,616.88,10515703.021037688,B,210.45178006562872,490.383303879855,SUP_0777,2,43.73,90,1.65,1145.0,1566.0,Category_009,616.88,2,5206,214.13,911.0,56.27,10515703.021037688,0.5697938144329897,0.3071182555392576,Bottleneck,Maintain Higher Safety Stock
Product_0989,45378.28865529155,231.18,10490552.7713303,B,363.0263092423324,557.8046172020971,SUP_0641,14,43.81,607,1.65,3444.0,8527.0,Category_028,231.18,14,5422,114.7,2072.0,56.19,10490552.7713303,0.5689690721649484,0.3063837253988517,Bottleneck,Maintain Higher Safety Stock
Product_0213,34258.817799144526,306.21,10490392.598276045,B,195.7646731379687,554.0298999687354,SUP_0588,7,58.9,273,1.65,2419.0,3790.0,Category_007,306.21,7,3267,184.54,1102.0,41.1,10490392.598276045,0.4134020618556701,0.30637904743591293,Non-Critical,Automated Replenishment
Product_1161,23106.450028362662,452.34,10451971.605829567,B,4621.290005672532,519.7215320418389,SUP_0632,3,33.65,654,1.65,1486.0,15350.0,Category_006,452.34,3,1669,373.0,455.0,66.35,10451971.605829567,0.6737113402061855,0.3052569362320645,Bottleneck,Maintain Higher Safety Stock
Product_2041,23675.117387012277,439.46,10404267.086896414,B,816.3833581728371,647.8966839503894,SUP_0642,5,61.86,2103,1.65,2391.0,6473.0,Category_005,439.46,5,3589,294.06,761.0,38.14,10404267.086896414,0.38288659793814434,0.303863693326024,Non-Critical,Automated Replenishment
Product_2045,147091.25780901953,70.22,10328748.123349352,B,8171.736544945529,3793.839819562293,SUP_0331,6,63.3,728,1.65,15334.0,64365.0,Category_019,70.22,6,5802,339.69,2242.0,36.7,10328748.123349352,0.3680412371134021,0.3016581106561534,Non-Critical,Automated Replenishment
Product_0986,70989.2666117822,145.43,10323969.043351484,B,606.7458684767709,960.6946234046386,SUP_0433,6,32.66,672,1.65,3883.0,7524.0,Category_028,145.43,6,1231,423.08,643.0,67.34,10323969.043351484,0.683917525773196,0.3015185343758903,Bottleneck,Maintain Higher Safety Stock
Product_2114,14174.498285613725,726.25,10294229.379926968,B,170.7770877784786,403.2286748016879,SUP_0860,2,87.12,128,1.65,941.0,1283.0,Category_009,726.25,2,4680,84.91,1251.0,12.879999999999995,10294229.379926968,0.12247422680412366,0.30064996728788973,Non-Critical,Automated Replenishment
Product_1847,22562.584742297364,449.44,10140528.086578127,B,309.076503319142,518.6633992409296,SUP_0637,8,96.47,464,1.65,2421.0,4894.0,Category_024,449.44,8,2982,369.45,604.0,3.530000000000001,10140528.086578127,0.02608247422680414,0.29616101652606364,Non-Critical,Automated Replenishment
Product_0470,47907.25504076423,211.23,10119449.482260628,B,3685.173464674171,6549.111323669583,SUP_0533,3,99.0,594,1.65,18717.0,29773.0,Category_005,211.23,3,2718,332.66,885.0,1.0,10119449.482260628,0.0,0.29554540155726494,Non-Critical,Automated Replenishment
Product_2014,76441.36296647329,131.96,10087202.257055815,B,402.32296298143837,600.9348040315,SUP_0483,6,65.2,498,1.65,2429.0,4843.0,Category_019,131.96,6,832,178.51,845.0,34.8,10087202.257055815,0.3484536082474226,0.29460359942277425,Non-Critical,Automated Replenishment
Product_0034,68136.59730677382,147.6,10056961.762479816,B,337.30988765729614,496.3346165540899,SUP_0541,14,82.71,387,1.65,3065.0,7788.0,Category_005,147.6,14,2074,221.34,1131.0,17.290000000000006,10056961.762479816,0.16793814432989698,0.29372040522051834,Non-Critical,Automated Replenishment
Product_0411,73310.3993562823,136.75,10025197.111971606,B,4581.899959767644,5710.021996398342,SUP_0358,12,29.46,857,1.65,32638.0,87621.0,Category_030,136.75,12,3165,270.15,1311.0,70.53999999999999,10025197.111971606,0.7169072164948453,0.29279269700810695,Bottleneck,Maintain Higher Safety Stock
Product_1236,89181.94981002745,111.46,9940220.125825658,B,1292.492026232282,2300.075026395975,SUP_0363,12,71.62,888,1.65,13147.0,28657.0,Category_019,111.46,12,5798,438.9,1536.0,28.379999999999995,9940220.125825658,0.28226804123711335,0.29031088635846086,Non-Critical,Automated Replenishment
Product_1490,35601.848548270376,278.67,9921167.134946506,B,359.61463180071087,546.1336877613796,SUP_0679,6,80.71,739,1.65,2208.0,4366.0,Category_019,278.67,6,998,124.9,755.0,19.290000000000006,9921167.134946506,0.1885567010309279,0.2897544308071864,Non-Critical,Automated Replenishment
Product_1527,76630.11629753398,128.13,9818616.80120303,B,2736.789867769071,3420.1699264281315,SUP_0396,10,90.69,567,1.65,17846.0,45214.0,Category_019,128.13,10,1726,379.36,836.0,9.310000000000002,9818616.80120303,0.08567010309278353,0.2867593785942001,Non-Critical,Automated Replenishment
Product_0987,57186.09312921081,170.71,9762237.958087577,B,688.9890738459134,1821.3343965516256,SUP_0498,7,54.33,208,1.65,7952.0,12775.0,Category_028,170.71,7,3410,434.05,948.0,45.67,9762237.958087577,0.46051546391752574,0.28511279615341617,Non-Critical,Automated Replenishment
Product_1301,10429.785151316826,925.72,9655060.710277013,B,158.02704774722463,288.2175886443444,SUP_0766,12,91.32,283,1.65,1648.0,3545.0,Category_019,925.72,12,2220,208.71,472.0,8.680000000000007,9655060.710277013,0.07917525773195883,0.2819826117696211,Non-Critical,Automated Replenishment
Product_0052,31337.615284392792,307.93,9649791.874523073,B,505.445407812787,881.2801711389405,SUP_0720,11,67.33,732,1.65,4823.0,10383.0,Category_005,307.93,11,2410,94.38,1266.0,32.67,9649791.874523073,0.32649484536082474,0.281828731839555,Non-Critical,Automated Replenishment
Product_1561,52776.89645983644,181.92,9601173.003973445,B,1122.9126906348179,1622.7574316441999,SUP_0461,5,80.17,193,1.65,5988.0,11603.0,Category_019,181.92,5,2024,439.65,698.0,19.83,9601173.003973445,0.19412371134020617,0.28040878467295866,Non-Critical,Automated Replenishment
Product_0179,29044.843600075055,330.0,9584798.388024768,B,468.46521935604926,990.8298227897427,SUP_0575,9,13.36,642,1.65,4905.0,9122.0,Category_007,330.0,9,5168,236.76,1127.0,86.64,9584798.388024768,0.8828865979381444,0.2799305528823478,Bottleneck,Maintain Higher Safety Stock
Product_2029,37786.67081783261,252.39,9536977.847712772,B,349.8765816465982,423.483762411422,SUP_0649,10,64.99,1910,1.65,2210.0,5709.0,Category_005,252.39,10,2446,184.28,1002.0,35.010000000000005,9536977.847712772,0.350618556701031,0.2785339214930643,Non-Critical,Automated Replenishment
Product_0195,23595.898402975065,403.65,9524484.390360884,B,436.96108153657525,767.8703310120806,SUP_0556,8,50.29,347,1.65,3584.0,7080.0,Category_007,403.65,8,1701,256.07,560.0,49.71,9524484.390360884,0.5021649484536083,0.27816904157777095,Bottleneck,Maintain Higher Safety Stock
Product_0371,20232.815773365317,470.1,9511446.695059037,B,1839.3468884877561,2092.135261872508,SUP_0599,6,94.86,242,1.65,8456.0,19493.0,Category_030,470.1,6,4268,446.98,622.0,5.140000000000001,9511446.695059037,0.04268041237113403,0.27778826682316393,Non-Critical,Automated Replenishment
Product_0194,55774.492697734764,170.06,9485010.228176774,B,845.0680711777994,1240.9037594089962,SUP_0501,5,61.96,565,1.65,4579.0,8805.0,Category_007,170.06,5,3892,218.76,1409.0,38.04,9485010.228176774,0.38185567010309274,0.27701617183576666,Non-Critical,Automated Replenishment
Product_0055,12967.531612622368,729.71,9462537.49304667,B,997.5024317401821,540.1367962659353,SUP_0735,11,73.52,201,1.65,2956.0,13929.0,Category_019,729.71,11,5566,448.71,568.0,26.480000000000004,9462537.49304667,0.26268041237113404,0.2763598403288245,Non-Critical,Automated Replenishment
Product_0685,17101.63587443586,552.91,9455665.49133433,B,192.153212072313,681.480697818629,SUP_0696,5,93.53,370,1.65,2515.0,3476.0,Category_011,552.91,5,4477,281.01,739.0,6.469999999999999,9455665.49133433,0.05639175257731958,0.2761591388470753,Non-Critical,Automated Replenishment
Product_1540,133127.05067976427,70.41,9373475.638362203,B,566.4980879989969,644.4549267489617,SUP_0335,8,99.0,267,1.65,3008.0,7540.0,Category_019,70.41,8,5307,371.37,1951.0,1.0,9373475.638362203,0.0,0.27375872831652603,Non-Critical,Automated Replenishment
Product_0225,66262.83723818313,141.1,9349686.334307639,B,245.41791569697455,629.9701708750225,SUP_0431,2,87.34,274,1.65,1471.0,1962.0,Category_007,141.1,2,1510,311.53,802.0,12.659999999999997,9349686.334307639,0.12020618556701028,0.2730639455191121,Non-Critical,Automated Replenishment
Product_1633,41056.32869924041,226.22,9287762.678342165,B,1109.630505384876,1010.3307901531754,SUP_0485,9,41.19,572,1.65,5002.0,14989.0,Category_019,226.22,9,1781,317.26,679.0,58.81,9287762.678342165,0.595979381443299,0.2712554230495557,Bottleneck,Maintain Higher Safety Stock
Product_1132,33091.73824506391,278.86,9227962.127018522,B,1504.169920230178,3065.837363581179,SUP_0572,7,68.72,950,1.65,13384.0,23914.0,Category_030,278.86,7,1660,234.26,685.0,31.28,9227962.127018522,0.31216494845360826,0.26950890729439786,Non-Critical,Automated Replenishment
Product_1308,45738.82564525302,200.21,9157370.282436106,B,371.860371099618,618.080421398678,SUP_0546,14,91.29,611,1.65,3816.0,9023.0,Category_019,200.21,14,4073,178.08,1447.0,8.709999999999994,9157370.282436106,0.07948453608247416,0.2674472244834553,Non-Critical,Automated Replenishment
Product_0349,29673.64879475639,307.83,9134439.30848986,B,44.421629932270044,113.22017903648398,SUP_0939,14,33.48,174,1.65,699.0,1321.0,Category_021,307.83,14,2512,23.0,2546.0,66.52000000000001,9134439.30848986,0.6754639175257733,0.26677750980036674,Bottleneck,Maintain Higher Safety Stock
Product_1500,17794.165020233402,513.31,9133922.846536007,B,386.82967435290004,660.593851445186,SUP_0611,5,99.0,126,1.65,2438.0,4373.0,Category_019,513.31,5,4743,268.94,793.0,1.0,9133922.846536007,0.0,0.26676242617790213,Non-Critical,Automated Replenishment
Product_1842,42740.90745894546,213.49,9124756.333410267,B,5342.613432368183,5180.739291971353,SUP_0569,13,57.42,346,1.65,30822.0,100276.0,Category_006,213.49,13,4800,422.64,986.0,42.58,9124756.333410267,0.4286597938144329,0.2664947119304645,Non-Critical,Automated Replenishment
Product_1522,26092.663179532195,346.62,9044238.91128945,B,1242.507770453914,1597.8741896701404,SUP_0567,11,99.0,339,1.65,8745.0,22413.0,Category_019,346.62,11,2274,363.62,572.0,1.0,9044238.91128945,0.0,0.2641431458798836,Non-Critical,Automated Replenishment
Product_1734,35398.47986645412,254.12,8995461.703663321,B,1539.0643420197446,1336.5632309361242,SUP_0560,6,69.57,242,1.65,5402.0,14637.0,Category_030,254.12,6,2103,404.54,607.0,30.430000000000007,8995461.703663321,0.30340206185567015,0.26271857437132695,Non-Critical,Automated Replenishment
Product_1636,51381.62337554892,174.19,8950164.975786867,B,484.73229599574455,1134.4213422917867,SUP_0507,13,46.9,910,1.65,6749.0,13051.0,Category_019,174.19,13,1545,295.35,734.0,53.1,8950164.975786867,0.5371134020618558,0.2613956526399675,Bottleneck,Maintain Higher Safety Stock
Product_0974,30956.85867326594,287.31,8894215.065416036,B,573.2751606160359,735.7479097605014,SUP_0594,10,42.2,285,1.65,3839.0,9572.0,Category_028,287.31,10,5267,225.72,1202.0,57.8,8894215.065416036,0.5855670103092784,0.2597615974715883,Bottleneck,Maintain Higher Safety Stock
Product_1298,52689.28466023855,168.64,8885520.965102628,B,849.8271719393314,1832.2194130213297,SUP_0405,13,99.0,748,1.65,10901.0,21949.0,Category_019,168.64,13,2424,317.72,897.0,1.0,8885520.965102628,0.0,0.2595076803614916,Non-Critical,Automated Replenishment
Product_0358,3992.342044222882,2200.0,8783152.497290341,B,570.334577746126,533.5147462947208,SUP_0810,11,66.46,68,1.65,2920.0,9194.0,Category_005,2200.0,11,2510,277.98,269.0,33.540000000000006,8783152.497290341,0.33546391752577326,0.25651793966666225,Non-Critical,Automated Replenishment
Product_0287,33772.34941010611,259.53,8764937.842404837,B,222.18650927701387,434.6096366274239,SUP_0694,7,57.77,278,1.65,1898.0,3454.0,Category_021,259.53,7,1303,107.05,907.0,42.23,8764937.842404837,0.4250515463917525,0.25598596828800174,Non-Critical,Automated Replenishment
Product_1310,13592.761126088031,644.53,8760942.328597518,B,238.4694934401409,445.762590993215,SUP_0864,14,79.32,185,1.65,2753.0,6092.0,Category_019,644.53,14,5665,64.46,1546.0,20.680000000000007,8760942.328597518,0.2028865979381444,0.25586927659101943,Non-Critical,Automated Replenishment
Product_1511,35525.04747293673,246.41,8753726.947806338,B,1869.7393406808803,1306.69172950458,SUP_0522,11,71.58,736,1.65,7151.0,27719.0,Category_019,246.41,11,5382,417.17,958.0,28.42,8753726.947806338,0.282680412371134,0.255658546489836,Non-Critical,Automated Replenishment
Product_1013,46036.33002612398,189.01,8701326.738237692,B,3069.088668408265,2059.070242955985,SUP_0430,13,64.29,229,1.65,12250.0,52149.0,Category_005,189.01,13,1358,351.19,597.0,35.709999999999994,8701326.738237692,0.35783505154639167,0.2541281627465505,Non-Critical,Automated Replenishment
Product_1022,15862.410169874001,545.4,8651358.50664928,B,991.4006356171251,1240.773514340144,SUP_0682,3,35.74,159,1.65,3546.0,6521.0,Category_005,545.4,3,2598,405.06,452.0,64.25999999999999,8651358.50664928,0.6521649484536082,0.2526688065734907,Bottleneck,Maintain Higher Safety Stock
Product_0952,34189.9235364707,250.89,8577909.916065132,B,599.8232199380824,790.0564023830356,SUP_0662,6,49.7,282,1.65,3194.0,6793.0,Category_006,250.89,6,4983,246.13,1177.0,50.3,8577909.916065132,0.5082474226804123,0.25052369055348783,Bottleneck,Maintain Higher Safety Stock
Product_1795,12807.601607842827,669.22,8571103.148000577,B,191.15823295287802,165.27696084051865,SUP_0928,14,60.06,439,1.65,1021.0,3698.0,Category_005,669.22,14,2055,56.99,962.0,39.94,8571103.148000577,0.4014432989690721,0.2503248942647695,Non-Critical,Automated Replenishment
Product_1204,47032.700752177494,179.89,8460712.538309209,B,1679.7393125777676,1056.3598558741182,SUP_0505,9,62.38,598,1.65,5229.0,20347.0,Category_019,179.89,9,2587,322.59,869.0,37.62,8460712.538309209,0.3775257731958762,0.24710086146273033,Non-Critical,Automated Replenishment
Product_1545,39125.942882980016,215.68,8438683.36100113,B,3260.4952402483345,1845.0902879093032,SUP_0576,3,58.92,472,1.65,5274.0,15056.0,Category_019,215.68,3,1139,424.44,459.0,41.08,8438683.36100113,0.4131958762886597,0.24645748436352097,Non-Critical,Automated Replenishment
Product_1782,29885.299263380646,280.05,8369378.05870975,B,2298.8691741062034,1898.1846446091515,SUP_0562,5,24.35,499,1.65,7004.0,18499.0,Category_006,280.05,5,5455,294.84,1052.0,75.65,8369378.05870975,0.7695876288659794,0.24443337589480832,Bottleneck,Maintain Higher Safety Stock
Product_1415,29441.637155096112,283.01,8332277.73126375,B,499.0107992389172,480.17801170722373,SUP_0618,8,58.32,189,1.65,2241.0,6234.0,Category_019,283.01,8,882,315.79,406.0,41.68,8332277.73126375,0.41938144329896904,0.24334983561011642,Non-Critical,Automated Replenishment
Product_0241,5300.2877844462855,1566.52,8303006.820090795,B,240.9221720202857,409.13267879406663,SUP_0983,3,44.3,46,1.65,1170.0,1893.0,Category_007,1566.52,3,852,52.87,414.0,55.7,8303006.820090795,0.563917525773196,0.2424949587502909,Bottleneck,Maintain Higher Safety Stock
Product_1517,4278.260417112451,1881.83,8050958.800734724,B,194.4663825960205,152.69752792881894,SUP_0938,6,43.5,259,1.65,618.0,1785.0,Category_019,1881.83,6,3458,163.89,425.0,56.5,8050958.800734724,0.5721649484536083,0.2351337249971221,Bottleneck,Maintain Higher Safety Stock
Product_1504,28252.774934691904,284.88,8048650.52339503,B,504.5138381194983,746.7901573470183,SUP_0629,9,82.52,408,1.65,3697.0,8238.0,Category_019,284.88,9,1344,193.71,627.0,17.480000000000004,8048650.52339503,0.1698969072164949,0.23506631018819782,Non-Critical,Automated Replenishment
Product_1518,78896.55405256756,101.47,8005633.339714031,B,490.0407084010408,899.499956140175,SUP_0531,12,89.69,3879,1.65,5142.0,11023.0,Category_019,101.47,12,955,168.85,945.0,10.310000000000002,8005633.339714031,0.09597938144329898,0.23380996409475172,Non-Critical,Automated Replenishment
Product_1384,31885.460276974667,248.5,7923536.878828205,B,569.3832192316905,1477.3732130455935,SUP_0558,10,85.93,140,1.65,7709.0,13403.0,Category_019,248.5,10,5423,412.05,917.0,14.069999999999993,7923536.878828205,0.13474226804123704,0.2314122811435729,Non-Critical,Automated Replenishment
Product_0397,8474.065747990768,927.1,7856306.354962241,B,176.54303641647434,185.59212298744762,SUP_0875,2,89.55,29,1.65,434.0,788.0,Category_030,927.1,2,988,147.7,337.0,10.450000000000003,7856306.354962241,0.09742268041237116,0.22944876798925523,Non-Critical,Automated Replenishment
Product_1261,10697.576193908892,734.0,7852020.926329127,B,396.20652570032934,667.0865814303883,SUP_0745,11,66.04,207,1.65,3651.0,8010.0,Category_019,734.0,11,2653,302.76,433.0,33.959999999999994,7852020.926329127,0.3397938144329896,0.229323609132695,Non-Critical,Automated Replenishment
Product_0284,7477.176795510487,1043.06,7799144.028325168,B,115.0334891616998,356.95960673235,SUP_0923,6,72.34,585,1.65,1443.0,2134.0,Category_021,1043.06,6,4634,61.46,1062.0,27.659999999999997,7799144.028325168,0.2748453608247422,0.2277793033795928,Non-Critical,Automated Replenishment
Product_1588,18682.005835536344,414.03,7734910.876087111,B,1556.8338196280286,1369.2979917484624,SUP_0639,8,64.11,142,1.65,6391.0,18846.0,Category_030,414.03,8,5384,275.28,855.0,35.89,7734910.876087111,0.3596907216494845,0.22590333050134837,Non-Critical,Automated Replenishment
Product_1591,11708.453862620552,654.91,7667983.519168826,B,616.2344138221343,485.04144559490084,SUP_0657,3,81.91,187,1.65,1387.0,3236.0,Category_030,654.91,3,4666,343.33,565.0,18.090000000000003,7667983.519168826,0.17618556701030932,0.22394867154383735,Non-Critical,Automated Replenishment
Product_0228,31072.201970556373,243.8,7575402.840421644,B,173.58772050590153,544.1488940662015,SUP_0807,3,47.8,376,1.65,1556.0,2077.0,Category_007,243.8,3,1268,48.54,1275.0,52.2,7575402.840421644,0.5278350515463918,0.2212447898826121,Bottleneck,Maintain Higher Safety Stock
Product_0127,19845.169055716113,381.04,7561803.216990068,B,945.0080502721959,739.8733334802655,SUP_0608,2,97.5,272,1.65,1727.0,3618.0,Category_019,381.04,2,2647,279.63,613.0,2.5,7561803.216990068,0.015463917525773195,0.22084760363496503,Non-Critical,Automated Replenishment
Product_1553,19938.509681304924,378.66,7549916.075922923,B,214.39257721833252,773.6443901016856,SUP_0645,2,65.09,173,1.65,1806.0,2235.0,Category_019,378.66,2,1315,187.12,530.0,34.91,7549916.075922923,0.3495876288659793,0.22050043159895502,Non-Critical,Automated Replenishment
Product_0564,21810.343384623608,342.62,7472659.85043974,B,436.20686769247214,961.3911630379756,SUP_0754,4,90.81,125,1.65,3173.0,4918.0,Category_015,342.62,4,982,167.56,506.0,9.189999999999998,7472659.85043974,0.08443298969072162,0.21824411101321053,Non-Critical,Automated Replenishment
Product_1973,60616.31086358925,123.1,7461867.867307836,B,556.1129437026536,542.2886765767885,SUP_0452,6,82.21,405,1.65,2192.0,5529.0,Category_005,123.1,6,2587,288.68,1043.0,17.790000000000006,7461867.867307836,0.1730927835051547,0.21792892380921203,Non-Critical,Automated Replenishment
Product_0968,5801.950696237067,1285.39,7457769.405436164,B,223.1519498552718,209.87918322726222,SUP_0975,4,64.41,85,1.65,693.0,1586.0,Category_028,1285.39,4,2620,62.73,697.0,35.59,7457769.405436164,0.3565979381443299,0.2178092254440239,Non-Critical,Automated Replenishment
Product_1639,23580.087734865836,311.89,7354393.563627305,B,226.73161283524843,247.04992056980834,SUP_0841,8,74.02,288,1.65,1153.0,2967.0,Category_019,311.89,8,3779,46.38,1961.0,25.980000000000004,7354393.563627305,0.25752577319587633,0.21479006370678935,Non-Critical,Automated Replenishment
Product_0562,14995.42486985924,488.39,7323615.552190554,B,681.6102213572382,735.7561453087211,SUP_0747,5,40.88,161,1.65,2715.0,6124.0,Category_030,488.39,5,805,151.98,399.0,59.12,7323615.552190554,0.5991752577319588,0.2138911709591992,Bottleneck,Maintain Higher Safety Stock
Product_1532,51732.48423696159,141.0,7294280.277411584,B,338.1208120062849,469.7241879207578,SUP_0540,2,98.89,113,1.65,1097.0,1774.0,Category_019,141.0,2,3633,182.94,1434.0,1.1099999999999994,7294280.277411584,0.001134020618556695,0.2130344143165042,Non-Critical,Automated Replenishment
Product_1254,23148.13766996041,311.54,7211570.809699467,B,282.2943618287855,364.8251352686635,SUP_0673,5,59.15,150,1.65,1347.0,2759.0,Category_019,311.54,5,1241,298.07,440.0,40.85,7211570.809699467,0.4108247422680412,0.21061882808422783,Non-Critical,Automated Replenishment
Product_0995,28126.64821132628,256.32,7209422.469527151,B,375.02197615101704,843.7574032881203,SUP_0721,10,30.23,653,1.65,4403.0,8154.0,Category_028,256.32,10,1947,139.4,887.0,69.77,7209422.469527151,0.7089690721649484,0.2105560843490057,Bottleneck,Maintain Higher Safety Stock
Product_2002,27965.38755723248,257.34,7196612.833978206,B,345.251698237438,597.4302389373088,SUP_0772,4,94.04,1034,1.65,1972.0,3354.0,Category_005,257.34,4,2961,106.41,1248.0,5.959999999999994,7196612.833978206,0.05113402061855664,0.2101819702345223,Non-Critical,Automated Replenishment
Product_1578,31000.0,231.68,7182080.0,B,3100.0,9453.982112198953,SUP_0317,6,71.56,571,1.65,38210.0,56810.0,Category_019,231.68,6,1179,330.75,471.0,28.439999999999998,7182080.0,0.2828865979381443,0.20975752893844357,Non-Critical,Automated Replenishment
Product_0220,7484.371553372794,958.56,7174219.196201025,B,182.54564764323888,264.4296090380622,SUP_0874,8,5.34,519,1.65,1235.0,2696.0,Category_007,958.56,8,1791,168.48,399.0,94.66,7174219.196201025,0.9655670103092784,0.20952794881954445,Bottleneck,Maintain Higher Safety Stock
Product_1494,48635.16419120834,147.26,7162014.278797341,B,868.4850748430061,2744.3275406973844,SUP_0432,12,72.02,740,1.65,15686.0,26108.0,Category_019,147.26,12,3637,308.93,1071.0,27.980000000000004,7162014.278797341,0.27814432989690724,0.20917149590959433,Non-Critical,Automated Replenishment
Product_0398,45155.93738175275,158.51,7157667.634381629,B,2822.246086359547,2787.0985296062036,SUP_0437,4,58.59,315,1.65,9198.0,20487.0,Category_030,158.51,4,5313,299.46,1266.0,41.41,7157667.634381629,0.4165979381443298,0.20904454920448745,Non-Critical,Automated Replenishment
Product_2007,21616.71777429264,330.6,7146486.896181148,B,308.8102539184663,416.5308351030486,SUP_0650,14,72.88,363,1.65,2572.0,6896.0,Category_005,330.6,14,2515,245.16,666.0,27.120000000000005,7146486.896181148,0.26927835051546395,0.2087180081444268,Non-Critical,Automated Replenishment
Product_1484,59989.5897757131,118.97,7136961.495616588,B,3528.799398571359,3312.29930354115,SUP_0480,10,58.5,594,1.65,17283.0,52571.0,Category_019,118.97,10,5166,420.49,1215.0,41.5,7136961.495616588,0.41752577319587625,0.20843981234535872,Non-Critical,Automated Replenishment
Product_0113,32548.858475675326,217.36,7074819.8782727895,B,1479.4935670761513,1177.0412755899388,SUP_0581,2,74.82,236,1.65,2747.0,5706.0,Category_006,217.36,2,1383,397.36,476.0,25.180000000000007,7074819.8782727895,0.24927835051546401,0.20662492416557326,Non-Critical,Automated Replenishment
Product_0067,7016.328968846268,1004.28,7046358.85683293,B,877.0411211057835,354.42419057076665,SUP_0795,5,66.94,82,1.65,1308.0,5694.0,Category_019,1004.28,5,1369,331.15,241.0,33.06,7046358.85683293,0.3305154639175258,0.20579370068598393,Non-Critical,Automated Replenishment
Product_1223,18241.332016963002,384.98,7022547.999890417,B,467.7264619734103,723.8116623039185,SUP_0786,13,43.8,287,1.65,4307.0,10388.0,Category_019,384.98,13,3012,120.86,954.0,56.2,7022547.999890417,0.5690721649484537,0.20509828842182531,Bottleneck,Maintain Higher Safety Stock
Product_1528,50314.78341108075,139.52,7019918.581513987,B,3593.9131007914825,5324.336455412475,SUP_0481,14,79.15,579,1.65,32872.0,83187.0,Category_019,139.52,14,2385,248.43,983.0,20.849999999999994,7019918.581513987,0.2046391752577319,0.2050214944706043,Non-Critical,Automated Replenishment
Product_1884,21463.499305882433,326.47,7007188.618391438,B,306.62141865546334,813.0997686914608,SUP_0726,6,33.63,173,1.65,3287.0,5127.0,Category_007,326.47,6,1324,160.33,596.0,66.37,7007188.618391438,0.673917525773196,0.20464970724349693,Bottleneck,Maintain Higher Safety Stock
Product_1477,33010.896140836914,208.95,6897626.748627873,B,277.4024885784615,331.49149848882155,SUP_0573,9,87.02,325,1.65,1641.0,4138.0,Category_019,208.95,9,1540,232.42,662.0,12.980000000000004,6897626.748627873,0.12350515463917529,0.20144987835444517,Non-Critical,Automated Replenishment
Product_0115,9736.566217119207,706.94,6883168.1215302525,B,154.54867011300328,300.3773613531492,SUP_0831,11,42.21,269,1.65,1644.0,3345.0,Category_032,706.94,11,3495,96.57,840.0,57.79,6883168.1215302525,0.5854639175257732,0.20102760432076142,Bottleneck,Maintain Higher Safety Stock
Product_1014,14911.464700407021,459.8,6856291.469247148,B,372.7866175101755,422.14072673011196,SUP_0771,13,87.27,204,1.65,2512.0,7359.0,Category_005,459.8,13,3794,131.45,928.0,12.730000000000004,6856291.469247148,0.12092783505154643,0.20024265341948466,Non-Critical,Automated Replenishment
Product_1885,53366.64731738357,128.07,6834666.5219373135,B,4851.513392489415,6433.650993488432,SUP_0477,5,55.16,178,1.65,23738.0,47996.0,Category_007,128.07,5,4677,420.76,1090.0,44.84,6834666.5219373135,0.4519587628865979,0.19961108213217862,Non-Critical,Automated Replenishment
Product_1129,13360.308385356548,510.9,6825781.55407866,B,1908.6154836223639,705.363184806297,SUP_0750,6,68.6,177,1.65,2851.0,14303.0,Category_030,510.9,6,5660,244.46,787.0,31.400000000000006,6825781.55407866,0.31340206185567016,0.19935159060566698,Non-Critical,Automated Replenishment
Product_0664,25515.075867027896,263.72,6728835.807652597,B,52.28499153079487,218.846329693568,SUP_0801,4,61.58,212,1.65,723.0,933.0,Category_011,263.72,4,5843,75.53,1987.0,38.42,6728835.807652597,0.38577319587628867,0.19652022417540949,Non-Critical,Automated Replenishment
Product_1985,17150.35210974017,389.35,6677489.593927336,B,259.85381984454807,276.6338566361903,SUP_0755,10,63.88,110,1.65,1444.0,4043.0,Category_005,389.35,10,802,200.42,371.0,36.12,6677489.593927336,0.362061855670103,0.19502062309725998,Non-Critical,Automated Replenishment
Product_1731,28723.635137065667,231.47,6648659.82517659,B,308.856291796405,412.09205816139587,SUP_0606,4,99.0,392,1.65,1360.0,2596.0,Category_005,231.47,4,2116,196.47,787.0,1.0,6648659.82517659,0.0,0.19417863010177355,Non-Critical,Automated Replenishment
Product_0514,9600.717821633298,689.63,6620943.031332971,B,147.70335110205073,172.79497488001874,SUP_0849,8,60.41,74,1.65,807.0,1989.0,Category_022,689.63,8,3025,108.56,732.0,39.59,6620943.031332971,0.39783505154639176,0.19336914229507493,Non-Critical,Automated Replenishment
Product_0211,25384.866990134833,258.0,6549295.683454787,B,102.7727408507483,229.4000678233322,SUP_0791,7,41.63,183,1.65,1002.0,1722.0,Category_007,258.0,7,4103,95.24,1479.0,58.37,6549295.683454787,0.5914432989690722,0.19127663279282478,Bottleneck,Maintain Higher Safety Stock
Product_1296,13911.417308443892,470.78,6549217.040469215,B,869.4635817777432,822.6707344362549,SUP_0758,4,99.0,203,1.65,2715.0,6193.0,Category_019,470.78,4,1874,303.7,415.0,1.0,6549217.040469215,0.0,0.1912743359709679,Non-Critical,Automated Replenishment
Product_0140,12888.27928469753,507.71,6543508.275633783,B,91.40623606168461,182.10146205495528,SUP_0956,12,72.98,269,1.65,1041.0,2138.0,Category_007,507.71,12,5386,25.17,2349.0,27.019999999999996,6543508.275633783,0.2682474226804123,0.19110760761300322,Non-Critical,Automated Replenishment
Product_0230,8633.37867672387,752.38,6495581.448793506,B,104.0166105629382,247.29668583772997,SUP_0882,9,26.1,702,1.65,1225.0,2162.0,Category_007,752.38,9,3053,81.07,807.0,73.9,6495581.448793506,0.7515463917525774,0.18970787205340528,Bottleneck,Maintain Higher Safety Stock
Product_1563,13161.523832788269,492.25,6478760.106690025,B,223.07667513200457,284.92523698353006,SUP_0816,3,91.08,222,1.65,815.0,1485.0,Category_019,492.25,3,4456,151.73,880.0,8.920000000000002,6478760.106690025,0.08164948453608248,0.18921659332174895,Non-Critical,Automated Replenishment
Product_0226,61093.604667234795,105.57,6449651.844719977,B,355.1953759722953,1293.636557038026,SUP_0555,3,61.76,859,1.65,3698.0,4764.0,Category_007,105.57,3,2989,123.28,1722.0,38.24,6449651.844719977,0.3839175257731959,0.18836646674246688,Non-Critical,Automated Replenishment
Product_0422,136357.02979202455,46.93,6399235.408139712,B,1770.8705167795397,2329.0284761621665,SUP_0339,14,77.52,1057,1.65,14379.0,39172.0,Category_019,46.93,14,3490,405.6,1532.0,22.480000000000004,6399235.408139712,0.22144329896907222,0.18689402043792028,Non-Critical,Automated Replenishment
Product_1544,7554.068343788622,846.7,6396029.666685826,B,243.67962399318134,392.55331409280916,SUP_0821,12,99.0,294,1.65,2244.0,5169.0,Category_019,846.7,12,5599,191.1,666.0,1.0,6396029.666685826,0.0,0.18680039457942485,Non-Critical,Automated Replenishment
Product_1214,19862.26924141109,318.97,6335468.019932896,B,863.5769235396126,1610.6376115937048,SUP_0634,2,62.82,350,1.65,3759.0,5487.0,Category_019,318.97,2,5938,349.37,822.0,37.18,6335468.019932896,0.37298969072164945,0.18503165051484502,Non-Critical,Automated Replenishment
Product_1989,4306.9382818494105,1461.35,6293944.258180636,B,1435.6460939498036,512.2736335902449,SUP_0873,11,40.6,571,1.65,2804.0,18597.0,Category_005,1461.35,11,1073,366.06,159.0,59.4,6293944.258180636,0.6020618556701031,0.18381892082408932,Bottleneck,Maintain Higher Safety Stock
Product_0061,20200.530186670647,310.67,6275698.71309297,B,492.69585821147916,663.108636421695,SUP_0626,14,66.61,153,1.65,4094.0,10992.0,Category_019,310.67,14,2966,407.16,543.0,33.39,6275698.71309297,0.33391752577319583,0.18328604727607484,Non-Critical,Automated Replenishment
Product_0008,56157.734035590496,111.11,6239685.82869446,B,1039.9580376961203,1156.0373668705977,SUP_0472,5,99.0,555,1.65,4266.0,9466.0,Category_005,111.11,5,993,411.33,521.0,1.0,6239685.82869446,0.0,0.18223426650485297,Non-Critical,Automated Replenishment
Product_1160,27999.027006463144,222.65,6233983.36298902,B,1399.9513503231572,1789.2217389272155,SUP_0536,8,69.29,781,1.65,8351.0,19551.0,Category_006,222.65,8,5499,394.46,884.0,30.709999999999994,6233983.36298902,0.30628865979381437,0.182067722117262,Non-Critical,Automated Replenishment
Product_0053,37633.203776185415,164.94,6207220.630844022,B,917.8830189313516,648.045959352682,SUP_0537,11,78.57,365,1.65,3547.0,13644.0,Category_019,164.94,11,5598,429.7,991.0,21.430000000000007,6207220.630844022,0.210618556701031,0.1812860983310641,Non-Critical,Automated Replenishment
Product_1551,4548.0956750608375,1363.33,6200555.276680691,B,324.86397679005984,218.460570315515,SUP_0865,14,76.48,266,1.65,1349.0,5898.0,Category_019,1363.33,14,4685,229.74,431.0,23.519999999999996,6200555.276680691,0.23216494845360822,0.18109143213146733,Non-Critical,Automated Replenishment
Product_0095,113915.72963395022,54.31,6186763.276419837,B,2588.9938553170505,4297.013149611135,SUP_0377,2,90.18,852,1.65,10027.0,15205.0,Category_019,54.31,2,4751,414.01,1617.0,9.819999999999993,6186763.276419837,0.09092783505154632,0.1806886273877392,Non-Critical,Automated Replenishment
Product_0201,21077.428320927484,291.94,6153344.4240115695,B,376.3826485879908,553.3255632974852,SUP_0695,3,58.85,132,1.65,1582.0,2712.0,Category_007,291.94,3,3686,178.77,933.0,41.15,6153344.4240115695,0.41391752577319585,0.17971260708427322,Non-Critical,Automated Replenishment
Product_1901,63168.2255038427,96.84,6117210.9577921275,B,2256.008053708668,1420.1749508181317,SUP_0489,6,99.0,776,1.65,5740.0,19277.0,Category_019,96.84,6,3467,232.44,1373.0,1.0,6117210.9577921275,0.0,0.17865730463899682,Non-Critical,Automated Replenishment
Product_0143,15000.0,405.37,6080550.0,B,2500.0,1643.1676725154985,SUP_0668,6,80.16,257,1.65,6642.0,21642.0,Category_005,405.37,6,2596,387.81,449.0,19.840000000000003,6080550.0,0.19422680412371138,0.17758659644373956,Non-Critical,Automated Replenishment
Product_0551,18890.23830231313,320.29,6050354.425847873,B,484.36508467469565,658.8651275590755,SUP_0554,11,71.69,310,1.65,3606.0,8935.0,Category_030,320.29,11,4436,243.43,830.0,28.310000000000002,6050354.425847873,0.28154639175257734,0.17670471417300077,Non-Critical,Automated Replenishment
Product_0879,7189.998717120674,837.97,6025003.224985612,B,342.38089129146067,496.5562243088071,SUP_0714,8,44.09,186,1.65,2318.0,5058.0,Category_023,837.97,8,5931,290.36,542.0,55.91,6025003.224985612,0.5660824742268041,0.17596431511750568,Bottleneck,Maintain Higher Safety Stock
Product_0367,46962.46497812179,127.85,6004151.14745287,B,782.7077496353631,925.7082552369313,SUP_0494,14,99.0,199,1.65,5716.0,16674.0,Category_019,127.85,14,3299,299.58,1018.0,1.0,6004151.14745287,0.0,0.1753553160174538,Non-Critical,Automated Replenishment
Product_0308,16214.540080358784,369.82,5996461.212518285,B,54.04846693452928,156.83305127764334,SUP_0967,9,37.6,153,1.65,777.0,1264.0,Category_024,369.82,9,3433,20.15,2351.0,62.4,5996461.212518285,0.6329896907216495,0.17513072623989967,Bottleneck,Maintain Higher Safety Stock
Product_1903,13555.968346639798,434.69,5892643.880600854,B,437.28930150450964,411.9397417130426,SUP_0698,14,83.4,413,1.65,2544.0,8667.0,Category_019,434.69,14,3087,243.74,586.0,16.599999999999994,5892643.880600854,0.1608247422680412,0.1720986704839094,Non-Critical,Automated Replenishment
Product_1742,18618.857436080925,314.86,5862333.452324441,B,1241.257162405395,555.390274062941,SUP_0648,14,99.0,1366,1.65,3429.0,20807.0,Category_030,314.86,14,5453,293.03,833.0,1.0,5862333.452324441,0.0,0.17121343382039042,Non-Critical,Automated Replenishment
Product_1105,5196.849993868954,1104.86,5741791.684226052,B,288.71388854827524,441.8109224380294,SUP_0972,2,86.78,616,1.65,1031.0,1609.0,Category_006,1104.86,2,2522,138.36,436.0,13.219999999999999,5741791.684226052,0.12597938144329895,0.1676929295360899,Non-Critical,Automated Replenishment
Product_1899,20183.17397501083,282.6,5703764.965338062,B,672.7724658336944,1003.5227002739674,SUP_0585,10,70.37,1034,1.65,5237.0,11965.0,Category_019,282.6,10,2537,417.64,496.0,29.629999999999995,5703764.965338062,0.29515463917525764,0.16658233335955308,Non-Critical,Automated Replenishment
Product_0870,21702.994302050483,262.26,5691827.285655759,B,1669.4611001577296,2204.9885265334074,SUP_0517,6,63.29,532,1.65,8912.0,18929.0,Category_023,262.26,6,5746,264.25,972.0,36.71,5691827.285655759,0.3681443298969072,0.1662336853089301,Non-Critical,Automated Replenishment
Product_0463,11719.697238905634,485.53,5690264.600405852,B,37.32387655702431,70.02204165345638,SUP_1004,2,99.0,155,1.65,164.0,239.0,Category_015,485.53,2,5517,32.44,1997.0,1.0,5690264.600405852,0.0,0.1661880460238582,Non-Critical,Automated Replenishment
Product_1302,21728.513708366714,260.54,5661146.961577864,B,639.073932599021,1091.6663270063052,SUP_0644,4,27.49,245,1.65,3603.0,6160.0,Category_019,260.54,4,904,278.36,376.0,72.51,5661146.961577864,0.7372164948453609,0.1653376455870654,Bottleneck,Maintain Higher Safety Stock
Product_1550,22090.51682613781,255.0,5633081.790665141,B,334.7048003960274,282.0160586592666,SUP_0757,5,44.55,761,1.65,1041.0,2715.0,Category_019,255.0,5,3590,163.42,986.0,55.45,5633081.790665141,0.561340206185567,0.16451798319122912,Bottleneck,Maintain Higher Safety Stock
Product_0090,15535.96064594823,362.18,5626814.22674953,B,913.8800379969547,889.2962554778494,SUP_0665,5,73.86,186,1.65,3282.0,7852.0,Category_019,362.18,5,5145,238.26,820.0,26.14,5626814.22674953,0.25917525773195876,0.16433493472624372,Non-Critical,Automated Replenishment
Product_0399,11596.142710259908,485.14,5625752.674455492,B,168.06003927912911,133.89278173442963,SUP_0978,11,45.37,352,1.65,733.0,2582.0,Category_030,485.14,11,5246,30.52,1997.0,54.63,5625752.674455492,0.5528865979381444,0.16430393136982938,Bottleneck,Maintain Higher Safety Stock
Product_0015,16257.134716601891,336.66,5473126.973691193,B,956.3020421530524,1179.0746472045735,SUP_0603,13,67.3,314,1.65,7015.0,19447.0,Category_005,336.66,13,3355,269.05,637.0,32.7,5473126.973691193,0.3268041237113402,0.15984639402064674,Non-Critical,Automated Replenishment
Product_1009,30064.27074752267,181.37,5452756.785478187,B,400.85694330030225,705.6591722913219,SUP_0605,10,58.94,100,1.65,3682.0,7691.0,Category_005,181.37,10,2537,174.51,935.0,41.06,5452756.785478187,0.4129896907216495,0.15925146882577684,Non-Critical,Automated Replenishment
Product_1293,8148.178746868787,653.4,5324019.993204066,B,99.36803349839984,245.22138644901466,SUP_0912,12,99.0,62,1.65,1402.0,2595.0,Category_019,653.4,12,1483,82.51,542.0,1.0,5324019.993204066,0.0,0.15549162328926355,Non-Critical,Automated Replenishment
Product_0217,21546.497964841565,246.56,5312504.538211336,B,219.86222413103638,396.93101013957,SUP_0677,13,42.73,240,1.65,2362.0,5221.0,Category_007,246.56,13,1333,138.47,645.0,57.27,5312504.538211336,0.5801030927835052,0.1551553065977373,Bottleneck,Maintain Higher Safety Stock
Product_1589,28633.057701939062,185.25,5304273.939284211,B,1908.870513462604,1952.886503515264,SUP_0598,14,44.54,274,1.65,12057.0,38782.0,Category_030,185.25,14,2474,233.45,780.0,55.46,5304273.939284211,0.5614432989690722,0.15491492636072557,Bottleneck,Maintain Higher Safety Stock
Product_0229,4946.23376129938,1066.58,5275554.005126692,B,183.19384301108815,486.91762352653035,SUP_0942,6,74.98,463,1.65,1968.0,3068.0,Category_007,1066.58,6,1489,111.07,365.0,25.019999999999996,5275554.005126692,0.2476288659793814,0.15407614115920235,Non-Critical,Automated Replenishment
Product_0905,34273.00148527661,152.66,5232116.406742327,B,219.69872746972186,479.2417352740638,SUP_0614,5,35.28,111,1.65,1769.0,2868.0,Category_023,152.66,5,3092,233.55,953.0,64.72,5232116.406742327,0.6569072164948454,0.1528075165685371,Bottleneck,Maintain Higher Safety Stock
Product_1386,15156.028761784582,343.85,5211400.489739629,B,606.2411504713833,939.7410321913426,SUP_0672,9,54.12,458,1.65,4652.0,10109.0,Category_019,343.85,9,2745,253.84,573.0,45.88,5211400.489739629,0.462680412371134,0.15220249412933012,Non-Critical,Automated Replenishment
Product_0558,101384.77951632663,51.21,5191914.559031087,B,2896.7079861807606,3901.5649686953866,SUP_0370,12,88.48,337,1.65,22301.0,57062.0,Category_030,51.21,12,4397,442.56,1420.0,11.519999999999996,5191914.559031087,0.10845360824742263,0.1516333942760161,Non-Critical,Automated Replenishment
Product_1565,7614.241779794795,679.62,5174790.998384139,B,237.94505561858733,382.80392430841135,SUP_0826,4,65.32,233,1.65,1264.0,2216.0,Category_019,679.62,4,3952,207.07,540.0,34.68000000000001,5174790.998384139,0.3472164948453609,0.15113328904634288,Non-Critical,Automated Replenishment
Product_2111,19592.999199280104,262.53,5143750.079787006,B,197.90908282101114,426.08458560568516,SUP_0748,12,47.14,363,1.65,2436.0,4811.0,Category_009,262.53,12,1284,178.05,532.0,52.86,5143750.079787006,0.534639175257732,0.15022671791640363,Bottleneck,Maintain Higher Safety Stock
Product_0208,7573.049183218251,677.53,5130968.013105861,B,109.7543359886703,182.6128867105182,SUP_1007,6,47.13,272,1.65,739.0,1398.0,Category_007,677.53,6,2483,27.56,1169.0,52.87,5130968.013105861,0.5347422680412371,0.1498534089694463,Bottleneck,Maintain Higher Safety Stock
Product_0215,44777.15562088724,113.48,5081311.6198582845,B,258.82748913807654,678.9509930284413,SUP_0534,4,44.26,672,1.65,2241.0,3277.0,Category_007,113.48,4,978,254.24,587.0,55.74,5081311.6198582845,0.5643298969072166,0.1484031602471253,Bottleneck,Maintain Higher Safety Stock
Product_0554,18000.0,280.03,5040539.999999999,B,3600.0,4037.32584763727,SUP_0646,13,73.07,1326,1.65,24019.0,70819.0,Category_030,280.03,13,2506,294.44,554.0,26.930000000000007,5040539.999999999,0.26731958762886604,0.147212397371706,Non-Critical,Automated Replenishment
Product_0410,8109.3161590310565,620.6,5032641.608294674,B,20.8465711029076,53.742189259528395,SUP_1104,13,46.76,230,1.65,320.0,592.0,Category_019,620.6,13,3536,14.83,1967.0,53.24,5032641.608294674,0.5385567010309279,0.1469817194724488,Bottleneck,Maintain Higher Safety Stock
Product_1491,12719.473472874959,394.67,5019994.595539561,B,334.72298612828837,296.9110409997258,SUP_0845,9,50.18,210,1.65,1470.0,4483.0,Category_019,394.67,9,2880,134.3,739.0,49.82,5019994.595539561,0.503298969072165,0.1466123548672139,Bottleneck,Maintain Higher Safety Stock
Product_0076,6465.219351035565,773.12,4998390.384672616,B,380.30702064915084,320.3911338585553,SUP_0903,9,99.0,166,1.65,1586.0,5009.0,Category_019,773.12,9,5871,152.3,707.0,1.0,4998390.384672616,0.0,0.14598138920181955,Non-Critical,Automated Replenishment
Product_1993,10380.818583796308,477.99,4961927.474868798,B,288.35607177211966,330.7102108117833,SUP_0901,4,67.68,679,1.65,1092.0,2246.0,Category_005,477.99,4,3016,71.32,938.0,32.31999999999999,4961927.474868798,0.3228865979381442,0.14491646513269832,Non-Critical,Automated Replenishment
Product_2005,13743.574516712393,354.99,4878831.517687732,B,1145.2978763926994,666.7070566422352,SUP_0779,13,92.73,171,1.65,3967.0,18856.0,Category_005,354.99,13,3353,251.77,606.0,7.269999999999996,4878831.517687732,0.06463917525773191,0.14248959121273713,Non-Critical,Automated Replenishment
Product_1576,11498.523956742336,422.48,4857896.4012445025,B,1149.8523956742335,2035.979720949769,SUP_0699,4,95.92,765,1.65,6719.0,11319.0,Category_019,422.48,4,1284,392.55,275.0,4.079999999999998,4857896.4012445025,0.03175257731958761,0.14187816690485272,Non-Critical,Automated Replenishment
Product_0219,36651.10960203882,131.55,4821453.468148207,B,377.84649074266827,846.4531179555244,SUP_0700,5,55.81,361,1.65,3123.0,5013.0,Category_007,131.55,5,1632,159.31,867.0,44.19,4821453.468148207,0.44525773195876284,0.1408138262690553,Non-Critical,Automated Replenishment
Product_1625,14808.418143347375,324.04,4798519.815170283,B,1480.8418143347376,559.5315444686214,SUP_0719,10,53.55,147,1.65,2920.0,17729.0,Category_019,324.04,10,5646,241.81,832.0,46.45,4798519.815170283,0.46855670103092784,0.14014403334302536,Non-Critical,Automated Replenishment
Product_1562,7641.665586374088,625.32,4778486.324471445,B,382.0832793187044,295.14880718905556,SUP_0804,13,65.35,302,1.65,1756.0,6724.0,Category_019,625.32,13,3452,396.45,365.0,34.650000000000006,4778486.324471445,0.3469072164948454,0.1395589416279512,Non-Critical,Automated Replenishment
Product_1737,15973.751368279414,298.96,4775512.709060813,B,1996.7189210349268,1927.2705669207721,SUP_0660,13,65.7,243,1.65,11466.0,37424.0,Category_030,298.96,13,5809,290.9,799.0,34.3,4775512.709060813,0.3432989690721649,0.13947209516835354,Non-Critical,Automated Replenishment
Product_0359,21080.821418282165,225.33,4750141.490181521,B,3513.470236380361,2947.0195791600067,SUP_0659,2,72.68,642,1.65,6877.0,13904.0,Category_005,225.33,2,1840,336.77,480.0,27.319999999999993,4750141.490181521,0.2713402061855669,0.13873111147306236,Non-Critical,Automated Replenishment
Product_0126,61052.5059767862,77.02,4702264.010332073,B,2261.2039250661555,2870.8551526133065,SUP_0453,14,52.34,530,1.65,17724.0,49381.0,Category_019,77.02,14,2061,391.88,802.0,47.66,4702264.010332073,0.48103092783505147,0.13733281712587878,Non-Critical,Automated Replenishment
Product_1390,23728.80800156354,195.14,4630439.593425109,B,325.05216440498,421.0943312033507,SUP_0624,7,75.97,357,1.65,1839.0,4115.0,Category_019,195.14,7,3481,303.01,739.0,24.03,4630439.593425109,0.23742268041237116,0.1352351362022676,Non-Critical,Automated Replenishment
Product_1032,14862.46574837267,311.44,4628766.332673185,B,256.2494094547012,263.36018653133635,SUP_0812,13,73.01,257,1.65,1567.0,4899.0,Category_028,311.44,13,2349,135.56,718.0,26.989999999999995,4628766.332673185,0.2679381443298968,0.13518626748448762,Non-Critical,Automated Replenishment
Product_1543,38820.261230293465,118.96,4618058.275955711,B,1141.7723891262783,878.3289801554604,SUP_0490,7,82.12,540,1.65,3835.0,11828.0,Category_019,118.96,7,2214,292.21,767.0,17.879999999999995,4618058.275955711,0.17402061855670098,0.1348735314084776,Non-Critical,Automated Replenishment
Product_1133,49641.782373329464,92.81,4607253.822068708,B,1711.7855990803264,2321.5936160432666,SUP_0512,13,74.9,303,1.65,13812.0,36066.0,Category_030,92.81,13,4119,257.69,1260.0,25.099999999999994,4607253.822068708,0.2484536082474226,0.13455797998759855,Non-Critical,Automated Replenishment
Product_0383,17484.041350386447,263.36,4604597.130037775,B,249.77201929123495,347.6049501454296,SUP_0744,8,59.9,419,1.65,1623.0,3622.0,Category_030,263.36,8,4384,191.58,895.0,40.1,4604597.130037775,0.40309278350515465,0.13448038949075655,Non-Critical,Automated Replenishment
Product_0563,10400.0,441.2,4588480.0,B,1300.0,860.2325267042627,SUP_0764,9,41.18,570,1.65,4259.0,15959.0,Category_030,441.2,9,956,379.02,230.0,58.82,4588480.0,0.5960824742268042,0.13400967775121825,Bottleneck,Maintain Higher Safety Stock
Product_0007,22220.55123639458,206.04,4578322.376746739,B,233.9005393304693,234.30900619519298,SUP_0683,6,78.19,599,1.65,947.0,2351.0,Category_005,206.04,6,822,244.35,387.0,21.810000000000002,4578322.376746739,0.21453608247422684,0.13371301745872755,Non-Critical,Automated Replenishment
Product_1228,29950.02386511942,152.23,4559292.132987129,B,1497.501193255971,944.5800124498144,SUP_0578,9,58.74,1263,1.65,4676.0,18154.0,Category_019,152.23,9,2552,258.24,770.0,41.26,4559292.132987129,0.4150515463917525,0.13315722625254323,Non-Critical,Automated Replenishment
Product_2149,5794.3410809455745,783.71,4541083.0485478565,B,526.7582800859614,756.5989380049306,SUP_0799,11,56.17,903,1.65,4141.0,9936.0,Category_005,783.71,11,4684,284.71,437.0,43.83,4541083.0485478565,0.44154639175257726,0.13262541756255186,Non-Critical,Automated Replenishment
Product_1343,21000.0,212.28,4457880.0,B,5250.0,4991.65971062398,SUP_0595,7,62.31,339,1.65,21792.0,58542.0,Category_019,212.28,7,2711,303.02,613.0,37.69,4457880.0,0.37824742268041234,0.13019541596642042,Non-Critical,Automated Replenishment
Product_1252,9836.920054405029,451.38,4440188.974157342,B,281.05485869728653,432.85812014626805,SUP_0870,13,58.45,886,1.65,2576.0,6230.0,Category_019,451.38,13,5801,137.02,913.0,41.55,4440188.974157342,0.418041237113402,0.12967873752993098,Non-Critical,Automated Replenishment
Product_0916,6400.0,688.85,4408640.0,B,711.1111111111111,690.0080514828151,SUP_0825,11,66.42,450,1.65,3777.0,11600.0,Category_023,688.85,11,2076,234.42,337.0,33.58,4408640.0,0.3358762886597938,0.12875732829196831,Non-Critical,Automated Replenishment
Product_0922,9000.0,486.63,4379670.0,B,750.0,1381.3695443949161,SUP_0803,7,75.72,440,1.65,6031.0,11281.0,Category_023,486.63,7,2894,197.67,514.0,24.28,4379670.0,0.24000000000000002,0.1279112397475151,Non-Critical,Automated Replenishment
Product_2025,17283.70047243876,250.96,4337517.470563231,B,308.6375084364064,334.5481165181647,SUP_0692,14,65.04,331,1.65,2066.0,6387.0,Category_005,250.96,14,4118,320.91,667.0,34.959999999999994,4337517.470563231,0.35010309278350504,0.126680146469083,Non-Critical,Automated Replenishment
Product_1036,18176.476561888063,238.36,4332544.953291639,B,586.3379536092923,1272.3846538180287,SUP_0710,14,46.94,369,1.65,7856.0,16065.0,Category_005,238.36,14,1120,237.13,415.0,53.06,4332544.953291639,0.536701030927835,0.12653492072173778,Bottleneck,Maintain Higher Safety Stock
Product_1207,19249.071802688904,224.36,4318721.749651283,B,663.7610966444449,659.6870258102717,SUP_0732,7,76.42,439,1.65,2880.0,7527.0,Category_019,224.36,7,2268,189.97,678.0,23.58,4318721.749651283,0.23278350515463916,0.12613120466209854,Non-Critical,Automated Replenishment
Product_2000,10788.978953902548,397.76,4291424.268704277,B,234.54302073701191,254.60699886449012,SUP_0888,7,61.74,229,1.65,1112.0,2754.0,Category_005,397.76,7,3062,60.87,1042.0,38.26,4291424.268704277,0.3841237113402061,0.12533396317360382,Non-Critical,Automated Replenishment
Product_1251,7115.275597267846,602.23,4285032.422942615,B,273.6644460487633,415.164449841962,SUP_0852,8,67.45,1683,1.65,1938.0,4128.0,Category_019,602.23,8,1343,205.39,306.0,32.55,4285032.422942615,0.32525773195876284,0.1251472849728149,Non-Critical,Automated Replenishment
Product_0894,18625.414702301634,229.1,4267082.508297305,B,282.2032530651763,878.1452967881158,SUP_0636,3,76.75,297,1.65,2510.0,3357.0,Category_023,229.1,3,4211,344.1,676.0,23.25,4267082.508297305,0.2293814432989691,0.12462304551284561,Non-Critical,Automated Replenishment
Product_0889,13146.058512728427,324.09,4260506.103390155,B,657.3029256364214,782.586357165429,SUP_0723,5,79.21,56,1.65,2888.0,6175.0,Category_023,324.09,5,3984,418.91,501.0,20.790000000000006,4260506.103390155,0.2040206185567011,0.12443097713674534,Non-Critical,Automated Replenishment
Product_1531,8136.0438365593,522.84,4253849.159506665,B,176.87051818607173,185.27783965774526,SUP_0916,11,84.45,270,1.65,1014.0,2960.0,Category_019,522.84,11,5587,103.23,939.0,15.549999999999997,4253849.159506665,0.14999999999999997,0.12423655656508881,Non-Critical,Automated Replenishment
Product_0950,24592.90839517216,172.33,4238095.903740019,B,630.587394748004,491.48396741403525,SUP_0676,3,27.25,282,1.65,1405.0,3297.0,Category_006,172.33,3,1926,209.27,673.0,72.75,4238095.903740019,0.7396907216494846,0.1237764720210087,Bottleneck,Maintain Higher Safety Stock
Product_1011,10297.928211243114,411.08,4233272.329077819,B,187.23505838623842,229.79093986643156,SUP_0820,6,99.0,115,1.65,929.0,2053.0,Category_005,411.08,6,5842,129.78,963.0,1.0,4233272.329077819,0.0,0.12363559624382534,Non-Critical,Automated Replenishment
Product_0991,19559.349165576317,216.21,4228926.883089256,B,501.52177347631584,775.7517167945921,SUP_0670,14,29.53,183,1.65,4790.0,11812.0,Category_028,216.21,14,4307,293.06,759.0,70.47,4228926.883089256,0.7161855670103093,0.12350868453959807,Bottleneck,Maintain Higher Safety Stock
Product_1230,5201.60346844706,805.85,4191712.155048063,B,133.37444790889896,121.39555108965963,SUP_0962,12,57.26,1148,1.65,694.0,2295.0,Category_019,805.85,12,4242,75.94,763.0,42.74,4191712.155048063,0.43030927835051547,0.12242180310775147,Non-Critical,Automated Replenishment
Product_1015,34834.9865667205,119.32,4156510.59714109,B,338.2037530749563,1028.9729523810797,SUP_0519,12,55.2,510,1.65,5882.0,9941.0,Category_007,119.32,12,5392,248.16,1231.0,44.8,4156510.59714109,0.45154639175257727,0.1213937176782728,Non-Critical,Automated Replenishment
Product_1840,25117.24315140778,163.94,4117720.8422417915,B,570.8464352592678,472.646822986607,SUP_0596,5,54.73,193,1.65,1744.0,4599.0,Category_006,163.94,5,5387,425.99,798.0,45.27,4117720.8422417915,0.45639175257731956,0.12026083651629678,Non-Critical,Automated Replenishment
Product_0646,6584.005699979268,624.63,4112567.48037805,B,168.8206589738274,157.1780245261479,SUP_0970,6,72.88,284,1.65,636.0,1649.0,Category_022,624.63,6,5775,64.91,1083.0,27.120000000000005,4112567.48037805,0.26927835051546395,0.12011032907969568,Non-Critical,Automated Replenishment
Product_1226,46443.652843246025,87.48,4062890.7507271627,B,540.0424749214654,818.0015111294255,SUP_0663,6,84.19,312,1.65,3307.0,6548.0,Category_019,87.48,6,3465,94.69,1844.0,15.810000000000002,4062890.7507271627,0.15268041237113406,0.11865948641889083,Non-Critical,Automated Replenishment
Product_1530,11613.732159554975,345.88,4016957.679346875,B,124.87884042532231,152.89064787147862,SUP_0833,4,99.0,133,1.65,505.0,1005.0,Category_019,345.88,4,3497,129.95,791.0,1.0,4016957.679346875,0.0,0.11731797984290139,Non-Critical,Automated Replenishment
Product_0043,9920.483405535786,400.45,3972657.5797468056,B,162.63087550058665,158.53413171703815,SUP_0835,2,54.46,204,1.65,370.0,696.0,Category_005,400.45,2,3686,127.34,758.0,45.54,3972657.5797468056,0.4591752577319587,0.11602416531788391,Non-Critical,Automated Replenishment
Product_0994,7311.271835970421,540.7,3953204.681709207,B,221.55369199910368,188.7506124416738,SUP_0884,12,52.03,123,1.65,1079.0,3738.0,Category_028,540.7,12,1097,107.52,387.0,47.97,3953204.681709207,0.4842268041237113,0.11545603020618116,Non-Critical,Automated Replenishment
Product_0294,2046.539263108518,1930.59,3951028.2359646736,B,21.098342918644516,35.10290786892449,SUP_1161,2,47.62,135,1.65,82.0,125.0,Category_015,1930.59,2,3056,31.08,635.0,52.38,3951028.2359646736,0.5296907216494846,0.11539246562861562,Bottleneck,Maintain Higher Safety Stock
Product_2110,4414.775137966708,890.99,3933520.5001769573,B,98.10611417703795,154.3515042975183,SUP_1089,5,44.62,257,1.65,570.0,1061.0,Category_009,890.99,5,1350,36.95,568.0,55.38,3933520.5001769573,0.560618556701031,0.11488114030278543,Bottleneck,Maintain Higher Safety Stock
Product_0384,13923.126436685206,281.69,3922005.4859498558,B,928.2084291123471,593.1606583072776,SUP_0687,9,64.96,955,1.65,2937.0,11291.0,Category_030,281.69,9,2517,297.7,486.0,35.040000000000006,3922005.4859498558,0.35092783505154646,0.11454483648411898,Non-Critical,Automated Replenishment
Product_0243,4194.506794333541,915.47,3839945.1350085265,B,56.68252424775055,65.39322155575128,SUP_0966,6,35.59,841,1.65,265.0,606.0,Category_007,915.47,6,2724,81.28,531.0,64.41,3839945.1350085265,0.6537113402061856,0.11214820814841753,Bottleneck,Maintain Higher Safety Stock
Product_2148,8690.132101010271,439.58,3820008.268962095,B,299.6597276210438,316.5859967423861,SUP_0827,2,99.0,242,1.65,739.0,1339.0,Category_011,439.58,2,873,237.34,253.0,1.0,3820008.268962095,0.0,0.11156593842200453,Non-Critical,Automated Replenishment
Product_1188,5440.503965252566,691.62,3762761.3524479796,B,302.2502202918092,244.3779908235049,SUP_0948,8,63.29,341,1.65,1141.0,3560.0,Category_019,691.62,8,5357,105.37,744.0,36.71,3762761.3524479796,0.3681443298969072,0.10989400330747696,Non-Critical,Automated Replenishment
Product_1229,21443.9452735293,173.17,3713448.003017069,B,420.4695151672412,559.8210838408972,SUP_0630,10,65.41,208,1.65,2922.0,7127.0,Category_019,173.17,10,1955,304.52,525.0,34.59,3713448.003017069,0.34628865979381446,0.10845377341303053,Non-Critical,Automated Replenishment
Product_1538,12900.154960360056,285.44,3682220.2318851743,B,537.506456681669,859.397387089625,SUP_0840,4,72.67,594,1.65,2837.0,4988.0,Category_019,285.44,4,1932,148.23,580.0,27.33,3682220.2318851743,0.2714432989690721,0.10754174512778705,Non-Critical,Automated Replenishment
Product_1535,31192.120389522956,117.72,3671936.412254642,B,311.92120389522955,476.7184809925441,SUP_0671,7,48.71,912,1.65,2082.0,4266.0,Category_019,117.72,7,4819,125.11,1551.0,51.29,3671936.412254642,0.5184536082474227,0.10724139918430702,Bottleneck,Maintain Higher Safety Stock
Product_0275,12809.692600820446,285.81,3661138.242240492,B,191.18944180329024,311.700704004886,SUP_0823,9,83.89,370,1.65,1543.0,3264.0,Category_021,285.81,9,3560,105.45,931.0,16.11,3661138.242240492,0.15577319587628866,0.10692603128820653,Non-Critical,Automated Replenishment
Product_1998,11710.834396229813,310.97,3641718.1721955854,B,900.833415094601,279.2456951346575,SUP_0740,12,55.07,388,1.65,1597.0,12408.0,Category_005,310.97,12,4390,308.59,578.0,44.93,3641718.1721955854,0.4528865979381443,0.10635885494034755,Non-Critical,Automated Replenishment
Product_0419,14139.50913599308,256.97,3633429.662676142,B,744.1846913680569,1137.2422537931977,SUP_0623,5,86.3,215,1.65,4196.0,7917.0,Category_019,256.97,5,5596,267.96,769.0,13.700000000000003,3633429.662676142,0.13092783505154643,0.10611678338511825,Non-Critical,Automated Replenishment
Product_1305,23805.498240173925,150.8,3589869.1346182283,B,276.8081190717898,583.944515270837,SUP_0691,4,60.76,209,1.65,1928.0,3036.0,Category_019,150.8,4,3155,143.37,1024.0,39.24,3589869.1346182283,0.39422680412371136,0.10484456854976669,Non-Critical,Automated Replenishment
Product_1212,5454.678198270136,654.18,3568341.383744357,B,160.43171171382753,140.57995645296438,SUP_0869,10,99.0,325,1.65,734.0,2339.0,Category_019,654.18,10,1658,148.3,350.0,1.0,3568341.383744357,0.0,0.10421583595044928,Non-Critical,Automated Replenishment
Product_0971,6006.254106775994,593.2,3562909.93613952,B,154.0065155583588,188.32309003346927,SUP_0934,7,44.51,832,1.65,823.0,1902.0,Category_028,593.2,7,2216,83.16,566.0,55.49,3562909.93613952,0.5617525773195877,0.10405720683073057,Bottleneck,Maintain Higher Safety Stock
Product_0999,25774.978291109815,137.44,3542513.016330133,C,3221.872286388727,1570.4267375970671,SUP_0631,11,67.72,521,1.28,6667.0,42108.0,Category_028,137.44,11,3280,434.22,625.0,32.28,3542513.016330133,0.3224742268041237,0.10346150092141565,Non-Critical,Automated Replenishment
Product_1497,3737.582539157259,946.24,3536650.1018521646,C,169.89011541623904,251.35790073495258,SUP_0902,9,54.75,299,1.28,966.0,2496.0,Category_019,946.24,9,1545,162.07,267.0,45.25,3536650.1018521646,0.45618556701030927,0.10329027051834633,Non-Critical,Automated Replenishment
Product_0605,6361.702370079166,553.43,3520756.9426729125,C,276.5957552208333,323.1955744445233,SUP_0897,4,42.64,236,1.28,828.0,1935.0,Category_001,553.43,4,3125,100.28,630.0,57.36,3520756.9426729125,0.5810309278350516,0.10282609999999158,Bottleneck,Maintain Higher Safety Stock
Product_0027,3522.0160641865373,993.15,3497890.2541468595,C,100.62903040532963,137.95009796023265,SUP_1044,4,70.13,836,1.28,354.0,757.0,Category_005,993.15,4,1545,81.3,366.0,29.870000000000005,3497890.2541468595,0.2976288659793815,0.10215826281630246,Non-Critical,Automated Replenishment
Product_1534,15581.78614179688,224.04,3490943.367208173,C,1038.7857427864587,1039.6544008034825,SUP_0690,14,46.08,107,1.28,4980.0,19524.0,Category_019,224.04,14,4234,396.76,577.0,53.92,3490943.367208173,0.5455670103092783,0.10195537426060917,Bottleneck,Maintain Higher Safety Stock
Product_0841,16460.68401987947,211.67,3484232.9864878873,C,155.2894718856554,534.7370203153157,SUP_0702,10,46.72,83,1.28,2165.0,3718.0,Category_021,211.67,10,2321,167.16,677.0,53.28,3484232.9864878873,0.5389690721649485,0.1017593930298065,Bottleneck,Maintain Higher Safety Stock
Product_0224,7705.362963384097,452.16,3484056.917523754,C,148.1800569881557,211.36817267882844,SUP_0941,9,87.71,210,1.28,812.0,2146.0,Category_007,452.16,9,4068,69.2,952.0,12.290000000000006,3484056.917523754,0.11639175257731964,0.10175425081601336,Non-Critical,Automated Replenishment
Product_0003,17695.82299446113,195.79,3464665.1840855447,C,280.8860792771608,235.34693704771155,SUP_0686,14,83.02,457,1.28,1128.0,5061.0,Category_005,195.79,14,5308,240.49,884.0,16.980000000000004,3464665.1840855447,0.16474226804123715,0.10118790205801684,Non-Critical,Automated Replenishment
Product_0068,24946.952373339063,138.77,3461888.580848262,C,422.82970124303495,406.6542292882919,SUP_0705,10,90.14,71,1.28,1647.0,5876.0,Category_019,138.77,10,5901,209.73,1185.0,9.86,3461888.580848262,0.091340206185567,0.10110680947287508,Non-Critical,Automated Replenishment
Product_0845,48200.84893882111,71.7,3456000.8689134736,C,541.5825723463046,1381.6253839303115,SUP_0513,8,77.03,612,1.28,5003.0,9336.0,Category_021,71.7,8,2505,324.27,863.0,22.97,3456000.8689134736,0.22649484536082473,0.10093485484322147,Non-Critical,Automated Replenishment
Product_1189,11606.734317390821,297.51,3453119.5267669433,C,429.87904879225266,310.4281359830185,SUP_0817,8,74.46,612,1.28,1124.0,4564.0,Category_019,297.51,8,4767,216.97,715.0,25.540000000000006,3453119.5267669433,0.2529896907216495,0.10085070328703129,Non-Critical,Automated Replenishment
Product_1549,7168.450572870583,477.52,3423078.5175571605,C,2389.483524290194,1395.0915319996182,SUP_0838,9,96.71,349,1.28,5358.0,26864.0,Category_019,477.52,9,2094,439.27,262.0,3.2900000000000063,3423078.5175571605,0.02360824742268048,0.09997333519051035,Non-Critical,Automated Replenishment
Product_1200,23758.548182736824,144.02,3421706.109277758,C,431.9736033224877,447.844153174218,SUP_0738,4,72.36,224,1.28,1147.0,2875.0,Category_019,144.02,4,4706,136.51,1280.0,27.64,3421706.109277758,0.27463917525773196,0.09993325307371659,Non-Critical,Automated Replenishment
Product_1608,6448.841802844914,529.7,3415951.502966951,C,2149.613934281638,1618.1196448806797,SUP_0830,7,74.66,843,1.28,5480.0,20528.0,Category_030,529.7,7,3885,398.68,355.0,25.340000000000003,3415951.502966951,0.2509278350515464,0.09976518588429954,Non-Critical,Automated Replenishment
Product_1039,9357.544490696831,364.3,3408953.4579608557,C,176.55744322069492,214.5935364614921,SUP_0918,9,85.75,272,1.28,825.0,2415.0,Category_005,364.3,9,1689,86.93,604.0,14.25,3408953.4579608557,0.1365979381443299,0.09956080322246917,Non-Critical,Automated Replenishment
Product_1552,6100.0,556.39,3393979.0,C,1220.0,2154.530111184339,SUP_0707,4,76.67,266,1.28,5516.0,10396.0,Category_019,556.39,4,5108,430.66,381.0,23.33,3393979.0,0.2302061855670103,0.09912346399775131,Non-Critical,Automated Replenishment
Product_2083,4115.350354429906,821.31,3379978.3995968257,C,132.75323723967438,249.21840039502675,SUP_0961,5,85.72,138,1.28,714.0,1378.0,Category_009,821.31,5,3364,70.88,626.0,14.280000000000001,3379978.3995968257,0.13690721649484539,0.09871456694505566,Non-Critical,Automated Replenishment
Product_1499,16663.07175008682,199.67,3327115.5363398353,C,228.26125685050437,355.2890433577483,SUP_0760,11,79.69,496,1.28,1509.0,4020.0,Category_019,199.67,11,5013,133.28,1120.0,20.310000000000002,3327115.5363398353,0.19907216494845364,0.09717067108627976,Non-Critical,Automated Replenishment
Product_0246,6841.393709485425,483.83,3310071.518460333,C,195.46839169958355,441.9172906803976,SUP_0931,13,54.93,271,1.28,2040.0,4582.0,Category_007,483.83,13,3384,136.5,583.0,45.07,3310071.518460333,0.4543298969072165,0.09667288895720474,Non-Critical,Automated Replenishment
Product_0029,1621.4667821187857,2039.6,3307143.648809475,C,70.49855574429503,59.012997645592655,SUP_1274,5,77.11,96,1.28,169.0,522.0,Category_005,2039.6,5,2299,19.34,621.0,22.89,3307143.648809475,0.2256701030927835,0.09658737853362025,Non-Critical,Automated Replenishment
Product_0808,1934.9689849015278,1705.1,3299315.616155595,C,77.39875939606111,144.97029848173693,SUP_1222,5,63.57,267,1.28,415.0,802.0,Category_001,1705.1,5,5422,20.82,1004.0,36.43,3299315.616155595,0.3652577319587629,0.09635875551829219,Non-Critical,Automated Replenishment
Product_1609,12064.203322196458,271.79,3278929.8209397756,C,1005.3502768497048,426.5855308227114,SUP_0697,4,99.0,1253,1.28,1093.0,5115.0,Category_030,271.79,4,1848,365.73,350.0,1.0,3278929.8209397756,0.0,0.09576337451029514,Non-Critical,Automated Replenishment
Product_0705,3613.635264399428,906.34,3275182.1855357774,C,38.85629316558524,32.06609169299261,SUP_1172,7,82.28,177,1.28,109.0,381.0,Category_001,906.34,7,5314,13.86,1665.0,17.72,3275182.1855357774,0.17237113402061854,0.0956539222705951,Non-Critical,Automated Replenishment
Product_0620,7396.274897767697,440.29,3256505.8747381396,C,5.294398638344808,12.747512856319364,SUP_1393,3,78.27,93,1.28,29.0,45.0,Category_001,440.29,3,2329,1.64,4584.0,21.730000000000004,3256505.8747381396,0.21371134020618562,0.09510846791717675,Non-Critical,Automated Replenishment
Product_1827,3612.628076476094,894.25,3230592.657388747,C,516.0897252108706,501.75375612869504,SUP_0802,2,30.88,63,1.28,909.0,1942.0,Category_006,894.25,2,1640,401.14,172.0,69.12,3230592.657388747,0.7022680412371135,0.09435165478810364,Bottleneck,Maintain Higher Safety Stock
Product_0871,10719.993854885679,301.17,3228540.5492759203,C,669.9996159303549,1086.6462354279745,SUP_0613,8,64.4,298,1.28,3935.0,9295.0,Category_023,301.17,8,2040,355.8,351.0,35.599999999999994,3228540.5492759203,0.35670103092783495,0.09429172157559959,Non-Critical,Automated Replenishment
Product_1313,14926.852651214343,215.37,3214796.2554920334,C,324.4967967655292,861.7504339961861,SUP_0767,11,72.68,233,1.28,3659.0,7229.0,Category_019,215.37,11,5671,204.7,910.0,27.319999999999993,3214796.2554920334,0.2713402061855669,0.0938903101319632,Non-Critical,Automated Replenishment
Product_1283,9917.030917542774,323.28,3205977.7550232275,C,300.51608841038706,250.587585052091,SUP_0872,4,82.74,129,1.28,642.0,1845.0,Category_019,323.28,4,1418,81.77,587.0,17.260000000000005,3205977.7550232275,0.1676288659793815,0.09363275983075808,Non-Critical,Automated Replenishment
Product_0045,11414.080719340107,280.0,3195942.60141523,C,760.9387146226738,942.9764076287961,SUP_0730,11,48.73,500,1.28,4004.0,12375.0,Category_005,280.0,11,1289,290.05,319.0,51.27,3195942.60141523,0.5182474226804125,0.09333967634751489,Bottleneck,Maintain Higher Safety Stock
Product_1889,28109.714138510855,112.4,3159531.86916862,C,137.79271636524928,279.99532955410154,SUP_0790,14,67.38,436,1.28,1341.0,3271.0,Category_007,112.4,14,3071,43.56,1991.0,32.620000000000005,3159531.86916862,0.32597938144329897,0.09227627615942338,Non-Critical,Automated Replenishment
Product_0378,13588.13511343913,230.98,3138587.44850217,C,301.9585580764251,297.5122365779905,SUP_0855,13,73.75,504,1.28,1374.0,5300.0,Category_030,230.98,13,3842,70.96,1214.0,26.25,3138587.44850217,0.2603092783505154,0.09166458011537461,Non-Critical,Automated Replenishment
Product_1291,8382.93165096759,371.88,3117444.622361827,C,106.11305887300747,245.13761013494045,SUP_0969,3,70.55,165,1.28,544.0,863.0,Category_019,371.88,3,879,32.03,679.0,29.450000000000003,3117444.622361827,0.29329896907216496,0.09104708950458032,Non-Critical,Automated Replenishment
Product_0458,3957.7584505048017,783.92,3102566.004519724,C,16.629237186994963,47.554451353350956,SUP_1165,11,84.33,105,1.28,202.0,385.0,Category_015,783.92,11,3543,14.68,1383.0,15.670000000000002,3102566.004519724,0.1512371134020619,0.09061254935568487,Non-Critical,Automated Replenishment
Product_0406,6932.203516890134,443.64,3075402.768233139,C,247.57869703179048,404.5190018175901,SUP_0832,11,35.14,69,1.28,1718.0,4442.0,Category_019,443.64,11,3980,160.97,586.0,64.86,3075402.768233139,0.6583505154639175,0.08981922857376026,Bottleneck,Maintain Higher Safety Stock
Product_0091,6100.0,501.83,3061163.0,C,277.27272727272725,237.4102701309199,SUP_0899,14,94.74,92,1.28,1138.0,5020.0,Category_019,501.83,14,2226,88.81,553.0,5.260000000000005,3061163.0,0.04391752577319593,0.08940334646199885,Non-Critical,Automated Replenishment
Product_0833,12197.817062225211,250.61,3056894.9339642604,C,277.22311505057297,410.07098139660076,SUP_0871,2,97.62,217,1.28,743.0,1298.0,Category_019,250.61,2,4963,95.7,1125.0,2.3799999999999955,3056894.9339642604,0.014226804123711292,0.08927869469189843,Non-Critical,Automated Replenishment
Product_0863,12870.785854022748,231.62,2981131.419508749,C,858.0523902681832,832.6493566248296,SUP_0703,3,69.57,167,1.28,1847.0,4422.0,Category_005,231.62,3,5987,347.4,667.0,30.430000000000007,2981131.419508749,0.30340206185567015,0.08706596974649541,Non-Critical,Automated Replenishment
Product_1026,4070.7017551460312,728.89,2967093.802308391,C,193.8429407212396,217.80777720305662,SUP_0973,6,63.52,248,1.28,683.0,1847.0,Category_028,728.89,6,5367,88.76,702.0,36.48,2967093.802308391,0.3657731958762886,0.08665599159307315,Non-Critical,Automated Replenishment
Product_1730,13531.873263306876,219.24,2966727.8942473996,C,466.61631942437504,378.41218483937456,SUP_0722,10,64.22,390,1.28,1532.0,6199.0,Category_005,219.24,10,3738,344.03,543.0,35.78,2966727.8942473996,0.3585567010309278,0.08664530499939943,Non-Critical,Automated Replenishment
Product_0613,4881.853816072471,607.31,2964798.641038972,C,4.9311654707802735,9.075105389010965,SUP_1363,14,16.78,557,1.28,44.0,114.0,Category_001,607.31,14,3048,2.83,3243.0,83.22,2964798.641038972,0.8476288659793815,0.08658895984789787,Bottleneck,Maintain Higher Safety Stock
Product_1579,11851.14754249815,248.76,2948091.46267184,C,846.5105387498679,316.68616372626025,SUP_0778,9,54.9,330,1.28,1217.0,8836.0,Category_019,248.76,9,5622,225.13,770.0,45.1,2948091.46267184,0.45463917525773195,0.08610101534577266,Non-Critical,Automated Replenishment
Product_1879,39160.032411137945,74.68,2924471.220463782,C,218.77113078848015,241.50013553048743,SUP_0749,6,80.49,294,1.28,758.0,2071.0,Category_005,74.68,6,1595,90.18,1177.0,19.510000000000005,2924471.220463782,0.1908247422680413,0.08541117011451796,Non-Critical,Automated Replenishment
Product_1473,30489.261328889508,95.65,2916297.8461082815,C,554.3502059798093,405.3904015877265,SUP_0712,4,81.01,306,1.28,1038.0,3256.0,Category_019,95.65,4,2992,100.32,1349.0,18.989999999999995,2916297.8461082815,0.18546391752577315,0.08517246116002307,Non-Critical,Automated Replenishment
Product_0724,4775.289684004245,609.63,2911159.850059508,C,85.27303007150438,101.50244553440665,SUP_1025,11,58.17,788,1.28,431.0,1370.0,Category_001,609.63,11,5890,72.07,884.0,41.83,2911159.850059508,0.42092783505154635,0.08502240249249413,Non-Critical,Automated Replenishment
Product_0689,3905.699534854878,745.36,2911152.205299432,C,118.35453135923873,116.5287290984141,SUP_0896,14,40.44,261,1.28,559.0,2216.0,Category_011,745.36,14,5850,114.8,631.0,59.56,2911152.205299432,0.6037113402061857,0.08502217922207904,Bottleneck,Maintain Higher Safety Stock
Product_0130,6880.951305018437,421.57,2900802.6416566223,C,49.86196597839447,89.39434062607285,SUP_1032,14,36.62,445,1.28,429.0,1128.0,Category_021,421.57,14,4219,46.35,1120.0,63.38,2900802.6416566223,0.6430927835051546,0.08471991318002618,Bottleneck,Maintain Higher Safety Stock
Product_0249,7732.27497756219,371.95,2876019.677904256,C,47.73009245408759,119.2192390217679,SUP_1059,5,69.66,147,1.28,342.0,581.0,Category_007,371.95,5,1487,28.72,895.0,30.340000000000003,2876019.677904256,0.3024742268041237,0.08399610987562588,Non-Critical,Automated Replenishment
Product_0187,10079.92597519725,284.83,2871065.3155154325,C,197.64560735680882,343.8982487700539,SUP_0824,3,51.87,402,1.28,763.0,1356.0,Category_007,284.83,3,2591,158.8,574.0,48.13,2871065.3155154325,0.4858762886597938,0.08385141435397404,Non-Critical,Automated Replenishment
Product_0204,30098.86516106027,95.21,2865712.951984548,C,229.7623294737425,445.87652060901104,SUP_0674,10,27.52,1317,1.28,1805.0,4103.0,Category_007,95.21,10,3314,190.46,1024.0,72.48,2865712.951984548,0.7369072164948455,0.08369509493839826,Bottleneck,Maintain Higher Safety Stock
Product_1045,10335.787937292165,277.03,2863323.332268048,C,111.1375047020663,112.33167750248553,SUP_1030,11,66.79,293,1.28,477.0,1700.0,Category_007,277.03,11,1759,22.02,1286.0,33.209999999999994,2863323.332268048,0.332061855670103,0.083625304470061,Non-Critical,Automated Replenishment
Product_0548,1329.6945229216415,2140.04,2845599.4668332296,C,19.2709351148064,31.65588355014612,SUP_1279,5,85.34,117,1.28,91.0,188.0,Category_013,2140.04,5,2550,14.39,687.0,14.659999999999997,2845599.4668332296,0.1408247422680412,0.08310766693095743,Non-Critical,Automated Replenishment
Product_1606,13005.579331330195,218.68,2844060.088175287,C,867.0386220886796,352.0197040646749,SUP_0709,7,57.94,304,1.28,1193.0,7263.0,Category_030,218.68,7,1158,254.8,344.0,42.06,2844060.088175287,0.42329896907216497,0.0830627083307482,Non-Critical,Automated Replenishment
Product_0880,1810.0,1567.32,2836849.1999999997,C,120.66666666666667,171.89974930035183,SUP_0887,13,64.87,409,1.28,794.0,2363.0,Category_023,1567.32,13,1944,209.29,184.0,35.129999999999995,2836849.1999999997,0.3518556701030927,0.08285210943946607,Non-Critical,Automated Replenishment
Product_1649,13782.24714590265,205.15,2827428.0019819285,C,810.7204203472147,524.6489197371958,SUP_0765,13,56.7,211,1.28,2422.0,12962.0,Category_019,205.15,13,5529,170.96,945.0,43.3,2827428.0019819285,0.4360824742268041,0.0825769569466074,Non-Critical,Automated Replenishment
Product_0723,4811.597362685145,574.81,2765754.280045048,C,35.641461945815884,30.06597269758504,SUP_1073,2,97.79,93,1.28,55.0,127.0,Category_001,574.81,2,1053,36.92,524.0,2.2099999999999937,2765754.280045048,0.012474226804123646,0.08077573397026673,Non-Critical,Automated Replenishment
Product_1622,40566.29965243657,68.02,2759319.7023587357,C,460.9806778685974,1441.9749678476217,SUP_0651,8,47.89,395,1.28,5221.0,8909.0,Category_019,68.02,8,4412,103.17,1863.0,52.11,2759319.7023587357,0.5269072164948454,0.08058780775456831,Bottleneck,Maintain Higher Safety Stock
Product_0227,3188.3635702646525,861.92,2748114.328482509,C,79.70908925661631,180.86515519744913,SUP_0895,10,47.69,333,1.28,733.0,1531.0,Category_007,861.92,10,997,172.3,193.0,52.31,2748114.328482509,0.5289690721649485,0.08026054719284961,Bottleneck,Maintain Higher Safety Stock
Product_0417,30824.496532344896,88.91,2740605.986690785,C,581.5942741951867,1267.4868622838987,SUP_0574,11,48.58,577,1.28,5381.0,11779.0,Category_019,88.91,11,5304,308.98,1029.0,51.42,2740605.986690785,0.5197938144329898,0.0800412609664838,Bottleneck,Maintain Higher Safety Stock
Product_0426,8338.89577265797,328.45,2738910.31652951,C,521.1809857911231,480.5403610567936,SUP_0929,4,91.52,516,1.28,1231.0,3316.0,Category_019,328.45,4,5819,125.9,878.0,8.480000000000004,2738910.31652951,0.0771134020618557,0.0799917377666693,Non-Critical,Automated Replenishment
Product_1506,6618.196343646958,409.46,2709886.674869683,C,472.728310260497,285.65451458122163,SUP_0842,5,88.34,324,1.28,818.0,3182.0,Category_019,409.46,5,3430,280.65,403.0,11.659999999999997,2709886.674869683,0.1098969072164948,0.07914408258107403,Non-Critical,Automated Replenishment
Product_0914,7581.76447826161,356.63,2703884.665882438,C,583.21265217397,1059.3870181888474,SUP_0789,10,56.2,144,1.28,4289.0,10122.0,Category_023,356.63,10,3434,349.72,386.0,43.8,2703884.665882438,0.4412371134020618,0.07896878982830173,Non-Critical,Automated Replenishment
Product_1260,5587.1006306335585,480.87,2686669.080252759,C,169.30607971616843,195.52000743925655,SUP_0986,5,68.03,416,1.28,560.0,1407.0,Category_019,480.87,5,1976,50.54,661.0,31.97,2686669.080252759,0.3192783505154639,0.07846599694644722,Non-Critical,Automated Replenishment
Product_0028,7880.255503714869,338.27,2665654.0292416285,C,207.3751448346018,239.36087468178675,SUP_1017,4,76.79,87,1.28,613.0,1443.0,Category_005,338.27,4,3792,57.13,1023.0,23.209999999999994,2665654.0292416285,0.22896907216494838,0.07785223809516596,Non-Critical,Automated Replenishment
Product_2076,7687.362974475614,346.45,2663286.902507076,C,77.65013105530923,136.68792924913748,SUP_1034,3,70.63,279,1.28,304.0,537.0,Category_009,346.45,3,4191,35.72,1344.0,29.370000000000005,2663286.902507076,0.2924742268041237,0.07778310454965771,Non-Critical,Automated Replenishment
Product_1365,10213.65733408476,260.53,2660964.1452491023,C,192.7105157374483,312.9237849687652,SUP_0839,9,91.19,260,1.28,1202.0,2937.0,Category_019,260.53,9,3087,139.33,673.0,8.810000000000002,2660964.1452491023,0.08051546391752579,0.07771526684487631,Non-Critical,Automated Replenishment
Product_1196,27237.6517736737,97.63,2659211.942663763,C,267.03580170268333,319.8610668004877,SUP_0773,5,64.77,143,1.28,916.0,2252.0,Category_019,97.63,5,3459,63.28,1726.0,35.230000000000004,2659211.942663763,0.35288659793814436,0.07766409257718503,Non-Critical,Automated Replenishment
Product_0051,21525.065999274993,123.54,2659206.653550433,C,384.376178558482,719.9124228069919,SUP_0685,3,74.53,820,1.28,1597.0,2751.0,Category_005,123.54,3,4759,230.9,942.0,25.47,2659206.653550433,0.2522680412371134,0.07766393810503457,Non-Critical,Automated Replenishment
Product_0190,5701.900020001482,463.46,2642602.5832698867,C,101.81964321431217,148.79156699820152,SUP_0984,11,35.0,458,1.28,632.0,1753.0,Category_007,463.46,11,1528,82.08,461.0,65.0,2642602.5832698867,0.6597938144329897,0.07717900494467327,Bottleneck,Maintain Higher Safety Stock
Product_1379,11500.0,229.75,2642125.0,C,766.6666666666666,923.2447954800245,SUP_0628,6,90.25,338,1.28,2895.0,7495.0,Category_019,229.75,6,4193,268.67,600.0,9.75,2642125.0,0.09020618556701031,0.07716505680060445,Non-Critical,Automated Replenishment
Product_0453,9162.162359946853,287.78,2636687.0839455053,C,36.50263888425041,84.67152809131493,SUP_1014,6,48.35,262,1.28,266.0,486.0,Category_015,287.78,6,4398,44.91,1340.0,51.65,2636687.0839455053,0.5221649484536083,0.07700623876541611,Bottleneck,Maintain Higher Safety Stock
Product_1537,8238.56090172487,319.66,2633538.377845372,C,484.62122951322766,413.1005651557768,SUP_0775,8,76.88,423,1.28,1496.0,5373.0,Category_019,319.66,8,3344,371.63,386.0,23.120000000000005,2633538.377845372,0.2280412371134021,0.07691427866320096,Non-Critical,Automated Replenishment
Product_0409,7333.970858509173,358.48,2629081.8733583684,C,16.26157618294717,30.530085781931042,SUP_1108,10,53.33,147,1.28,124.0,287.0,Category_019,358.48,10,5560,13.63,2447.0,46.67,2629081.8733583684,0.4708247422680412,0.0767841234200267,Non-Critical,Automated Replenishment
Product_0650,7274.620964653152,359.85,2617772.354130437,C,134.71520304913244,134.17712688886883,SUP_0927,14,74.36,718,1.28,643.0,2530.0,Category_022,359.85,14,2719,80.0,704.0,25.64,2617772.354130437,0.254020618556701,0.07645382122251113,Non-Critical,Automated Replenishment
Product_2022,11172.120065542067,233.85,2612600.2773270123,C,798.0085761101476,916.6478857117186,SUP_0652,4,75.83,532,1.28,2347.0,5540.0,Category_005,233.85,4,1878,350.73,346.0,24.17,2612600.2773270123,0.23886597938144333,0.07630276720337374,Non-Critical,Automated Replenishment
Product_1602,5220.265206918488,499.32,2606582.8231185395,C,580.0294674353876,780.4460453555969,SUP_0879,9,87.24,144,1.28,2997.0,8218.0,Category_030,499.32,9,5710,256.05,483.0,12.760000000000005,2606582.8231185395,0.1212371134020619,0.07612702336241547,Non-Critical,Automated Replenishment
Product_0429,3931.3179518470874,659.85,2594080.1505263005,C,206.9114711498467,52.34313654585689,SUP_0982,7,99.0,350,1.28,178.0,1627.0,Category_005,659.85,7,5711,126.55,596.0,1.0,2594080.1505263005,0.0,0.07576187430976299,Non-Critical,Automated Replenishment
Product_1675,2994.247563374178,861.63,2579933.528030093,C,12.27150640727122,25.49897883187721,SUP_1239,11,50.67,445,1.28,109.0,244.0,Category_021,861.63,11,1128,9.74,833.0,49.33,2579933.528030093,0.4982474226804123,0.0753487125825712,Non-Critical,Automated Replenishment
Product_0087,25279.758069145864,101.45,2564631.456114848,C,328.3085463525437,421.73331296419684,SUP_0617,10,67.55,150,1.28,1708.0,4992.0,Category_019,101.45,10,2259,334.27,585.0,32.45,2564631.456114848,0.32422680412371135,0.07490180516959612,Non-Critical,Automated Replenishment
Product_1238,13097.465931840312,195.43,2559637.767059552,C,595.339360538196,708.144959886785,SUP_0647,2,87.56,283,1.28,1282.0,2473.0,Category_019,195.43,2,4339,433.76,512.0,12.439999999999998,2559637.767059552,0.11793814432989687,0.07475596108591481,Non-Critical,Automated Replenishment
Product_0382,3300.0,774.98,2557434.0,C,220.0,278.25989906663057,SUP_1020,12,94.34,82,1.28,1234.0,3874.0,Category_030,774.98,12,2436,110.66,382.0,5.659999999999997,2557434.0,0.048041237113402024,0.07469159857077051,Non-Critical,Automated Replenishment
Product_1441,10365.04879688591,245.7,2546692.4893948683,C,334.35641280277133,467.6804367027363,SUP_0590,2,78.76,1361,1.28,847.0,1516.0,Category_019,245.7,2,5046,277.17,615.0,21.239999999999995,2546692.4893948683,0.20865979381443295,0.07437788545122874,Non-Critical,Automated Replenishment
Product_1425,12262.790069036919,206.18,2528342.056434032,C,215.1366678778407,251.0107566294004,SUP_0713,6,81.65,256,1.28,788.0,2079.0,Category_019,206.18,6,3684,221.32,639.0,18.349999999999994,2528342.056434032,0.17886597938144325,0.07384194858157322,Non-Critical,Automated Replenishment
Product_0207,7265.320036783283,345.85,2512710.9347214988,C,302.72166819930345,507.69587915394527,SUP_0814,6,47.56,1281,1.28,1592.0,3409.0,Category_007,345.85,6,1538,152.51,383.0,52.44,2512710.9347214988,0.5303092783505154,0.07338543104557292,Bottleneck,Maintain Higher Safety Stock
Product_1197,4272.602951236132,586.37,2505326.1925163306,C,251.32958536683128,310.033962477032,SUP_1001,14,74.83,184,1.28,1485.0,5004.0,Category_019,586.37,14,4738,67.63,774.0,25.17,2505326.1925163306,0.24917525773195878,0.07316975462915824,Non-Critical,Automated Replenishment
Product_1426,6620.091913358622,378.33,2504579.3735809675,C,194.70858568701829,222.41279232030277,SUP_0866,9,19.41,121,1.28,855.0,2608.0,Category_019,378.33,9,2485,143.8,479.0,80.59,2504579.3735809675,0.8205154639175258,0.07314794327444676,Bottleneck,Maintain Higher Safety Stock
Product_1536,18452.38537997053,134.59,2483506.5482902336,C,527.2110108563008,1505.1628338279227,SUP_0667,10,32.09,136,1.28,6093.0,11366.0,Category_019,134.59,10,3038,240.43,683.0,67.91,2483506.5482902336,0.6897938144329897,0.07253249708605344,Bottleneck,Maintain Higher Safety Stock
Product_0983,6033.391698585257,409.7,2471880.5789103797,C,208.04798960638817,173.44770638064153,SUP_0950,13,72.16,708,1.28,801.0,3506.0,Category_028,409.7,13,4762,121.38,689.0,27.840000000000003,2471880.5789103797,0.27670103092783505,0.07219295274672109,Non-Critical,Automated Replenishment
Product_0144,7198.696393782619,343.36,2471744.3937692004,C,553.7458764448169,707.824656258703,SUP_0785,5,67.52,109,1.28,2026.0,4795.0,Category_005,343.36,5,2264,268.93,349.0,32.480000000000004,2471744.3937692004,0.32453608247422683,0.07218897536709125,Non-Critical,Automated Replenishment
Product_0834,2892.3231016741834,847.78,2452053.679137339,C,180.77019385463646,85.740284300037,SUP_1036,13,88.69,90,1.28,396.0,2747.0,Category_019,847.78,13,5959,86.23,633.0,11.310000000000002,2452053.679137339,0.10628865979381445,0.07161389466008,Non-Critical,Automated Replenishment
Product_1193,27378.558973706327,89.36,2446548.0298903976,C,408.63520856278103,655.1161372927785,SUP_0529,6,68.03,285,1.28,2055.0,4507.0,Category_019,89.36,6,5261,267.51,1038.0,31.97,2446548.0298903976,0.3192783505154639,0.07145309843095972,Non-Critical,Automated Replenishment
Product_0475,11452.608863406276,213.56,2445819.148869044,C,763.5072575604185,616.8050343277106,SUP_0819,9,66.44,127,1.28,2369.0,9241.0,Category_005,213.56,9,1324,180.53,410.0,33.56,2445819.148869044,0.3356701030927835,0.07143181096522148,Non-Critical,Automated Replenishment
Product_0221,4730.3807295375245,516.05,2441112.9754778394,C,57.68756987240884,100.44777673479544,SUP_1085,11,38.91,569,1.28,427.0,1062.0,Category_007,516.05,11,5160,36.66,1154.0,61.09,2441112.9754778394,0.6194845360824743,0.07129436397196953,Bottleneck,Maintain Higher Safety Stock
Product_0391,20000.0,122.01,2440200.0,C,4000.0,2915.4759474226503,SUP_0669,10,83.51,180,1.28,11802.0,51802.0,Category_030,122.01,10,1502,273.46,469.0,16.489999999999995,2440200.0,0.1596907216494845,0.07126769990247811,Non-Critical,Automated Replenishment
Product_1255,10413.536580110915,234.03,2437079.965843357,C,267.0137584643824,381.99362514052837,SUP_0742,6,72.3,142,1.28,1198.0,2801.0,Category_019,234.03,6,3355,234.09,547.0,27.700000000000003,2437079.965843357,0.2752577319587629,0.07117657718386443,Non-Critical,Automated Replenishment
Product_0273,7745.3105346332695,313.03,2424514.556656252,C,81.52958457508704,128.81075977243006,SUP_1068,6,58.0,152,1.28,404.0,894.0,Category_021,313.03,6,4990,24.78,1767.0,42.0,2424514.556656252,0.422680412371134,0.07080959586630912,Non-Critical,Automated Replenishment
Product_0477,5463.449838578013,443.27,2421783.409946476,C,607.0499820642237,505.01329076189495,SUP_0815,11,45.05,542,1.28,2144.0,8822.0,Category_005,443.27,11,4225,250.14,430.0,54.95,2421783.409946476,0.5561855670103093,0.07072983086995557,Bottleneck,Maintain Higher Safety Stock
Product_1389,31347.17096228598,76.77,2406522.314774695,C,505.5995316497739,388.76990043359183,SUP_0586,7,84.18,140,1.28,1317.0,4857.0,Category_019,76.77,7,4468,416.41,821.0,15.819999999999993,2406522.314774695,0.15278350515463912,0.07028412021063024,Non-Critical,Automated Replenishment
Product_2150,10962.60393020252,219.17,2402673.903382486,C,391.5215689358043,589.3162786622289,SUP_0717,3,82.47,664,1.28,1307.0,2482.0,Category_005,219.17,3,2539,315.69,420.0,17.53,2402673.903382486,0.17041237113402063,0.07017172473968475,Non-Critical,Automated Replenishment
Product_1984,15586.371416634896,153.75,2396404.6053076154,C,331.6249237581893,464.5189407658543,SUP_0725,5,83.89,209,1.28,1330.0,2989.0,Category_005,153.75,5,2830,308.07,536.0,16.11,2396404.6053076154,0.15577319587628866,0.06998862562739924,Non-Critical,Automated Replenishment
Product_0546,2078.5465272131682,1143.04,2375861.8224657397,C,24.169145665269397,42.417909812522375,SUP_1320,4,68.85,112,1.28,109.0,206.0,Category_013,1143.04,4,5370,6.66,1831.0,31.150000000000006,2375861.8224657397,0.31082474226804124,0.06938865968905952,Non-Critical,Automated Replenishment
Product_1607,11008.162273485037,214.78,2364333.0930991163,C,1100.8162273485036,737.7463811229885,SUP_0739,14,94.92,402,1.28,3534.0,18946.0,Category_030,214.78,14,1041,250.69,303.0,5.079999999999998,2364333.0930991163,0.04206185567010308,0.0690519553104195,Non-Critical,Automated Replenishment
Product_1604,4669.592117164744,506.32,2364307.880762853,C,518.8435685738605,503.02946510171273,SUP_0782,11,74.04,2045,1.28,2136.0,7844.0,Category_030,506.32,11,4517,409.5,321.0,25.959999999999994,2364307.880762853,0.25731958762886586,0.06905121896699902,Non-Critical,Automated Replenishment
Product_1586,7320.049525930605,321.37,2352444.316148319,C,305.00206358044187,224.68193338089196,SUP_0792,7,88.18,153,1.28,761.0,2897.0,Category_030,321.37,7,1724,233.08,330.0,11.819999999999993,2352444.316148319,0.11154639175257725,0.06870473549731528,Non-Critical,Automated Replenishment
Product_0892,8963.37857076411,261.91,2347598.481468828,C,426.8275509887671,386.13588774202015,SUP_0890,5,82.02,245,1.28,1106.0,3241.0,Category_023,261.91,5,1974,77.52,676.0,17.980000000000004,2347598.481468828,0.17505154639175263,0.06856320960119407,Non-Critical,Automated Replenishment
Product_0830,11427.899822636435,204.98,2342490.9056440163,C,394.0655111253943,464.5254701584637,SUP_0763,3,94.7,346,1.28,1030.0,2213.0,Category_019,204.98,3,2873,234.71,529.0,5.299999999999997,2342490.9056440163,0.04432989690721647,0.06841403937698629,Non-Critical,Automated Replenishment
Product_1187,2988.8628525456165,778.98,2328264.3848759844,C,106.74510187662916,121.98934525758746,SUP_0990,5,54.66,119,1.28,350.0,884.0,Category_019,778.98,5,5277,123.83,505.0,45.34,2328264.3848759844,0.4571134020618557,0.06799854416644925,Non-Critical,Automated Replenishment
Product_0836,5605.1169932182565,411.29,2305328.568140737,C,350.31981207614103,417.81091809397026,SUP_0856,12,34.34,292,1.28,1853.0,6057.0,Category_019,411.29,12,1393,237.21,257.0,65.66,2305328.568140737,0.6665979381443299,0.0673286880464157,Bottleneck,Maintain Higher Safety Stock
Product_0920,7150.0,320.93,2294649.5,C,510.7142857142857,655.7962193537572,SUP_0805,9,48.77,412,1.28,2519.0,7116.0,Category_023,320.93,9,1568,444.73,225.0,51.23,2294649.5,0.5178350515463918,0.06701679860149637,Bottleneck,Maintain Higher Safety Stock
Product_2081,7589.250046172408,299.61,2273815.206333715,C,164.9836966559219,314.49025707745295,SUP_0925,3,69.9,80,1.28,698.0,1193.0,Category_009,299.61,3,1161,138.01,358.0,30.099999999999994,2273815.206333715,0.29999999999999993,0.0664083188913542,Non-Critical,Automated Replenishment
Product_1258,14307.414141770098,157.35,2251271.615207525,C,213.54349465328505,294.41017160316983,SUP_0818,7,99.0,228,1.28,998.0,2493.0,Category_019,157.35,7,5651,110.65,1209.0,1.0,2251271.615207525,0.0,0.06574991798687692,Non-Critical,Automated Replenishment
Product_0252,9844.0,226.02,2224940.88,C,259.05263157894734,574.8873895543051,SUP_0843,8,86.27,139,1.28,2082.0,4155.0,Category_007,226.02,8,5701,202.29,745.0,13.730000000000004,2224940.88,0.1312371134020619,0.06498091096491908,Non-Critical,Automated Replenishment
Product_0253,4660.304523046903,476.3,2219703.04432724,C,119.49498777043343,245.1060685192905,SUP_0981,6,23.77,263,1.28,769.0,1486.0,Category_007,476.3,6,3270,83.75,604.0,76.23,2219703.04432724,0.7755670103092784,0.06482793641329843,Bottleneck,Maintain Higher Safety Stock
Product_0992,10700.0,207.01,2215007.0,C,1528.5714285714287,1891.61684431977,SUP_0715,7,56.0,348,1.28,6407.0,17107.0,Category_028,207.01,7,5373,282.89,638.0,44.0,2215007.0,0.44329896907216493,0.06469078524624552,Non-Critical,Automated Replenishment
Product_1672,5697.222618040048,387.14,2205622.764348024,C,15.781780105374093,45.6172778108233,SUP_1158,8,43.69,349,1.28,166.0,293.0,Category_026,387.14,8,1944,14.09,1254.0,56.31,2205622.764348024,0.5702061855670103,0.06441671226441652,Bottleneck,Maintain Higher Safety Stock
Product_0333,3768.2821792866284,582.21,2193931.567602468,C,20.70484713893752,54.1478967656782,SUP_1232,6,67.03,157,1.28,170.0,295.0,Category_021,582.21,6,4657,10.45,1833.0,32.97,2193931.567602468,0.32958762886597937,0.0640752629155258,Non-Critical,Automated Replenishment
Product_0654,13660.832344651155,159.99,2185596.5668207384,C,52.541662864042905,172.77175056068975,SUP_0915,10,87.92,292,1.28,700.0,1226.0,Category_011,159.99,10,2001,48.93,1058.0,12.079999999999998,2185596.5668207384,0.11422680412371132,0.06383183355137563,Non-Critical,Automated Replenishment
Product_1029,3780.941275135761,574.55,2172339.8096292512,C,198.99690921767163,372.1465512660135,SUP_0857,9,51.19,105,1.28,1430.0,3221.0,Category_028,574.55,9,2474,110.58,412.0,48.81,2172339.8096292512,0.4928865979381443,0.06344466094535854,Non-Critical,Automated Replenishment
Product_0560,2000.0,1082.65,2165300.0,C,1000.0,1414.213562373095,SUP_0959,9,81.12,153,1.28,5431.0,14431.0,Category_030,1082.65,9,3708,267.66,236.0,18.879999999999995,2165300.0,0.18432989690721646,0.06323905851931638,Non-Critical,Automated Replenishment
Product_1406,4891.086118226599,442.22,2162936.1032021665,C,698.7265883180855,750.1669318155936,SUP_0780,13,64.24,135,1.28,3463.0,12547.0,Category_019,442.22,13,1943,353.21,232.0,35.760000000000005,2162936.1032021665,0.35835051546391755,0.06317001930630581,Non-Critical,Automated Replenishment
Product_1434,10296.780095148024,209.07,2152747.8144925972,C,468.0354588703647,445.38410204916124,SUP_0751,4,61.35,295,1.28,1141.0,3014.0,Category_019,209.07,4,3228,369.37,425.0,38.65,2152747.8144925972,0.38814432989690717,0.06287246340831655,Non-Critical,Automated Replenishment
Product_0901,11067.547099326686,193.52,2141791.7146617007,C,72.33690914592606,64.06125828751537,SUP_1009,11,51.43,28,1.28,272.0,1068.0,Category_023,193.52,11,5565,33.92,1906.0,48.57,2141791.7146617007,0.49041237113402064,0.06255248306455377,Non-Critical,Automated Replenishment
Product_0344,6486.528180460066,328.36,2129916.3933358677,C,88.85655041726119,171.33803045905765,SUP_0964,3,88.74,275,1.28,380.0,647.0,Category_021,328.36,3,4936,91.3,838.0,11.260000000000005,2129916.3933358677,0.10577319587628871,0.06220565623212407,Non-Critical,Automated Replenishment
Product_0739,4495.5372221239,471.44,2119376.0679980917,C,34.581055554799235,35.39113361738272,SUP_1164,6,33.82,207,1.28,111.0,319.0,Category_001,471.44,6,1603,11.6,1115.0,66.18,2119376.0679980917,0.6719587628865981,0.06189781886508566,Bottleneck,Maintain Higher Safety Stock
Product_1201,7606.922695401798,278.13,2115713.409272102,C,237.71633423130618,264.4769343950379,SUP_0944,4,53.67,310,1.28,678.0,1629.0,Category_019,278.13,4,4081,58.9,1027.0,46.33,2115713.409272102,0.46731958762886594,0.06179084842703591,Non-Critical,Automated Replenishment
Product_1669,5010.338499647314,418.52,2096926.8688723939,C,19.270532690951207,24.504066530310524,SUP_1305,10,71.42,108,1.28,100.0,293.0,Category_026,418.52,10,1935,4.37,2107.0,28.58,2096926.8688723939,0.28432989690721644,0.06124217474315254,Non-Critical,Automated Replenishment
Product_1186,4064.2254761991426,509.84,2072104.7167853708,C,88.35272774345962,154.2874059530807,SUP_0963,4,63.57,130,1.28,395.0,749.0,Category_019,509.84,4,2100,80.46,461.0,36.43,2072104.7167853708,0.3652577319587629,0.06051722691679748,Non-Critical,Automated Replenishment
Product_0588,1760.6016425731068,1175.05,2068794.960105529,C,83.83817345586223,80.76285004412829,SUP_1134,5,68.82,156,1.28,232.0,652.0,Category_032,1175.05,5,4600,64.96,500.0,31.180000000000007,2068794.960105529,0.3111340206185568,0.06042056322291616,Non-Critical,Automated Replenishment
Product_0304,10091.29215110723,204.33,2061953.7252357407,C,77.03276451226894,225.587122086575,SUP_0958,3,72.88,38,1.28,501.0,733.0,Category_015,204.33,3,2913,55.18,1033.0,27.120000000000005,2061953.7252357407,0.26927835051546395,0.06022076030771968,Non-Critical,Automated Replenishment
Product_1676,2300.7157709702637,895.45,2060175.9371153228,C,18.11587221236428,59.75287846611148,SUP_1373,8,92.54,461,1.28,217.0,362.0,Category_021,895.45,8,5950,8.57,1788.0,7.459999999999994,2060175.9371153228,0.06659793814432982,0.0601688387970828,Non-Critical,Automated Replenishment
Product_1598,11490.271949858776,178.66,2052851.986561769,C,1149.0271949858775,306.12719411401474,SUP_0759,9,55.62,351,1.28,1176.0,11518.0,Category_030,178.66,9,3012,258.18,518.0,44.38,2052851.986561769,0.4472164948453608,0.05995493784218104,Non-Critical,Automated Replenishment
Product_0700,2297.69311686168,887.84,2039983.8568744743,C,35.90145495096375,29.942123651374757,SUP_1182,13,69.58,136,1.28,139.0,606.0,Category_001,887.84,13,5011,23.75,985.0,30.42,2039983.8568744743,0.3032989690721649,0.05957911536662154,Non-Critical,Automated Replenishment
Product_1231,9332.94465680908,218.24,2036821.8419020139,C,333.31945202889574,150.27064398483265,SUP_0776,14,75.99,122,1.28,720.0,5387.0,Category_019,218.24,14,2321,293.83,384.0,24.010000000000005,2036821.8419020139,0.2372164948453609,0.059486766569742416,Non-Critical,Automated Replenishment
Product_1822,1703.3979945684764,1195.04,2035628.739429112,C,6.840955801479825,9.033750879005618,SUP_1399,9,62.47,256,1.28,35.0,97.0,Category_018,1195.04,9,3326,5.09,1493.0,37.53,2035628.739429112,0.3765979381443299,0.0594519212009236,Non-Critical,Automated Replenishment
Product_0838,25532.69617016618,79.72,2035466.5386856478,C,797.8967553176931,773.6806544575262,SUP_0638,10,91.63,232,1.28,3132.0,11111.0,Category_019,79.72,10,4678,156.26,1237.0,8.370000000000005,2035466.5386856478,0.07597938144329901,0.059447184017943036,Non-Critical,Automated Replenishment
Product_2168,4204.774768795521,483.25,2031957.4070204354,C,42.472472412075966,98.43056678515579,SUP_1154,9,58.84,376,1.28,378.0,761.0,Category_024,483.25,9,970,22.01,609.0,41.16,2031957.4070204354,0.41402061855670097,0.0593446974420744,Non-Critical,Automated Replenishment
Product_0181,7719.5377889398715,263.22,2031936.736804753,C,167.8160388899972,255.15192011104654,SUP_0863,11,68.61,120,1.28,1084.0,2930.0,Category_007,263.22,11,1132,106.0,407.0,31.39,2031936.736804753,0.3132989690721649,0.05934409375437333,Non-Critical,Automated Replenishment
Product_1887,14747.334232505675,137.77,2031740.237212307,C,107.64477541974945,115.74585933463815,SUP_0946,4,8.39,180,1.28,297.0,728.0,Category_007,137.77,4,3789,31.54,1883.0,91.61,2031740.237212307,0.9341237113402062,0.05933835485019113,Bottleneck,Maintain Higher Safety Stock
Product_0311,3651.4491606228094,555.92,2029913.617373432,C,26.26941842174683,54.84449179436841,SUP_1225,9,46.99,334,1.28,211.0,448.0,Category_024,555.92,9,1150,10.44,897.0,53.01,2029913.617373432,0.5361855670103093,0.059285007176019804,Bottleneck,Maintain Higher Safety Stock
Product_0676,2466.734201013334,817.38,2016259.201224279,C,145.10201182431376,169.97312938658544,SUP_1135,9,37.73,151,1.28,653.0,1959.0,Category_011,817.38,9,3032,41.85,598.0,62.27,2016259.201224279,0.6316494845360825,0.05888622066980663,Bottleneck,Maintain Higher Safety Stock
Product_1004,11871.79674501893,164.43,1952079.5387834627,C,456.6075671161127,441.16978110314665,SUP_0770,8,55.62,251,1.28,1598.0,5251.0,Category_006,164.43,8,2050,331.69,384.0,44.38,1952079.5387834627,0.4472164948453608,0.057011809997454185,Non-Critical,Automated Replenishment
Product_0120,12957.072123848135,150.63,1951723.7740152446,C,152.43614263350747,324.32945354461935,SUP_0851,7,83.46,65,1.28,1099.0,2167.0,Category_021,150.63,7,880,73.14,559.0,16.540000000000006,1951723.7740152446,0.16020618556701038,0.057001419645541535,Non-Critical,Automated Replenishment
Product_0636,3647.788826281072,533.3,1945365.7810556956,C,110.53905534185067,146.54920381190468,SUP_0960,10,46.22,361,1.28,594.0,1700.0,Category_007,533.3,10,2389,102.05,414.0,53.78,1945365.7810556956,0.5441237113402062,0.056815730138852244,Bottleneck,Maintain Higher Safety Stock
Product_0131,3142.868544784242,618.48,1943801.3375781581,C,38.800846231904224,53.250662769646425,SUP_1190,9,49.3,352,1.28,205.0,555.0,Category_021,618.48,9,5470,18.71,1356.0,50.7,1943801.3375781581,0.5123711340206186,0.056770039503547136,Bottleneck,Maintain Higher Safety Stock
Product_2132,15691.272685885657,123.63,1939912.0421560437,C,99.94441201201056,261.92747667467546,SUP_0836,8,47.11,68,1.28,949.0,1749.0,Category_009,123.63,8,1390,73.71,770.0,52.89,1939912.0421560437,0.5349484536082475,0.05665644998671436,Bottleneck,Maintain Higher Safety Stock
Product_2016,13411.688243656872,143.56,1925381.9642593807,C,1219.2443857869885,745.4032849259041,SUP_0718,10,51.17,512,1.28,3018.0,15211.0,Category_005,143.56,10,5520,402.35,607.0,48.83,1925381.9642593807,0.49309278350515456,0.05623208918387074,Non-Critical,Automated Replenishment
Product_0297,8171.238166468247,235.34,1923019.1900966372,C,106.11997618789931,395.27174156019504,SUP_0859,9,63.77,204,1.28,1518.0,2474.0,Category_015,235.34,9,1537,120.38,457.0,36.23,1923019.1900966372,0.36319587628865974,0.05616308275818115,Non-Critical,Automated Replenishment
Product_0185,12013.232782890349,158.65,1905899.381005554,C,222.4672737572287,290.4390221775564,SUP_0862,4,46.53,122,1.28,744.0,1634.0,Category_007,158.65,4,5888,66.49,1459.0,53.47,1905899.381005554,0.5409278350515464,0.05566308709524736,Bottleneck,Maintain Higher Safety Stock
Product_0890,3370.0,559.39,1885144.3,C,153.1818181818182,199.22197152772569,SUP_1015,9,44.93,272,1.28,766.0,2145.0,Category_023,559.39,9,1834,116.36,326.0,55.07,1885144.3,0.5574226804123712,0.055056920844712386,Bottleneck,Maintain Higher Safety Stock
Product_1448,10532.362176229353,178.75,1882659.7390009968,C,376.1557920081912,475.489935843409,SUP_0734,5,99.0,881,1.28,1361.0,3242.0,Category_019,178.75,5,810,284.08,246.0,1.0,1882659.7390009968,0.0,0.054984357551676424,Non-Critical,Automated Replenishment
Product_0993,8220.646666038157,227.57,1870772.5617903036,C,117.43780951483082,194.51109039201472,SUP_0985,7,79.09,707,1.28,659.0,1482.0,Category_028,227.57,7,3585,34.87,1301.0,20.909999999999997,1870772.5617903036,0.20525773195876285,0.05463718446006948,Non-Critical,Automated Replenishment
Product_0154,1113.9779855875195,1662.04,1851475.9711658808,C,185.6629975979199,113.02269388621806,SUP_1077,2,58.63,360,1.28,205.0,577.0,Category_021,1662.04,2,2951,106.0,250.0,41.37,1851475.9711658808,0.41618556701030923,0.054073614412629784,Non-Critical,Automated Replenishment
Product_0486,5345.679602573105,345.59,1847413.413853239,C,64.40577834425427,182.10476798343245,SUP_1049,8,52.95,605,1.28,660.0,1176.0,Category_013,345.59,8,4010,48.34,942.0,47.05,1847413.413853239,0.47474226804123704,0.05395496466449686,Non-Critical,Automated Replenishment
Product_1569,6608.449828903029,276.23,1825452.096237884,C,254.1711472655011,186.56191379058097,SUP_0891,7,93.79,202,1.28,632.0,2412.0,Category_019,276.23,7,3132,157.33,513.0,6.209999999999994,1825452.096237884,0.0537113402061855,0.053313569453746046,Non-Critical,Automated Replenishment
Product_1888,17102.383000367285,106.34,1818667.4082590572,C,551.6897742053962,1232.8695050518443,SUP_0728,3,51.55,225,1.28,2734.0,4390.0,Category_007,106.34,3,5146,190.11,963.0,48.45,1818667.4082590572,0.48917525773195875,0.053115418028941944,Non-Critical,Automated Replenishment
Product_0648,7711.736902786069,235.5,1816114.0406061192,C,385.5868451393034,188.92269009002342,SUP_0945,11,68.84,253,1.28,803.0,5045.0,Category_005,235.5,11,3552,99.77,742.0,31.159999999999997,1816114.0406061192,0.3109278350515463,0.05304084519080151,Non-Critical,Automated Replenishment
Product_0276,4413.232311997703,410.18,1810219.6297352177,C,78.80771985710183,131.60819809016195,SUP_0900,5,62.62,203,1.28,377.0,772.0,Category_021,410.18,5,3639,119.51,519.0,37.38,1810219.6297352177,0.3750515463917526,0.052868694914164634,Non-Critical,Automated Replenishment
Product_0792,2382.024460467886,750.02,1786565.9858401238,C,18.3232650805222,26.408452808776424,SUP_1236,14,78.1,380,1.28,127.0,384.0,Category_001,750.02,14,2469,19.36,780.0,21.900000000000006,1786565.9858401238,0.21546391752577326,0.05217787416393283,Non-Critical,Automated Replenishment
Product_0414,11820.390212857577,149.66,1769039.599256265,C,537.290464220799,726.8872047278198,SUP_0733,2,51.85,274,1.28,1316.0,2391.0,Category_019,149.66,2,972,233.77,314.0,48.15,1769039.599256265,0.48608247422680406,0.05166600412892207,Non-Critical,Automated Replenishment
Product_0649,8676.689209024857,203.63,1766834.2236337315,C,667.4376314634505,642.212640382129,SUP_0774,4,59.37,464,1.28,1645.0,4315.0,Category_005,203.63,4,3972,322.52,463.0,40.63,1766834.2236337315,0.40855670103092784,0.05160159463460236,Non-Critical,Automated Replenishment
Product_0767,4415.15965299868,399.82,1765269.1324619323,C,32.2274427226181,24.88983511443475,SUP_1043,14,71.76,30,1.28,120.0,572.0,Category_001,399.82,14,2588,45.14,712.0,28.239999999999995,1765269.1324619323,0.28082474226804116,0.051555885082946014,Non-Critical,Automated Replenishment
Product_0248,9061.301849506573,194.71,1764326.083117425,C,58.08526826606778,146.35483083137444,SUP_0979,8,32.07,554,1.28,530.0,995.0,Category_007,194.71,8,3291,42.03,1192.0,67.93,1764326.083117425,0.6900000000000001,0.05152834268573367,Bottleneck,Maintain Higher Safety Stock
Product_1462,5381.463367258481,326.95,1759469.4479251604,C,358.7642244838988,409.5432504970859,SUP_0937,14,43.17,87,1.28,1962.0,6985.0,Category_019,326.95,14,3210,203.37,413.0,56.83,1759469.4479251604,0.5755670103092784,0.05138650135329447,Bottleneck,Maintain Higher Safety Stock
Product_1330,1191.4818296048034,1464.94,1745449.3914612606,C,79.43212197365355,31.272563794089134,SUP_1255,7,57.93,118,1.28,106.0,663.0,Category_019,1464.94,7,4366,34.85,547.0,42.07,1745449.3914612606,0.4234020618556701,0.05097703607311866,Non-Critical,Automated Replenishment
Product_0872,1800.0,966.55,1739790.0,C,100.0,179.1483118733158,SUP_1102,2,55.14,398,1.28,325.0,525.0,Category_023,966.55,2,3079,49.58,473.0,44.86,1739790.0,0.4521649484536082,0.05081174969811179,Non-Critical,Automated Replenishment
Product_0729,1735.0713697071244,998.79,1732971.9333497786,C,34.701427394142485,24.856172550287397,SUP_1290,6,5.18,466,1.28,78.0,287.0,Category_001,998.79,6,1654,16.44,591.0,94.82,1732971.9333497786,0.9672164948453608,0.05061262342651804,Bottleneck,Maintain Higher Safety Stock
Product_0231,4352.598072117347,394.23,1715924.737970822,C,98.92268345721244,246.18512028539442,SUP_1138,10,55.04,333,1.28,997.0,1987.0,Category_007,394.23,10,3208,33.57,913.0,44.96,1715924.737970822,0.45319587628865976,0.05011474849641133,Non-Critical,Automated Replenishment
Product_0885,9450.0,181.48,1714986.0,C,590.625,1105.021681536913,SUP_0604,4,68.44,136,1.28,2829.0,5192.0,Category_023,181.48,4,3403,350.01,429.0,31.560000000000002,1714986.0,0.3150515463917526,0.05008733201579843,Non-Critical,Automated Replenishment
Product_0886,3162.7960223683863,538.62,1703545.1935680602,C,166.46294854570453,305.0513794034357,SUP_0761,10,56.88,141,1.28,1235.0,2900.0,Category_023,538.62,10,1544,380.11,161.0,43.12,1703545.1935680602,0.4342268041237113,0.04975319548623781,Non-Critical,Automated Replenishment
Product_0439,6069.917288492212,279.89,1698909.149876085,C,104.65374635331399,156.69923716418103,SUP_0999,3,70.16,410,1.28,348.0,662.0,Category_012,279.89,3,2051,65.86,615.0,29.840000000000003,1698909.149876085,0.297319587628866,0.049617796678527594,Non-Critical,Automated Replenishment
Product_1292,2406.892206276094,703.17,1692454.3926871608,C,85.96043593843193,76.17269862572682,SUP_1057,5,48.25,815,1.28,219.0,649.0,Category_019,703.17,5,2222,72.35,385.0,51.75,1692454.3926871608,0.5231958762886598,0.04942928110673691,Bottleneck,Maintain Higher Safety Stock
Product_0958,19558.342132037797,85.68,1675758.7538729985,C,1629.861844336483,2731.1627203194726,SUP_0600,11,96.57,1035,1.28,11595.0,29524.0,Category_005,85.68,11,957,307.43,349.0,3.430000000000007,1675758.7538729985,0.025051546391752652,0.04894167362510103,Non-Critical,Automated Replenishment
Product_0604,3328.879144956833,503.26,1675291.7184909757,C,123.29182018358641,117.59204705505975,SUP_0994,7,81.84,242,1.28,399.0,1263.0,Category_001,503.26,7,3417,82.99,524.0,18.159999999999997,1675291.7184909757,0.17690721649484534,0.048928033539267966,Non-Critical,Automated Replenishment
Product_2090,3919.4512072628877,423.78,1660985.0326138665,C,122.48285022696524,211.03193931888774,SUP_0930,11,59.01,132,1.28,896.0,2244.0,Category_009,423.78,11,3957,88.02,594.0,40.99,1660985.0326138665,0.4122680412371134,0.0485101970522223,Non-Critical,Automated Replenishment
Product_0559,8782.279175710059,188.76,1657743.0172070307,C,627.3056554078613,624.0799026059157,SUP_0783,6,88.14,71,1.28,1957.0,5721.0,Category_030,188.76,6,5026,301.92,541.0,11.86,1657743.0172070307,0.11195876288659792,0.04841551178827115,Non-Critical,Automated Replenishment
Product_0400,4066.569620585261,407.09,1655459.8268440538,C,156.4065238686639,98.32749769545967,SUP_1021,6,80.88,333,1.28,309.0,1248.0,Category_030,407.09,6,862,66.56,325.0,19.120000000000005,1655459.8268440538,0.18680412371134025,0.0483488296615566,Non-Critical,Automated Replenishment
Product_1724,9999.929177331673,165.51,1655088.2781401651,C,71.94193652756599,160.8736561197924,SUP_1055,13,68.01,446,1.28,743.0,1679.0,Category_003,165.51,13,1784,24.46,1208.0,31.989999999999995,1655088.2781401651,0.3194845360824741,0.04833797832907242,Non-Critical,Automated Replenishment
Product_1809,4407.759840655453,373.77,1647488.3956417888,C,86.4266635422638,40.16494268016431,SUP_1126,2,68.7,366,1.28,73.0,246.0,Category_007,373.77,2,3132,20.01,1175.0,31.299999999999997,1647488.3956417888,0.3123711340206185,0.048116018594137416,Non-Critical,Automated Replenishment
Product_0583,9258.037852784391,176.58,1634784.3240446679,C,144.65684144975612,161.21194231760748,SUP_0894,8,26.7,236,1.28,584.0,1742.0,Category_032,176.58,8,4905,84.23,1039.0,73.3,1634784.3240446679,0.7453608247422681,0.0477449875466318,Bottleneck,Maintain Higher Safety Stock
Product_0005,2587.7323536661775,629.76,1629650.3270448118,C,215.6443628055148,258.8715438455716,SUP_0992,11,55.12,649,1.28,1099.0,3472.0,Category_005,629.76,11,2696,99.25,375.0,44.88,1629650.3270448118,0.45237113402061857,0.04759504567404514,Non-Critical,Automated Replenishment
Product_0050,8747.956261336261,185.45,1622308.4886648096,C,203.4408432868898,244.7252467416531,SUP_0940,7,76.96,496,1.28,829.0,2254.0,Category_005,185.45,7,3592,50.57,1115.0,23.040000000000006,1622308.4886648096,0.22721649484536088,0.04738062229301142,Non-Critical,Automated Replenishment
Product_0040,2317.9334371629616,695.94,1613142.5962591916,C,85.84938656159117,66.43514511613152,SUP_1048,6,99.0,618,1.28,209.0,725.0,Category_011,695.94,6,4751,97.17,477.0,1.0,1613142.5962591916,0.0,0.04711292617412691,Non-Critical,Automated Replenishment
Product_0683,1646.8629755129161,977.61,1609989.713491182,C,65.87451902051664,69.96245299198635,SUP_1243,4,97.79,286,1.28,180.0,444.0,Category_011,977.61,4,5787,26.4,850.0,2.2099999999999937,1609989.713491182,0.012474226804123646,0.04702084408948704,Non-Critical,Automated Replenishment
Product_0603,6507.223763567167,245.17,1595376.0501137623,C,144.60497252371482,127.75064196875556,SUP_0892,8,63.74,685,1.28,463.0,1620.0,Category_001,245.17,8,3083,127.46,562.0,36.26,1595376.0501137623,0.3635051546391752,0.04659404211585464,Non-Critical,Automated Replenishment
Product_0695,2303.4493912597914,685.55,1579129.7301781499,C,65.81283975027975,105.65401451819575,SUP_1322,3,57.68,226,1.28,235.0,433.0,Category_001,685.55,3,3969,14.93,1107.0,42.32,1579129.7301781499,0.42597938144329894,0.04611955729752382,Non-Critical,Automated Replenishment
Product_0795,2288.5410342329556,688.14,1574836.627297066,C,18.455976082523836,26.35681490190821,SUP_1304,2,62.66,171,1.28,48.0,85.0,Category_001,688.14,2,5275,11.43,1454.0,37.34,1574836.627297066,0.374639175257732,0.04599417430933451,Non-Critical,Automated Replenishment
Product_1638,6518.23070157085,241.31,1572914.2505960618,C,114.35492458896229,143.923037986903,SUP_1000,8,89.66,86,1.28,522.0,1437.0,Category_019,241.31,8,5760,44.37,1301.0,10.340000000000003,1572914.2505960618,0.09628865979381446,0.04593802999090705,Non-Critical,Automated Replenishment
Product_0635,12897.167897916692,121.04,1561073.2023638363,C,992.089838301284,1629.2276576327733,SUP_0746,12,83.23,670,1.28,7225.0,19131.0,Category_007,121.04,12,4317,329.19,582.0,16.769999999999996,1561073.2023638363,0.16257731958762883,0.04559220412747577,Non-Critical,Automated Replenishment
Product_0469,11357.580470393063,135.63,1540428.639199411,C,252.39067711984583,423.4333766937614,SUP_0753,2,99.0,183,1.28,767.0,1272.0,Category_005,135.63,2,3482,241.1,573.0,1.0,1540428.639199411,0.0,0.044989265625623456,Non-Critical,Automated Replenishment
Product_1140,4120.345751956877,373.58,1539278.7660160502,C,100.49623785260677,212.69740216005067,SUP_0993,12,15.93,132,1.28,944.0,2150.0,Category_009,373.58,12,4555,102.44,606.0,84.07,1539278.7660160502,0.8563917525773196,0.044955682797593925,Bottleneck,Maintain Higher Safety Stock
Product_0543,2298.0,669.4,1538281.2,C,82.07142857142857,51.92439558765087,SUP_1196,2,48.77,739,1.28,94.0,259.0,Category_032,669.4,2,5385,31.34,889.0,51.23,1538281.2,0.5178350515463918,0.04492654820392751,Bottleneck,Maintain Higher Safety Stock
Product_1791,13648.89921282517,111.09,1516256.2135527483,C,853.0562008015731,497.1966828758152,SUP_0688,8,32.18,577,1.28,1801.0,8626.0,Category_006,111.09,8,3298,345.48,511.0,67.82,1516256.2135527483,0.6888659793814432,0.04428329350165766,Bottleneck,Maintain Higher Safety Stock
Product_1890,7325.430414973896,205.52,1505522.4588854352,C,221.98273984769384,289.3796492860486,SUP_1035,3,68.0,88,1.28,642.0,1308.0,Category_007,205.52,3,1769,52.43,704.0,32.0,1505522.4588854352,0.31958762886597936,0.04396980689955255,Non-Critical,Automated Replenishment
Product_0907,2868.152244785276,522.14,1497577.013092184,C,68.28933916155418,60.98897754071589,SUP_1095,5,45.29,154,1.28,175.0,517.0,Category_023,522.14,5,2700,61.31,503.0,54.71,1497577.013092184,0.5537113402061856,0.04373775475366908,Bottleneck,Maintain Higher Safety Stock
Product_0436,1359.6107571429343,1100.3,1495979.7160843706,C,226.60179285715571,208.51156257592856,SUP_1052,6,99.0,307,1.28,654.0,2014.0,Category_013,1100.3,6,1519,195.73,146.0,1.0,1495979.7160843706,0.0,0.0436911046086777,Non-Critical,Automated Replenishment
Product_2071,2642.805845281437,564.04,1490648.2089725416,C,61.46060105305668,137.99107611985343,SUP_1166,10,81.68,561,1.28,559.0,1174.0,Category_009,564.04,10,3318,32.75,732.0,18.319999999999993,1490648.2089725416,0.17855670103092777,0.04353539431899909,Non-Critical,Automated Replenishment
Product_1790,20425.58695806584,72.68,1484531.6601122255,C,1201.5051151803436,724.1152268544781,SUP_0622,5,63.5,866,1.28,2073.0,8081.0,Category_006,72.68,5,4703,235.53,904.0,36.5,1484531.6601122255,0.36597938144329895,0.04335675635136699,Non-Critical,Automated Replenishment
Product_0939,3529.632726588307,420.48,1484139.9688758512,C,130.72713802178916,127.86318951255922,SUP_0911,12,72.94,523,1.28,567.0,2136.0,Category_005,420.48,12,3487,159.59,393.0,27.060000000000002,1484139.9688758512,0.268659793814433,0.04334531674252822,Non-Critical,Automated Replenishment
Product_0909,6925.279388802763,213.99,1481940.5364099033,C,494.6628134859116,520.7379653987571,SUP_0853,13,99.0,314,1.28,2404.0,8835.0,Category_023,213.99,13,1630,127.75,421.0,1.0,1481940.5364099033,0.0,0.043281080822136886,Non-Critical,Automated Replenishment
Product_0964,13198.131445800094,111.85,1476211.0022127405,C,216.36281058688678,630.9970295368975,SUP_0666,13,43.84,317,1.28,2913.0,5726.0,Category_005,111.85,13,1069,349.08,285.0,56.16,1476211.0022127405,0.568659793814433,0.043113745880843386,Bottleneck,Maintain Higher Safety Stock
Product_1413,10681.4141717072,138.11,1475210.1112544816,C,288.6868695056,319.5266134492424,SUP_0808,14,45.85,2321,1.28,1531.0,5573.0,Category_019,138.11,14,3058,93.2,838.0,54.15,1475210.1112544816,0.547938144329897,0.043084514179979404,Bottleneck,Maintain Higher Safety Stock
Product_0212,11460.691587812647,128.65,1474417.9727720972,C,337.07916434743083,410.69694994256844,SUP_0796,11,48.88,646,1.28,1744.0,5452.0,Category_007,128.65,11,4256,161.04,779.0,51.12,1474417.9727720972,0.516701030927835,0.04306137923708793,Bottleneck,Maintain Higher Safety Stock
Product_1180,1850.1320763373058,793.83,1468690.3461588435,C,34.90815238372275,29.363040003017215,SUP_1273,11,21.69,271,1.28,125.0,509.0,Category_003,793.83,11,875,25.15,359.0,78.31,1468690.3461588435,0.7970103092783506,0.04289410000807932,Bottleneck,Maintain Higher Safety Stock
Product_1471,10508.877695813317,137.64,1446441.9260517447,C,309.08463811215637,341.44402670953764,SUP_0800,11,68.2,499,1.28,1450.0,4850.0,Category_019,137.64,11,5118,207.51,720.0,31.799999999999997,1446441.9260517447,0.3175257731958762,0.04224431977387844,Non-Critical,Automated Replenishment
Product_1718,3632.5918628479744,387.62,1408065.257877132,C,37.067263906611984,77.97273422926202,SUP_1153,3,46.8,460,1.28,173.0,285.0,Category_003,387.62,3,2059,12.37,1100.0,53.2,1408065.257877132,0.5381443298969073,0.04112350309052245,Bottleneck,Maintain Higher Safety Stock
Product_0593,3862.0136140401364,359.67,1389050.436561816,C,148.53898515538987,277.7521949993926,SUP_0935,5,51.61,197,1.28,795.0,1538.0,Category_032,359.67,5,1166,82.99,330.0,48.39,1389050.436561816,0.4885567010309278,0.040568162307308295,Non-Critical,Automated Replenishment
Product_2026,3206.624473059987,430.61,1380804.564344361,C,188.62496900352863,149.5537257747456,SUP_0965,11,42.15,254,1.28,635.0,2710.0,Category_005,430.61,11,2257,140.34,322.0,57.85,1380804.564344361,0.5860824742268042,0.04032733600346936,Bottleneck,Maintain Higher Safety Stock
Product_0957,13590.49677598775,101.06,1373455.604181322,C,191.41544754912326,189.0847869349488,SUP_0813,2,73.64,71,1.28,343.0,726.0,Category_005,101.06,2,4510,132.14,964.0,26.36,1373455.604181322,0.26144329896907215,0.0401127046259205,Non-Critical,Automated Replenishment
Product_0386,3165.036118104412,433.73,1372771.1155054267,C,158.25180590522058,118.40257794884215,SUP_0949,5,90.75,611,1.28,339.0,1131.0,Category_030,433.73,5,4409,110.86,502.0,9.25,1372771.1155054267,0.08505154639175257,0.04009271366881029,Non-Critical,Automated Replenishment
Product_1680,1305.689075548137,1048.46,1368962.7681491997,C,6.528445377740685,13.712994993235444,SUP_1490,13,70.45,657,1.28,64.0,149.0,Category_021,1048.46,13,5894,4.85,1782.0,29.549999999999997,1368962.7681491997,0.29432989690721645,0.03998148829527206,Non-Critical,Automated Replenishment
Product_0743,4251.361298457491,318.22,1352868.192395143,C,62.520019094963104,110.49277782811129,SUP_1132,14,39.01,228,1.28,530.0,1406.0,Category_001,318.22,14,5421,22.29,1439.0,60.99,1352868.192395143,0.6184536082474227,0.03951143526892266,Bottleneck,Maintain Higher Safety Stock
Product_1339,1186.383507857329,1130.92,1341704.8367060106,C,91.26026983517916,18.413836056995184,SUP_1260,2,69.47,418,1.28,34.0,217.0,Category_019,1130.92,2,3698,45.68,439.0,30.53,1341704.8367060106,0.30443298969072163,0.03918540187692294,Non-Critical,Automated Replenishment
Product_0238,2458.9303526411154,540.38,1328756.783960206,C,94.57424433235059,109.63456971999285,SUP_1092,7,46.82,86,1.28,372.0,1035.0,Category_007,540.38,7,3356,75.85,467.0,53.18,1328756.783960206,0.537938144329897,0.03880724519410618,Bottleneck,Maintain Higher Safety Stock
Product_0186,1611.2627733675713,824.27,1328115.566203688,C,57.545099048841834,101.90887065821622,SUP_1080,11,48.32,372,1.28,433.0,1066.0,Category_007,824.27,11,4769,47.58,569.0,51.68,1328115.566203688,0.5224742268041237,0.038788517993612916,Bottleneck,Maintain Higher Safety Stock
Product_0041,1213.0887203075918,1093.51,1326524.6465435547,C,110.28079275523561,70.00619465651108,SUP_1200,2,83.23,158,1.28,127.0,348.0,Category_011,1093.51,2,2817,42.53,401.0,16.769999999999996,1326524.6465435547,0.16257731958762883,0.03874205410339599,Non-Critical,Automated Replenishment
Product_0590,4070.3456179131736,325.57,1325182.4228239919,C,162.81382471652694,91.443685048629,SUP_1022,9,46.51,380,1.28,352.0,1818.0,Category_032,325.57,9,1278,95.87,330.0,53.49,1325182.4228239919,0.5411340206185568,0.03870285354719249,Bottleneck,Maintain Higher Safety Stock
Product_2018,1646.4279971255996,803.1,1322246.324491569,C,117.60199979468568,116.59958872807945,SUP_1121,4,59.12,331,1.28,299.0,770.0,Category_005,803.1,4,1169,78.76,222.0,40.88,1322246.324491569,0.4111340206185567,0.038617102799368835,Non-Critical,Automated Replenishment
Product_0904,6505.49728588198,202.07,1314565.8365581718,C,85.5986484984471,157.44027572377,SUP_0955,5,79.92,266,1.28,451.0,879.0,Category_023,202.07,5,4411,45.13,1128.0,20.08,1314565.8365581718,0.19670103092783503,0.03839278892790668,Non-Critical,Automated Replenishment
Product_1185,6911.854701323251,190.08,1313805.3416275235,C,329.13593815825004,307.9010257892038,SUP_0793,10,53.79,172,1.28,1247.0,4539.0,Category_030,190.08,10,1858,322.11,283.0,46.21,1313805.3416275235,0.4660824742268041,0.03837057815645565,Non-Critical,Automated Replenishment
Product_1320,764.2600668026462,1717.79,1312838.3001529176,C,54.590004771617586,45.91664311300116,SUP_1298,7,99.0,39,1.28,156.0,539.0,Category_019,1717.79,7,1120,20.27,291.0,1.0,1312838.3001529176,0.0,0.03834233505277339,Non-Critical,Automated Replenishment
Product_2009,3000.0,435.02,1305060.0,C,1000.0,1000.0,SUP_0867,8,75.46,52,1.28,3621.0,11621.0,Category_005,435.02,8,3253,362.46,233.0,24.540000000000006,1305060.0,0.2426804123711341,0.0381151645089452,Non-Critical,Automated Replenishment
Product_1896,2217.53786509855,586.94,1301561.674540943,C,36.353079755713935,47.33194426031178,SUP_1321,5,69.74,169,1.28,136.0,318.0,Category_021,586.94,5,3873,12.64,1166.0,30.260000000000005,1301561.674540943,0.3016494845360825,0.03801299353567364,Non-Critical,Automated Replenishment
Product_0223,4434.697076928437,292.11,1295419.3631415658,C,108.16334333971798,158.82982854855237,SUP_1033,2,62.47,58,1.28,288.0,505.0,Category_007,292.11,2,958,53.89,398.0,37.53,1295419.3631415658,0.3765979381443299,0.037833603155574304,Non-Critical,Automated Replenishment
Product_0431,11074.68068750465,115.28,1276689.189655536,C,461.4450286460271,661.3982357812765,SUP_0848,12,63.48,629,1.28,2933.0,8471.0,Category_011,115.28,12,3084,168.92,636.0,36.52,1276689.189655536,0.3661855670103093,0.03728657570572441,Non-Critical,Automated Replenishment
Product_0891,9685.581989919296,130.99,1268714.3848595286,C,333.98558585928606,432.85791206609247,SUP_0787,9,62.17,271,1.28,1663.0,4669.0,Category_023,130.99,9,2109,222.79,429.0,37.83,1268714.3848595286,0.3796907216494845,0.037053666110206544,Non-Critical,Automated Replenishment
Product_1411,4969.894445750733,254.84,1266527.9005551168,C,165.6631481916911,181.8375389010543,SUP_0952,12,51.94,1414,1.28,807.0,2795.0,Category_019,254.84,12,4295,104.31,640.0,48.06,1266527.9005551168,0.48515463917525775,0.036989808349675316,Non-Critical,Automated Replenishment
Product_0046,4117.952861104032,306.06,1260340.6526695,C,205.89764305520163,162.41557730987907,SUP_0910,12,53.44,301,1.28,721.0,3192.0,Category_005,306.06,12,3738,197.1,396.0,46.56,1260340.6526695,0.46969072164948455,0.03680910556894653,Non-Critical,Automated Replenishment
Product_1784,37024.85836769739,33.8,1251440.2128281717,C,2056.936575983188,948.4424860732072,SUP_0528,3,60.68,355,1.28,2103.0,8274.0,Category_006,33.8,3,3485,279.15,962.0,39.32,1251440.2128281717,0.39505154639175255,0.03654916217266268,Non-Critical,Automated Replenishment
Product_2075,2281.3767956888896,546.27,1246247.7021809698,C,67.09931752026147,157.45194847985925,SUP_1152,5,52.85,420,1.28,451.0,787.0,Category_009,546.27,5,4995,52.64,658.0,47.15,1246247.7021809698,0.47577319587628863,0.0363975113692264,Non-Critical,Automated Replenishment
Product_0254,3078.949338680752,401.62,1236567.6334009636,C,106.17066685106042,135.35324538080158,SUP_1046,9,49.07,456,1.28,520.0,1476.0,Category_007,401.62,9,2459,79.98,436.0,50.93,1236567.6334009636,0.5147422680412371,0.036114798379779295,Bottleneck,Maintain Higher Safety Stock
Product_0009,8481.677787049266,145.19,1231454.797901683,C,223.20204702761225,243.99162428806426,SUP_0953,12,62.75,151,1.28,1082.0,3761.0,Category_005,145.19,12,3437,66.78,935.0,37.25,1231454.797901683,0.3737113402061855,0.03596547454320301,Non-Critical,Automated Replenishment
Product_1978,5228.004962289994,231.96,1212688.031052787,C,145.22236006361095,320.50037654497737,SUP_1038,12,71.66,120,1.28,1422.0,3165.0,Category_011,231.96,12,5251,34.38,1264.0,28.340000000000003,1212688.031052787,0.2818556701030928,0.03541737835931361,Non-Critical,Automated Replenishment
Product_0141,4495.489280663113,268.22,1205780.1348594604,C,34.58068677433164,54.49753463089124,SUP_1119,5,60.99,39,1.28,156.0,329.0,Category_007,268.22,5,3692,24.69,1160.0,39.01,1205780.1348594604,0.39185567010309275,0.03521562855484534,Non-Critical,Automated Replenishment
Product_1405,1000.0,1199.44,1199440.0,C,1000.0,,SUP_1050,10,99.0,81,1.28,0.0,10000.0,Category_019,1199.44,10,2168,187.93,152.0,1.0,1199440.0,0.0,0.035030460606109474,Non-Critical,Automated Replenishment
Product_2012,7178.966860248129,167.03,1199102.834667245,C,135.45220491034206,121.26250016233523,SUP_0876,5,77.57,102,1.28,348.0,1026.0,Category_005,167.03,5,3820,102.55,732.0,22.430000000000007,1199102.834667245,0.22092783505154648,0.03502061346335384,Non-Critical,Automated Replenishment
Product_0969,2700.397721709649,442.02,1193629.800950099,C,117.40859659607169,105.658443977806,SUP_1078,7,45.86,748,1.28,358.0,1180.0,Category_028,442.02,7,2031,42.11,511.0,54.14,1193629.800950099,0.5478350515463918,0.034860769792953994,Bottleneck,Maintain Higher Safety Stock
Product_0599,5205.115143766039,228.16,1187599.0712016595,C,126.95402789673267,260.14880177487703,SUP_0988,9,83.85,102,1.28,999.0,2142.0,Category_017,228.16,9,2413,66.42,615.0,16.150000000000006,1187599.0712016595,0.15618556701030933,0.034684638230826,Non-Critical,Automated Replenishment
Product_0177,1445.5012646922323,820.01,1185325.4920602774,C,120.45843872435269,119.09225409636177,SUP_1218,6,60.9,222,1.28,374.0,1097.0,Category_021,820.01,6,875,25.46,316.0,39.1,1185325.4920602774,0.39278350515463917,0.034618236806372035,Non-Critical,Automated Replenishment
Product_1202,6665.013701188435,177.8,1185039.436071304,C,155.0003186322892,185.10598213176652,SUP_0905,12,75.17,144,1.28,821.0,2682.0,Category_019,177.8,12,3215,129.69,575.0,24.83,1185039.436071304,0.2456701030927835,0.03460988234674681,Non-Critical,Automated Replenishment
Product_0780,1796.9697761008435,654.68,1176440.1730177002,C,17.6173507460867,39.01191757773775,SUP_1457,2,85.34,496,1.28,71.0,107.0,Category_001,654.68,2,3026,5.01,1474.0,14.659999999999997,1176440.1730177002,0.1408247422680412,0.03435873502329517,Non-Critical,Automated Replenishment
Product_0158,2973.544855732824,394.07,1171784.821298634,C,57.18355491793893,133.84445640918247,SUP_1062,12,68.04,430,1.28,594.0,1281.0,Category_021,394.07,12,4308,62.41,641.0,31.959999999999994,1171784.821298634,0.31917525773195865,0.03422277231152774,Non-Critical,Automated Replenishment
Product_0547,2120.180599517011,546.51,1158699.8994420418,C,23.55756221685568,46.28735577459194,SUP_1163,14,45.44,255,1.28,222.0,552.0,Category_013,546.51,14,1572,25.79,509.0,54.56,1158699.8994420418,0.5521649484536083,0.033840618273283746,Bottleneck,Maintain Higher Safety Stock
Product_1109,11028.635195231991,103.63,1142897.4652818912,C,1002.6031995665446,632.5144608052972,SUP_0756,2,57.62,306,1.28,1145.0,3151.0,Category_030,103.63,2,3082,349.65,441.0,42.38,1142897.4652818912,0.4265979381443299,0.03337909744078875,Non-Critical,Automated Replenishment
Product_1108,2574.6212937401115,443.1,1140814.6952562435,C,858.2070979133705,557.0598542764013,SUP_0919,13,60.95,674,1.28,2571.0,13728.0,Category_030,443.1,13,5039,245.83,325.0,39.05,1140814.6952562435,0.39226804123711334,0.033318268726276114,Non-Critical,Automated Replenishment
Product_0608,5138.392367145858,220.06,1130754.6243141175,C,6.805817704828951,22.192757136117454,SUP_1351,8,25.92,264,1.28,81.0,136.0,Category_001,220.06,8,3234,4.22,2807.0,74.08,1130754.6243141175,0.7534020618556702,0.03302445751535034,Bottleneck,Maintain Higher Safety Stock
Product_1796,3828.415996997802,294.58,1127774.7843956123,C,141.79318507399265,83.16352610039196,SUP_0947,4,78.48,79,1.28,213.0,781.0,Category_005,294.58,4,2577,126.58,395.0,21.519999999999996,1127774.7843956123,0.21154639175257728,0.03293742926476865,Non-Critical,Automated Replenishment
Product_0335,3141.841641603174,357.42,1122957.0395418066,C,22.441726011451244,47.75419197112468,SUP_1199,11,58.72,341,1.28,203.0,450.0,Category_021,357.42,11,2745,12.86,1159.0,41.28,1122957.0395418066,0.41525773195876287,0.03279672375110266,Non-Critical,Automated Replenishment
Product_0908,2568.771430411956,436.83,1122116.4239468547,C,62.652961717364775,67.75939181913685,SUP_1125,8,67.07,257,1.28,246.0,748.0,Category_023,436.83,8,2633,47.33,535.0,32.93000000000001,1122116.4239468547,0.3291752577319588,0.032772173001182826,Non-Critical,Automated Replenishment
Product_1136,669.8949756144327,1656.0,1109346.0796175005,C,83.73687195180409,56.74554459786685,SUP_1390,5,48.13,453,1.28,163.0,582.0,Category_009,1656.0,5,4316,35.03,407.0,51.87,1109346.0796175005,0.5244329896907216,0.032399206413478654,Bottleneck,Maintain Higher Safety Stock
Product_0923,5388.007341840685,205.52,1107343.2688950975,C,538.8007341840685,448.4400018559679,SUP_0932,8,68.0,1670,1.28,1624.0,5935.0,Category_023,205.52,8,4275,123.81,610.0,32.0,1107343.2688950975,0.31958762886597936,0.0323407129647754,Non-Critical,Automated Replenishment
Product_0924,3350.0,329.97,1105399.5,C,279.1666666666667,341.42637522161306,SUP_0886,2,90.98,102,1.28,619.0,1178.0,Category_023,329.97,2,2574,218.35,282.0,9.019999999999996,1105399.5,0.08268041237113398,0.032283943872776555,Non-Critical,Automated Replenishment
Product_0652,2120.6521355974737,519.1,1100830.5235886488,C,47.12560301327719,45.766130882295805,SUP_1133,9,99.0,98,1.28,176.0,601.0,Category_011,519.1,9,3771,48.21,576.0,1.0,1100830.5235886488,0.0,0.0321505038105908,Non-Critical,Automated Replenishment
Product_1052,2898.047518807062,378.28,1096273.4154143352,C,54.68014186428419,169.36284713168698,SUP_1106,5,78.71,233,1.28,485.0,759.0,Category_032,378.28,5,3950,27.73,909.0,21.290000000000006,1096273.4154143352,0.20917525773195883,0.032017410368336024,Non-Critical,Automated Replenishment
Product_0468,1643.5374323274964,666.77,1095861.4537530048,C,78.2636872536903,63.4015132680546,SUP_1201,12,82.54,285,1.28,282.0,1222.0,Category_005,666.77,12,2943,32.67,545.0,17.459999999999994,1095861.4537530048,0.16969072164948448,0.03200537874795613,Non-Critical,Automated Replenishment
Product_1137,2266.8668232441723,483.29,1095554.067005676,C,68.69293403770219,75.00071643186983,SUP_1097,4,69.15,61,1.28,193.0,468.0,Category_009,483.29,4,5225,52.93,669.0,30.849999999999994,1095554.067005676,0.3077319587628865,0.03199640130903201,Non-Critical,Automated Replenishment
Product_2172,5755.424852182127,189.91,1093012.7336779078,C,274.0678501039108,296.4679526896699,SUP_0858,6,92.23,70,1.28,930.0,2575.0,Category_005,189.91,6,4819,180.23,555.0,7.769999999999996,1093012.7336779078,0.06979381443298964,0.03192217994153937,Non-Critical,Automated Replenishment
Product_0899,3635.5947351548416,299.92,1090387.5729676401,C,165.2543061434019,211.80954376191184,SUP_0834,5,77.21,117,1.28,607.0,1434.0,Category_023,299.92,5,879,304.46,145.0,22.790000000000006,1090387.5729676401,0.22463917525773203,0.031845510338353096,Non-Critical,Automated Replenishment
Product_0236,1177.0656472825203,922.99,1086419.8217852935,C,26.751491983693644,52.90311856017589,SUP_1336,13,57.59,131,1.28,245.0,593.0,Category_007,922.99,13,3810,28.15,565.0,42.41,1086419.8217852935,0.4269072164948453,0.031729629467706764,Non-Critical,Automated Replenishment
Product_1891,5066.335734714061,213.5,1081662.679361452,C,27.83700953139594,42.821862777129255,SUP_1149,11,74.24,255,1.28,182.0,489.0,Category_021,213.5,11,1586,11.14,1202.0,25.760000000000005,1081662.679361452,0.2552577319587629,0.031590693889206774,Non-Critical,Automated Replenishment
Product_0377,2074.5183932859295,519.63,1077981.9927031675,C,115.2510218492183,108.08350116688145,SUP_1066,8,84.64,278,1.28,392.0,1315.0,Category_030,519.63,8,2230,56.9,404.0,15.36,1077981.9927031675,0.14804123711340206,0.03148319693313855,Non-Critical,Automated Replenishment
Product_0596,1153.0752753021,929.73,1072048.6757066215,C,36.03360235319062,36.05016412737531,SUP_1335,6,24.27,524,1.28,114.0,331.0,Category_032,929.73,6,2824,18.77,590.0,75.73,1072048.6757066215,0.7704123711340207,0.03130991037665297,Bottleneck,Maintain Higher Safety Stock
Product_0506,2974.104120807011,359.43,1068982.244141664,C,1487.0520604035055,688.7956294043976,SUP_0898,5,66.48,187,1.28,1972.0,9408.0,Category_015,359.43,5,2634,278.25,238.0,33.519999999999996,1068982.244141664,0.3352577319587628,0.031220353158169695,Non-Critical,Automated Replenishment
Product_1139,2597.2821271491075,411.0,1067482.9542582831,C,89.56145266031405,121.4838827683173,SUP_1156,9,50.98,1628,1.28,467.0,1274.0,Category_009,411.0,9,3043,38.11,645.0,49.02,1067482.9542582831,0.4950515463917526,0.0311765653778748,Non-Critical,Automated Replenishment
Product_2080,1120.2578024706984,946.24,1060032.7430098737,C,48.70686097698689,84.84775536575228,SUP_1367,14,69.4,181,1.28,407.0,1089.0,Category_009,946.24,14,1667,16.29,479.0,30.599999999999994,1060032.7430098737,0.30515463917525765,0.030958976893544946,Non-Critical,Automated Replenishment
Product_2159,819.8862504997174,1283.47,1052299.4059288723,C,48.228602970571615,83.09624289570968,SUP_1188,2,58.94,45,1.28,151.0,248.0,Category_022,1283.47,2,5417,51.34,416.0,41.06,1052299.4059288723,0.4129896907216495,0.030733119526798976,Non-Critical,Automated Replenishment
Product_0373,7347.326136809218,142.53,1047214.3942794178,C,166.98468492748222,105.09332845568305,SUP_0880,11,57.19,224,1.28,447.0,2284.0,Category_030,142.53,11,5281,158.02,701.0,42.81,1047214.3942794178,0.43103092783505154,0.030584608304672134,Non-Critical,Automated Replenishment
Product_2052,1214.9064311532936,855.21,1039000.1289866082,C,80.99376207688624,88.1461432217756,SUP_1271,10,44.48,371,1.28,357.0,1167.0,Category_021,855.21,10,4514,33.3,574.0,55.52,1039000.1289866082,0.5620618556701031,0.03034470510255456,Bottleneck,Maintain Higher Safety Stock
Product_1412,2028.9706017220483,507.42,1029540.2627258018,C,112.72058898455823,70.05377133826045,SUP_0926,6,97.14,126,1.28,220.0,897.0,Category_019,507.42,6,4472,121.42,387.0,2.8599999999999994,1029540.2627258018,0.01917525773195876,0.030068423277379276,Non-Critical,Automated Replenishment
Product_1642,3465.5585035140134,296.51,1027572.7518769401,C,231.0372335676009,143.4151861443969,SUP_0909,3,82.94,123,1.28,318.0,1012.0,Category_019,296.51,3,3513,209.51,341.0,17.060000000000002,1027572.7518769401,0.16556701030927837,0.03001096078548044,Non-Critical,Automated Replenishment
Product_0882,893.1131333383979,1147.05,1024445.4195958093,C,63.793795238456994,68.78786585983762,SUP_1186,2,74.01,357,1.28,125.0,253.0,Category_023,1147.05,2,5664,42.53,488.0,25.989999999999995,1024445.4195958093,0.2576288659793814,0.02991962492017966,Non-Critical,Automated Replenishment
Product_0117,4947.7803048996075,206.28,1020628.121294691,C,58.20918005764244,104.26522061123919,SUP_0922,9,98.12,432,1.28,401.0,925.0,Category_032,206.28,9,1319,62.6,457.0,1.8799999999999955,1020628.121294691,0.009072164948453561,0.02980813812821083,Non-Critical,Automated Replenishment
Product_0877,1138.6097755127528,895.09,1019158.2239637099,C,75.90731836751685,102.72114735333818,SUP_0784,5,61.34,946,1.28,295.0,675.0,Category_023,895.09,5,821,318.67,77.0,38.66,1019158.2239637099,0.3882474226804123,0.02976520877739048,Non-Critical,Automated Replenishment
Product_0749,634.2689693296046,1605.64,1018407.6279143865,C,7.9283621166200575,13.878075823663856,SUP_1610,13,34.02,438,1.28,65.0,169.0,Category_001,1605.64,13,1971,3.48,848.0,65.97999999999999,1018407.6279143865,0.6698969072164948,0.029743287109498025,Bottleneck,Maintain Higher Safety Stock
Product_1364,4847.2718225498775,208.74,1011819.5202390614,C,403.93931854582314,261.56765888666285,SUP_0854,10,99.0,275,1.28,1059.0,5099.0,Category_019,208.74,10,1209,232.49,225.0,1.0,1011819.5202390614,0.0,0.02955087694609737,Non-Critical,Automated Replenishment
Product_0320,1789.8469034110797,564.55,1010458.0693207249,C,223.73086292638496,191.0863135296631,SUP_1112,3,44.77,149,1.28,424.0,1096.0,Category_024,564.55,3,2706,57.15,412.0,55.23,1010458.0693207249,0.5590721649484536,0.0295111148464826,Bottleneck,Maintain Higher Safety Stock
Product_0883,1575.701342099862,640.9,1009866.9901518015,C,68.50875400434182,95.73255426365392,SUP_0989,14,82.09,155,1.28,459.0,1419.0,Category_023,640.9,14,4816,92.42,406.0,17.909999999999997,1009866.9901518015,0.17432989690721645,0.029493851977525368,Non-Critical,Automated Replenishment
Product_0495,5157.82944378492,195.59,1008819.8609098925,C,15.214836117359646,32.11987940554193,SUP_1179,14,38.65,201,1.28,154.0,368.0,Category_015,195.59,14,5221,9.49,2383.0,61.35,1008819.8609098925,0.6221649484536083,0.02946326985615356,Bottleneck,Maintain Higher Safety Stock
Product_1311,3156.9082347283497,318.28,1004780.7529493391,C,210.46054898188999,122.59338407897752,SUP_0924,4,52.03,512,1.28,314.0,1156.0,Category_019,318.28,4,2129,207.48,255.0,47.97,1004780.7529493391,0.4842268041237113,0.029345304962289768,Non-Critical,Automated Replenishment
Product_0740,2139.2000910700103,463.39,991283.9302009321,C,39.61481650129649,52.68411930838388,SUP_1308,8,64.91,48,1.28,191.0,508.0,Category_001,463.39,8,2000,9.12,969.0,35.09,991283.9302009321,0.35144329896907217,0.028951121078480895,Non-Critical,Automated Replenishment
Product_2055,2729.184287984118,362.8,990148.059680638,C,22.009550709549337,33.55560331819498,SUP_1211,11,89.38,233,1.28,143.0,386.0,Category_021,362.8,11,3688,17.09,1086.0,10.620000000000005,990148.059680638,0.0991752577319588,0.028917947207745553,Non-Critical,Automated Replenishment
Product_1990,2944.9376674248097,335.54,988144.3849277206,C,588.9875334849619,537.9919060130201,SUP_0809,9,99.0,229,1.28,2066.0,7367.0,Category_005,335.54,9,2791,445.72,193.0,1.0,988144.3849277206,0.0,0.028859428524443738,Non-Critical,Automated Replenishment
Product_2030,4517.622777382231,217.04,980504.8476030394,C,215.12489416105862,79.1578758394972,SUP_0997,2,61.45,727,1.28,144.0,575.0,Category_005,217.04,2,2861,67.9,618.0,38.55,980504.8476030394,0.3871134020618556,0.028636310643348265,Non-Critical,Automated Replenishment
Product_0627,2598.6465603995757,376.6,978650.2946464802,C,8.328995385896077,22.027101902680005,SUP_1419,3,33.43,118,1.28,49.0,74.0,Category_001,376.6,3,5159,3.0,2990.0,66.57,978650.2946464802,0.6759793814432989,0.028582147163485425,Bottleneck,Maintain Higher Safety Stock
Product_0897,4812.144862900863,202.03,972197.6266518614,C,401.01207190840523,593.2534547201623,SUP_0681,14,71.15,270,1.28,2842.0,8457.0,Category_023,202.03,14,3491,289.82,341.0,28.849999999999994,972197.6266518614,0.2871134020618556,0.028393692608034714,Non-Critical,Automated Replenishment
Product_1661,2277.3017327951975,422.29,961681.748742084,C,11.001457646353611,27.838190036728392,SUP_1334,4,85.33,338,1.28,72.0,117.0,Category_026,422.29,4,3897,11.49,1243.0,14.670000000000002,961681.748742084,0.1409278350515464,0.028086569244750923,Non-Critical,Automated Replenishment
Product_0706,1310.159989350679,731.01,957740.0538152399,C,43.67199964502264,41.846936228254236,SUP_1228,9,59.68,123,1.28,161.0,555.0,Category_001,731.01,9,5177,26.17,720.0,40.32,957740.0538152399,0.40536082474226803,0.027971449364760165,Non-Critical,Automated Replenishment
Product_0915,8300.0,114.26,948358.0,C,691.6666666666666,685.5102059227437,SUP_0798,3,73.29,260,1.28,1520.0,3595.0,Category_023,114.26,3,4033,299.82,473.0,26.709999999999994,948358.0,0.2650515463917525,0.027697440104956287,Non-Critical,Automated Replenishment
Product_0056,2681.462640256168,348.28,933899.8083484181,C,178.76417601707786,156.6210330804664,SUP_1006,6,69.64,362,1.28,492.0,1565.0,Category_019,348.28,6,4656,144.66,416.0,30.36,933899.8083484181,0.30268041237113397,0.027275178788770133,Non-Critical,Automated Replenishment
Product_0049,2581.1365177322277,361.69,933571.2670985694,C,117.32438716964671,70.9098565053954,SUP_1061,4,99.0,281,1.28,182.0,652.0,Category_005,361.69,4,5645,90.24,569.0,1.0,933571.2670985694,0.0,0.02726558351821862,Non-Critical,Automated Replenishment
Product_0953,3738.6328859501646,248.73,929910.1577223844,C,249.24219239667764,270.656915874674,SUP_0904,2,42.84,168,1.28,490.0,989.0,Category_005,248.73,2,3423,270.58,308.0,57.16,929910.1577223844,0.5789690721649484,0.02715865832998319,Bottleneck,Maintain Higher Safety Stock
Product_1428,6119.779900616021,151.7,928370.6109234503,C,305.98899503080105,476.0307188471784,SUP_0844,12,57.6,275,1.28,2111.0,5783.0,Category_019,151.7,12,3731,201.16,477.0,42.4,928370.6109234503,0.4268041237113402,0.02711369481910201,Non-Critical,Automated Replenishment
Product_0790,2414.8466557657052,383.86,926963.0372822237,C,10.364148737191869,13.271969540776043,SUP_1435,2,82.7,770,1.28,25.0,46.0,Category_001,383.86,2,2325,3.88,1702.0,17.299999999999997,926963.0372822237,0.16804123711340205,0.027072585674009976,Non-Critical,Automated Replenishment
Product_0042,2037.4796964581624,452.87,922713.4301350081,C,101.87398482290811,56.49534227143182,SUP_1069,12,49.22,92,1.28,251.0,1474.0,Category_011,452.87,12,2135,61.94,375.0,50.78,922713.4301350081,0.5131958762886598,0.026948473008297662,Bottleneck,Maintain Higher Safety Stock
Product_1592,1915.2059815435753,477.9,915276.9385796746,C,106.4003323079764,58.28885409373837,SUP_1143,11,88.09,274,1.28,248.0,1419.0,Category_030,477.9,11,1273,62.21,280.0,11.909999999999997,915276.9385796746,0.11247422680412367,0.026731285216931047,Non-Critical,Automated Replenishment
Product_1640,4638.976433497031,196.94,913600.0188129053,C,149.6444010805494,151.43226492856573,SUP_0837,3,66.2,437,1.28,336.0,785.0,Category_019,196.94,3,1553,238.8,246.0,33.8,913600.0188129053,0.3381443298969072,0.026682309635135026,Non-Critical,Automated Replenishment
Product_2108,6257.947485341406,145.83,912596.4817873373,C,240.69028789774637,535.4994083892406,SUP_0877,2,41.21,420,1.28,970.0,1452.0,Category_009,145.83,2,4992,148.65,649.0,58.79,912596.4817873373,0.5957731958762886,0.02665300065407642,Bottleneck,Maintain Higher Safety Stock
Product_0614,1212.4503433381824,749.29,908476.9177598667,C,4.773426548575522,17.297443616903294,SUP_1519,8,65.45,301,1.28,63.0,102.0,Category_001,749.29,8,4994,4.78,1592.0,34.55,908476.9177598667,0.34587628865979375,0.02653268598608248,Non-Critical,Automated Replenishment
Product_0111,4039.2681061486273,224.52,906896.4751924898,C,44.88075673498475,70.30160055051306,SUP_1116,6,52.81,426,1.28,221.0,491.0,Category_032,224.52,6,3084,32.15,881.0,47.19,906896.4751924898,0.47618556701030923,0.02648652808648207,Non-Critical,Automated Replenishment
Product_1114,2463.772609428886,366.97,904130.6344821183,C,91.25083738625504,119.35782264224443,SUP_1042,12,57.51,271,1.28,530.0,1626.0,Category_007,366.97,12,1755,84.12,321.0,42.49,904130.6344821183,0.4277319587628866,0.026405749828255363,Non-Critical,Automated Replenishment
Product_0345,1178.7007722535232,766.19,903108.744692927,C,29.46751930633808,37.780972673226884,SUP_1319,4,70.96,235,1.28,97.0,215.0,Category_021,766.19,4,1513,14.66,494.0,29.040000000000006,903108.744692927,0.28907216494845367,0.02637590484225852,Non-Critical,Automated Replenishment
Product_1982,3652.0897918650753,247.06,902285.3039781855,C,158.7865126897859,142.42591608050122,SUP_0987,4,53.36,2087,1.28,365.0,1001.0,Category_005,247.06,4,4937,56.27,801.0,46.64,902285.3039781855,0.47051546391752574,0.0263518556963911,Non-Critical,Automated Replenishment
Product_0437,5572.663394213574,160.8,896084.2737895427,C,123.8369643158572,166.7586660760947,SUP_0995,12,73.17,209,1.28,740.0,2227.0,Category_012,160.8,12,2864,77.23,643.0,26.83,896084.2737895427,0.2662886597938144,0.026170750394132924,Non-Critical,Automated Replenishment
Product_0835,9233.23929435876,96.95,895162.5495880818,C,341.97182571699113,509.7565715477106,SUP_0846,14,49.34,517,1.28,2442.0,7230.0,Category_019,96.95,14,2830,155.21,581.0,50.66,895162.5495880818,0.5119587628865979,0.02614383081222055,Bottleneck,Maintain Higher Safety Stock
Product_0756,2549.851598082801,350.23,893034.5251965395,C,32.69040510362566,26.57927540146341,SUP_1354,3,52.0,140,1.28,59.0,158.0,Category_001,350.23,3,5869,5.88,2257.0,48.0,893034.5251965395,0.4845360824742268,0.026081680413187033,Non-Critical,Automated Replenishment
Product_2053,4538.479656924513,196.39,891312.019823405,C,47.77347007288961,51.59655037681013,SUP_1079,3,69.56,185,1.28,115.0,259.0,Category_021,196.39,3,4903,48.46,959.0,30.439999999999998,891312.019823405,0.3035051546391752,0.026031373472767006,Non-Critical,Automated Replenishment
Product_0300,1755.2601475545387,501.27,879859.2541646636,C,50.150289930129674,101.53297746483297,SUP_1181,11,38.23,788,1.28,432.0,984.0,Category_015,501.27,11,3942,42.41,572.0,61.77,879859.2541646636,0.6264948453608248,0.025696887665857496,Bottleneck,Maintain Higher Safety Stock
Product_2142,1038.6753058602224,836.55,868903.8271173689,C,22.579897953483094,28.712424158173427,SUP_1326,12,79.83,248,1.28,128.0,399.0,Category_009,836.55,12,5874,12.89,973.0,20.17,868903.8271173689,0.19762886597938148,0.025376926971197183,Non-Critical,Automated Replenishment
Product_2144,2260.455430418938,381.92,863313.1379856007,C,25.686993527487928,46.76279493317491,SUP_1212,3,75.39,380,1.28,104.0,182.0,Category_009,381.92,3,4359,26.38,865.0,24.61,863313.1379856007,0.24340206185567012,0.025213647094428516,Non-Critical,Automated Replenishment
Product_0682,1020.3020140926601,842.57,859675.8680140526,C,72.87871529233287,78.36652038763164,SUP_1245,11,66.57,589,1.28,333.0,1135.0,Category_011,842.57,11,3499,48.98,382.0,33.43000000000001,859675.8680140526,0.33432989690721654,0.025107418152212065,Non-Critical,Automated Replenishment
Product_1659,2318.145171366947,369.33,856160.5561409545,C,10.93464703474975,27.81832625547479,SUP_1404,2,51.62,282,1.28,51.0,73.0,Category_026,369.33,2,2734,5.85,1472.0,48.38,856160.5561409545,0.4884536082474227,0.025004751079170686,Non-Critical,Automated Replenishment
Product_0389,2991.8038216677105,286.15,856104.6635702153,C,106.85013648813252,124.69077563348918,SUP_1101,10,63.43,553,1.28,505.0,1574.0,Category_030,286.15,10,4166,49.96,707.0,36.57,856104.6635702153,0.366701030927835,0.02500311869864523,Non-Critical,Automated Replenishment
Product_0184,2763.5671640278283,309.69,855849.1150277782,C,102.35433940843808,129.23499434539886,SUP_1074,8,52.05,41,1.28,468.0,1287.0,Category_007,309.69,8,1781,65.7,388.0,47.95,855849.1150277782,0.48402061855670103,0.024995655229735746,Non-Critical,Automated Replenishment
Product_1670,2214.0009676304016,384.6,851504.7721506525,C,20.311935482847723,34.06736423270987,SUP_1303,7,70.81,114,1.28,116.0,259.0,Category_026,384.6,7,1173,6.97,864.0,29.189999999999998,851504.7721506525,0.2906185567010309,0.02486877574262794,Non-Critical,Automated Replenishment
Product_1705,1179.3800284328042,721.93,851429.8239264943,C,10.530178825292895,14.957693771055755,SUP_1281,10,31.19,244,1.28,61.0,167.0,Category_026,721.93,10,5229,20.1,784.0,68.81,851429.8239264943,0.6990721649484537,0.024866586828789925,Bottleneck,Maintain Higher Safety Stock
Product_0024,11086.991318874314,76.77,851148.323549981,C,692.9369574296446,563.8722069605923,SUP_0684,3,99.0,271,1.28,1251.0,3330.0,Category_005,76.77,3,1559,329.66,324.0,1.0,851148.323549981,0.0,0.024858365418923608,Non-Critical,Automated Replenishment
Product_0589,3705.4709671222977,229.44,850183.25869654,C,308.7892472601915,677.0323222686791,SUP_0724,8,53.47,192,1.28,2452.0,4923.0,Category_032,229.44,8,4706,339.23,321.0,46.53,850183.25869654,0.4693814432989691,0.024830180043806216,Non-Critical,Automated Replenishment
Product_1033,2753.868840902196,307.75,847503.1357876508,C,94.96099451386883,37.67832412032585,SUP_1053,6,49.71,393,1.28,119.0,689.0,Category_028,307.75,6,2246,63.93,440.0,50.29,847503.1357876508,0.5081443298969073,0.024751905232244676,Bottleneck,Maintain Higher Safety Stock
Product_0174,7855.340928772946,106.78,838793.3043743753,C,212.30651158845802,339.99421675628713,SUP_0893,5,33.99,331,1.28,974.0,2036.0,Category_021,106.78,5,4419,127.62,738.0,66.00999999999999,838793.3043743753,0.6702061855670103,0.024497528684681975,Bottleneck,Maintain Higher Safety Stock
Product_0713,2458.3754167602865,340.96,838207.6820985873,C,11.174433712546756,16.61970603874715,SUP_1414,6,61.58,91,1.28,53.0,121.0,Category_001,340.96,6,3048,4.99,1733.0,38.42,838207.6820985873,0.38577319587628867,0.02448042518799848,Non-Critical,Automated Replenishment
Product_2100,3175.063326548967,263.14,835486.163748095,C,69.02311579454276,103.66743665176433,SUP_0933,2,97.85,227,1.28,188.0,327.0,Category_009,263.14,2,5399,134.69,505.0,2.1500000000000057,835486.163748095,0.01185567010309284,0.024400941394423375,Non-Critical,Automated Replenishment
Product_0198,622.8425181285593,1339.11,834054.644451135,C,47.9109629329661,76.18470237231759,SUP_1410,13,16.97,796,1.28,352.0,975.0,Category_007,1339.11,13,4491,21.64,509.0,83.03,834054.644451135,0.8456701030927836,0.024359132900176855,Bottleneck,Maintain Higher Safety Stock
Product_0353,3396.1057968932496,245.48,833676.0510213549,C,19.860267818089177,35.15643602307866,SUP_1337,9,63.31,694,1.28,136.0,315.0,Category_021,245.48,9,3532,7.8,1754.0,36.69,833676.0510213549,0.36793814432989685,0.024348075821683857,Non-Critical,Automated Replenishment
Product_1979,4575.472607707232,181.79,831775.1653550976,C,183.01890430828928,222.24491025930905,SUP_1082,5,76.03,88,1.28,637.0,1553.0,Category_005,181.79,5,4745,54.62,892.0,23.97,831775.1653550976,0.2368041237113402,0.02429255916353627,Non-Critical,Automated Replenishment
Product_0887,600.0,1385.14,831084.0000000001,C,60.0,96.6091783079296,SUP_1131,6,79.32,361,1.28,303.0,663.0,Category_023,1385.14,6,2084,92.25,165.0,20.680000000000007,831084.0000000001,0.2028865979381444,0.024272373209470996,Non-Critical,Automated Replenishment
Product_0361,3143.8045538189426,264.04,830090.1543903537,C,9.94874858803463,27.47651485291493,SUP_1356,2,79.61,661,1.28,50.0,70.0,Category_007,264.04,2,3376,6.77,1771.0,20.39,830090.1543903537,0.19989690721649486,0.024243347272802824,Non-Critical,Automated Replenishment
Product_0176,1387.8467525263613,594.43,824977.7451042449,C,81.63804426625654,80.85816799936589,SUP_1167,5,32.01,53,1.28,232.0,641.0,Category_021,594.43,5,1173,47.35,263.0,67.99000000000001,824977.7451042449,0.690618556701031,0.024094035884071965,Bottleneck,Maintain Higher Safety Stock
Product_1605,2872.1685009347257,287.09,824570.8549333503,C,478.69475015578763,52.186990960831075,SUP_0943,3,61.15,337,1.28,116.0,1553.0,Category_030,287.09,3,1381,271.92,171.0,38.85,824570.8549333503,0.3902061855670103,0.02408215238001796,Non-Critical,Automated Replenishment
Product_1192,3944.1173836810603,207.91,820021.4452411293,C,207.5851254568979,117.57802191680821,SUP_0980,7,63.67,246,1.28,399.0,1853.0,Category_019,207.91,7,1841,137.72,325.0,36.33,820021.4452411293,0.3642268041237113,0.02394928377716629,Non-Critical,Automated Replenishment
Product_0582,4973.662932530272,164.48,818068.0791425791,C,160.44073975904104,129.18618727547815,SUP_0914,11,60.8,183,1.28,549.0,2314.0,Category_032,164.48,11,3250,160.48,449.0,39.2,818068.0791425791,0.3938144329896907,0.02389223439231622,Non-Critical,Automated Replenishment
Product_1719,4523.714197879782,179.87,813680.4727726363,C,26.454468993449016,53.1500260354532,SUP_1250,3,69.08,410,1.28,118.0,198.0,Category_003,179.87,3,3983,5.89,2474.0,30.92,813680.4727726363,0.3084536082474227,0.023764091365489206,Non-Critical,Automated Replenishment
Product_0725,1174.4561611044217,686.19,805900.0731882432,C,27.3129339791726,26.4110291174535,SUP_1220,6,70.42,155,1.28,83.0,247.0,Category_001,686.19,6,885,32.97,252.0,29.58,805900.0731882432,0.2946391752577319,0.023536859506337538,Non-Critical,Automated Replenishment
Product_1143,2795.2992935361003,287.61,803956.0298139178,C,82.21468510400295,113.05159140855531,SUP_1240,9,61.54,190,1.28,435.0,1175.0,Category_009,287.61,9,4956,15.23,1349.0,38.46,803956.0298139178,0.38618556701030926,0.023480082397986247,Non-Critical,Automated Replenishment
Product_1613,1173.5705762542375,677.62,795234.8938813964,C,146.6963220317797,73.25933507828124,SUP_1144,7,68.42,162,1.28,249.0,1276.0,Category_005,677.62,7,4271,74.93,366.0,31.58,795234.8938813964,0.31525773195876283,0.023225375694253907,Non-Critical,Automated Replenishment
Product_1043,7586.903280034456,104.36,791769.2263043958,C,113.23736238857397,126.09643889880543,SUP_0951,3,43.23,153,1.28,280.0,620.0,Category_007,104.36,3,3332,76.67,813.0,56.77,791769.2263043958,0.5749484536082475,0.023124158516629356,Bottleneck,Maintain Higher Safety Stock
Product_0607,4623.470366512644,170.51,788347.932194071,C,45.77693432190737,70.26020455036695,SUP_1171,13,66.18,72,1.28,325.0,921.0,Category_001,170.51,13,3672,14.85,1513.0,33.81999999999999,788347.932194071,0.3383505154639174,0.023024237296265147,Non-Critical,Automated Replenishment
Product_0684,4119.760229397763,189.77,781806.8987328137,C,242.33883702339784,206.05394172972592,SUP_0907,10,69.39,490,1.28,835.0,3259.0,Category_011,189.77,10,3933,178.48,427.0,30.61,781806.8987328137,0.3052577319587629,0.02283320196728844,Non-Critical,Automated Replenishment
Product_0118,1879.8504959582372,414.57,779329.6201094064,C,31.861872812851477,34.46676210776267,SUP_1204,9,34.25,322,1.28,133.0,420.0,Category_032,414.57,9,3474,18.82,834.0,65.75,779329.6201094064,0.6675257731958764,0.02276085136098248,Bottleneck,Maintain Higher Safety Stock
Product_2135,1000.0,779.21,779210.0,C,500.0,707.1067811865476,SUP_1075,2,99.0,238,1.28,1281.0,2281.0,Category_009,779.21,2,1246,114.62,148.0,1.0,779210.0,0.0,0.02275735777436684,Non-Critical,Automated Replenishment
Product_0745,1282.588663879578,604.06,774760.5083030978,C,27.882362258251696,22.91782828215354,SUP_1436,4,84.93,185,1.28,59.0,171.0,Category_001,604.06,4,3629,7.38,1124.0,15.069999999999993,774760.5083030978,0.14505154639175252,0.02262740734449495,Non-Critical,Automated Replenishment
Product_0715,859.9921072899298,900.43,774362.6931670714,C,11.466561430532398,14.839277420547418,SUP_1568,14,70.16,71,1.28,72.0,233.0,Category_001,900.43,14,1364,3.48,822.0,29.840000000000003,774362.6931670714,0.297319587628866,0.022615788883003682,Non-Critical,Automated Replenishment
Product_1035,929.7521274121259,832.43,773953.5634216759,C,54.69130161247799,67.44138261808084,SUP_1219,13,57.0,320,1.28,312.0,1023.0,Category_028,832.43,13,1077,41.35,221.0,43.0,773953.5634216759,0.43298969072164945,0.022603839970653863,Non-Critical,Automated Replenishment
Product_2123,1474.4097407589643,520.97,768123.2426431976,C,40.95582613219345,77.79748753422797,SUP_1096,2,86.7,763,1.28,141.0,223.0,Category_009,520.97,2,4671,63.59,466.0,13.299999999999997,768123.2426431976,0.12680412371134017,0.02243356148873608,Non-Critical,Automated Replenishment
Product_2023,2490.836330687236,306.36,763092.6182693416,C,75.47988880870412,79.21859230214164,SUP_1037,4,97.98,123,1.28,203.0,505.0,Category_005,306.36,4,4258,52.8,634.0,2.019999999999996,763092.6182693416,0.010515463917525733,0.022286638683966777,Non-Critical,Automated Replenishment
Product_2024,1405.423787111642,541.69,761304.0112405055,C,58.55932446298508,33.15410353444689,SUP_1310,2,97.42,482,1.28,61.0,179.0,Category_005,541.69,2,3523,17.37,756.0,2.5799999999999983,761304.0112405055,0.016288659793814414,0.022234401199754596,Non-Critical,Automated Replenishment
Product_0759,2998.1971484748597,253.69,760612.6345965872,C,103.3861085680986,130.89817923054204,SUP_1141,13,58.0,788,1.28,605.0,1950.0,Category_001,253.69,13,1395,49.96,410.0,42.0,760612.6345965872,0.422680412371134,0.022214209074855672,Non-Critical,Automated Replenishment
Product_0245,4400.534267637224,172.41,758696.1130833337,C,176.02137070548895,357.2630915715244,SUP_0957,6,87.92,142,1.28,1121.0,2178.0,Category_007,172.41,6,5774,93.62,737.0,12.079999999999998,758696.1130833337,0.11422680412371132,0.02215823576116696,Non-Critical,Automated Replenishment
Product_0039,2973.7963546043375,254.81,757753.0491167313,C,270.34512314584885,512.469885083755,SUP_1054,14,99.0,235,1.28,2455.0,6240.0,Category_011,254.81,14,4168,107.9,480.0,1.0,757753.0491167313,0.0,0.022130692936906383,Non-Critical,Automated Replenishment
Product_0779,2751.3713513651956,273.72,753105.3662956815,C,12.797076052861375,18.010561774559847,SUP_1396,4,43.51,381,1.28,47.0,99.0,Category_001,273.72,4,4037,3.85,2403.0,56.49,753105.3662956815,0.5720618556701031,0.021994954200519005,Bottleneck,Maintain Higher Safety Stock
Product_1726,6381.055810794083,117.51,749837.8683264127,C,41.43542734281872,46.11607977244924,SUP_0976,8,65.43,639,1.28,167.0,499.0,Category_003,117.51,8,3661,38.78,1098.0,34.56999999999999,749837.8683264127,0.34608247422680405,0.021899524701008394,Non-Critical,Automated Replenishment
Product_2136,1673.1119283811036,446.97,747830.8386285019,C,35.59812613576816,92.19671481151613,SUP_1217,13,82.33,114,1.28,426.0,889.0,Category_009,446.97,13,1764,26.62,471.0,17.67,747830.8386285019,0.1718556701030928,0.021840908034257277,Non-Critical,Automated Replenishment
Product_1142,1550.0,480.19,744294.5,C,67.3913043478261,68.43825294674875,SUP_1276,13,98.99,302,1.28,316.0,1193.0,Category_009,480.19,13,4847,17.55,926.0,1.0100000000000051,744294.5,0.0001030927835052077,0.021737626860529873,Non-Critical,Automated Replenishment
Product_0150,1037.845470885761,715.91,743003.9510618252,C,5.765808171587561,8.545441819529008,SUP_1641,9,48.6,458,1.28,33.0,85.0,Category_015,715.91,9,1433,1.46,1428.0,51.4,743003.9510618252,0.5195876288659794,0.021699935501446475,Bottleneck,Maintain Higher Safety Stock
Product_1529,3582.9352633168787,206.41,739553.6677012369,C,143.31741053267515,124.62127465492334,SUP_1094,7,96.9,154,1.28,423.0,1427.0,Category_019,206.41,7,2901,33.13,793.0,3.0999999999999943,739553.6677012369,0.021649484536082418,0.02159916763032078,Non-Critical,Automated Replenishment
Product_0285,1396.8062040873967,528.32,737960.6537434536,C,34.92015510218492,48.99944486967617,SUP_1263,2,55.44,162,1.28,89.0,159.0,Category_021,528.32,2,5313,16.72,943.0,44.56,737960.6537434536,0.4490721649484536,0.02155264257471724,Non-Critical,Automated Replenishment
Product_0313,2844.306418656491,258.59,735509.196800382,C,81.26589767589975,178.52293732070427,SUP_1091,11,68.55,312,1.28,758.0,1652.0,Category_015,258.59,11,3311,42.41,667.0,31.450000000000003,735509.196800382,0.31391752577319587,0.021481046108139633,Non-Critical,Automated Replenishment
Product_2128,5220.640678424202,140.46,733291.1896914634,C,52.20640678424202,95.03962500186687,SUP_1071,12,55.35,204,1.28,422.0,1049.0,Category_009,140.46,12,2654,31.86,933.0,44.65,733291.1896914634,0.44999999999999996,0.02141626770267288,Non-Critical,Automated Replenishment
Product_1055,1122.8844687667072,652.91,733142.4985024708,C,59.0991825666688,39.801733725209,SUP_1227,9,72.93,149,1.28,153.0,685.0,Category_032,652.91,9,2783,33.47,433.0,27.069999999999993,733142.4985024708,0.26876288659793807,0.02141192507541476,Non-Critical,Automated Replenishment
Product_0235,2615.678761023924,277.88,726844.814113328,C,104.62715044095695,110.05464216543056,SUP_1065,14,64.4,205,1.28,528.0,1993.0,Category_007,277.88,14,4589,80.27,547.0,35.599999999999994,726844.814113328,0.35670103092783495,0.021227996921523294,Non-Critical,Automated Replenishment
Product_0380,4327.835037454282,166.56,720844.2038383853,C,180.32645989392844,154.17643508992583,SUP_0921,3,83.66,233,1.28,342.0,883.0,Category_030,166.56,3,3901,201.6,410.0,16.340000000000003,720844.2038383853,0.15814432989690727,0.021052745019094665,Non-Critical,Automated Replenishment
Product_0321,2786.3050188866882,258.7,720817.1083859862,C,398.04357412666974,721.1288326057868,SUP_0889,9,44.22,72,1.28,2770.0,6353.0,Category_024,258.7,9,1774,377.04,162.0,55.78,720817.1083859862,0.5647422680412372,0.021051953677987255,Bottleneck,Maintain Higher Safety Stock
Product_2020,2659.9467050499256,270.43,719329.3874466514,C,73.88740847360904,112.11430678530509,SUP_1122,14,43.26,230,1.28,537.0,1572.0,Category_005,270.43,14,3144,50.41,577.0,56.74,719329.3874466514,0.574639175257732,0.021008503776568047,Bottleneck,Maintain Higher Safety Stock
Product_0978,4950.0,144.57,715621.5,C,206.25,288.66729005522274,SUP_1016,13,50.42,216,1.28,1333.0,4015.0,Category_028,144.57,13,1893,49.49,616.0,49.58,715621.5,0.5008247422680413,0.02090021240298387,Bottleneck,Maintain Higher Safety Stock
Product_0768,3206.387584435814,223.18,715601.581094385,C,39.1022876150709,52.30720102228788,SUP_1183,13,72.22,820,1.28,242.0,751.0,Category_001,223.18,13,1568,12.86,885.0,27.78,715601.581094385,0.2760824742268041,0.020899630657804067,Non-Critical,Automated Replenishment
Product_1037,2500.0,279.27,698175.0,C,100.0,76.37626158259734,SUP_1011,6,82.82,43,1.28,240.0,840.0,Category_005,279.27,6,4636,91.39,504.0,17.180000000000007,698175.0,0.1668041237113403,0.020390675509963384,Non-Critical,Automated Replenishment
Product_0132,581.7473354659563,1199.53,697823.3813114786,C,25.29336241156332,20.788923666066378,SUP_1342,12,64.82,190,1.28,93.0,397.0,Category_021,1199.53,12,5720,21.19,561.0,35.18000000000001,697823.3813114786,0.3523711340206186,0.020380406247126878,Non-Critical,Automated Replenishment
Product_0921,6454.132405650465,106.88,689817.6715159217,C,358.56291142502585,353.9998980981123,SUP_0913,6,91.27,220,1.28,1110.0,3262.0,Category_023,106.88,6,5144,114.22,763.0,8.730000000000004,689817.6715159217,0.07969072164948457,0.02014659405008726,Non-Critical,Automated Replenishment
Product_0549,4000.0,172.43,689720.0,C,666.6666666666666,258.19888974716116,SUP_0868,2,99.0,60,1.28,468.0,1802.0,Category_030,172.43,2,907,241.87,174.0,1.0,689720.0,0.0,0.02014374148706549,Non-Critical,Automated Replenishment
Product_1721,1252.2012177097267,544.62,681973.8271890713,C,22.76729486744958,34.30180842852964,SUP_1409,4,2.0,133,1.28,88.0,180.0,Category_003,544.62,4,2171,9.66,751.0,98.0,681973.8271890713,1.0,0.019917509244100975,Bottleneck,Maintain Higher Safety Stock
Product_0662,2421.0117458773425,280.14,678222.2304900787,C,105.26138025553664,100.67867273766855,SUP_1216,4,75.7,61,1.28,258.0,680.0,Category_011,280.14,4,5482,20.92,1127.0,24.299999999999997,678222.2304900787,0.24020618556701026,0.019807941312087643,Non-Critical,Automated Replenishment
Product_1797,2039.6209349864612,332.37,677908.8101614501,C,107.34847026244533,175.71135728422794,SUP_1118,4,92.92,143,1.28,450.0,880.0,Category_005,332.37,4,2178,53.51,408.0,7.079999999999998,677908.8101614501,0.062680412371134,0.019798787658319904,Non-Critical,Automated Replenishment
Product_0488,1249.004257022196,534.48,667567.7952932233,C,73.47083864836448,143.7509552499798,SUP_1256,8,44.52,245,1.28,521.0,1109.0,Category_013,534.48,8,3062,23.39,572.0,55.48,667567.7952932233,0.5616494845360824,0.0194967712890404,Bottleneck,Maintain Higher Safety Stock
Product_0796,1433.7617063846508,463.88,665093.3803577118,C,10.94474585026451,14.509868547633586,SUP_1426,8,41.84,403,1.28,53.0,141.0,Category_001,463.88,8,883,7.41,585.0,58.16,665093.3803577118,0.589278350515464,0.01942450431868623,Bottleneck,Maintain Higher Safety Stock
Product_1324,700.0,946.36,662452.0,C,77.77777777777777,44.09585518440984,SUP_1300,8,71.91,329,1.28,160.0,783.0,Category_019,946.36,8,2829,29.45,367.0,28.090000000000003,662452.0,0.2792783505154639,0.019347361009669876,Non-Critical,Automated Replenishment
Product_2037,2771.1709911362377,238.93,662115.8849121813,C,13.259191345149462,36.84021745194864,SUP_1360,4,76.32,2426,1.28,95.0,149.0,Category_011,238.93,4,5943,6.6,2234.0,23.680000000000007,662115.8849121813,0.2338144329896908,0.019337544540031584,Non-Critical,Automated Replenishment
Product_0451,1285.0,514.14,660669.9,C,31.341463414634145,46.03184210744642,SUP_1415,10,66.49,855,1.28,187.0,501.0,Category_015,514.14,10,1372,7.85,671.0,33.510000000000005,660669.9,0.3351546391752578,0.01929531356765848,Non-Critical,Automated Replenishment
Product_0412,4209.7640454519205,154.93,652218.7435618661,C,15.034871590899716,40.517956888680125,SUP_1193,2,86.13,293,1.28,74.0,105.0,Category_007,154.93,2,2345,8.91,1489.0,13.870000000000005,652218.7435618661,0.13268041237113407,0.01904849179859782,Non-Critical,Automated Replenishment
Product_2070,2471.464370552897,263.69,651700.4398710934,C,107.45497263273465,111.78839488562784,SUP_1130,4,68.67,105,1.28,287.0,717.0,Category_009,263.69,4,2605,49.77,509.0,31.33,651700.4398710934,0.312680412371134,0.019033354386954374,Non-Critical,Automated Replenishment
Product_2112,2637.399020764263,245.32,647006.727773889,C,85.07738776658913,201.8950650898341,SUP_1072,7,66.9,131,1.28,684.0,1280.0,Category_009,245.32,7,3995,86.35,495.0,33.099999999999994,647006.727773889,0.3309278350515463,0.01889627133426517,Non-Critical,Automated Replenishment
Product_1910,847.5330968863424,762.62,646345.6903474624,C,70.62775807386187,86.62615101334536,SUP_1403,4,81.74,59,1.28,222.0,505.0,Category_009,762.62,4,2390,14.32,532.0,18.260000000000005,646345.6903474624,0.17793814432989696,0.01887696528683837,Non-Critical,Automated Replenishment
Product_0663,2343.0757757930505,275.56,645657.960777533,C,52.068350573178904,35.27283043663804,SUP_1198,2,43.33,479,1.28,64.0,169.0,Category_011,275.56,2,2952,31.65,662.0,56.67,645657.960777533,0.5739175257731959,0.018856879677214656,Bottleneck,Maintain Higher Safety Stock
Product_0278,2195.802602162958,293.85,645236.5946455853,C,73.1934200720986,109.36480128485982,SUP_1146,5,86.38,306,1.28,314.0,680.0,Category_021,293.85,5,4006,38.48,677.0,13.620000000000005,645236.5946455853,0.1301030927835052,0.018844573392877012,Non-Critical,Automated Replenishment
Product_1498,2581.1534888897804,249.43,643817.1147337779,C,135.85018362577793,152.69126106193616,SUP_1031,7,80.91,52,1.28,518.0,1469.0,Category_019,249.43,7,4620,65.28,605.0,19.090000000000003,643817.1147337779,0.18649484536082478,0.018803116517058523,Non-Critical,Automated Replenishment
Product_1559,1500.8796867330775,427.91,642241.4267499512,C,93.80498042081734,139.78373371906082,SUP_1140,2,74.22,115,1.28,254.0,442.0,Category_019,427.91,2,4912,33.44,665.0,25.78,642241.4267499512,0.2554639175257732,0.018757097478302967,Non-Critical,Automated Replenishment
Product_1131,5300.796800565203,120.84,640548.2853802991,C,662.5996000706504,314.8142398612393,SUP_0829,10,68.05,137,1.28,1275.0,7901.0,Category_030,120.84,10,3271,419.36,288.0,31.950000000000003,640548.2853802991,0.3190721649484536,0.018707648133566946,Non-Critical,Automated Replenishment
Product_0910,1250.0,510.82,638525.0,C,113.63636363636364,128.62913567871993,SUP_1117,2,67.17,141,1.28,233.0,461.0,Category_023,510.82,2,5174,74.7,417.0,32.83,638525.0,0.32814432989690717,0.018648556708560707,Non-Critical,Automated Replenishment
Product_1053,1148.9165238961282,554.07,636580.1783951278,C,12.48822308582748,13.794717465963574,SUP_1411,14,35.24,1066,1.28,67.0,242.0,Category_024,554.07,14,3998,12.09,872.0,64.75999999999999,636580.1783951278,0.6573195876288659,0.018591756871457234,Bottleneck,Maintain Higher Safety Stock
Product_0642,986.1117924053533,643.55,634612.244002465,C,6.241213875983249,9.16921516194738,SUP_1491,11,74.84,59,1.28,39.0,108.0,Category_019,643.55,11,2329,6.9,816.0,25.159999999999997,634612.244002465,0.24907216494845355,0.018534282009673754,Non-Critical,Automated Replenishment
Product_1046,1513.6102971616913,419.04,634263.2589226351,C,79.66369985061533,53.85545743364171,SUP_1147,9,37.49,203,1.28,207.0,924.0,Category_007,419.04,9,4757,60.24,489.0,62.51,634263.2589226351,0.6341237113402062,0.018524089663169464,Bottleneck,Maintain Higher Safety Stock
Product_0653,1160.000543541007,546.15,633534.2968549209,C,42.962983094111365,36.515553299578706,SUP_1202,4,70.7,19,1.28,94.0,266.0,Category_011,546.15,4,5045,40.13,541.0,29.299999999999997,633534.2968549209,0.2917525773195876,0.018502799830417173,Non-Critical,Automated Replenishment
Product_0139,3694.7228466709453,171.33,633016.865320133,C,17.67809974483706,41.8953835057825,SUP_1192,4,99.0,115,1.28,108.0,179.0,Category_007,171.33,4,1397,15.23,824.0,1.0,633016.865320133,0.0,0.018487687890682176,Non-Critical,Automated Replenishment
Product_0142,2838.5344561255,222.84,632539.0182030065,C,113.54137824502,196.56548295484177,SUP_1109,9,70.49,332,1.28,755.0,1777.0,Category_007,222.84,9,2340,44.93,544.0,29.510000000000005,632539.0182030065,0.2939175257731959,0.018473732040775348,Non-Critical,Automated Replenishment
Product_1716,1034.0253963423609,608.56,629266.4951981071,C,18.80046175167929,32.868065393044034,SUP_1282,13,58.86,610,1.28,152.0,397.0,Category_026,608.56,13,2923,15.87,618.0,41.14,629266.4951981071,0.41381443298969073,0.01837815578168301,Non-Critical,Automated Replenishment
Product_1028,1759.551306349169,356.35,627016.1080175265,C,175.95513063491688,106.91973368516841,SUP_0908,13,23.07,171,1.28,494.0,2782.0,Category_028,356.35,13,2740,223.73,208.0,76.93,627016.1080175265,0.7827835051546392,0.01831243169421067,Bottleneck,Maintain Higher Safety Stock
Product_0902,1020.9020829844941,610.09,622842.1518080101,C,145.84315471207057,160.56184119427945,SUP_1176,14,68.69,588,1.28,769.0,2811.0,Category_023,610.09,14,3933,94.11,293.0,31.310000000000002,622842.1518080101,0.31247422680412373,0.018190528465563058,Non-Critical,Automated Replenishment
Product_0584,1052.431285782661,588.43,619282.1414930911,C,50.11577551346005,66.73339974328391,SUP_1257,13,34.74,529,1.28,308.0,960.0,Category_032,588.43,13,2613,40.28,370.0,65.25999999999999,619282.1414930911,0.6624742268041236,0.0180865559441413,Bottleneck,Maintain Higher Safety Stock
Product_1845,2500.0,247.44,618600.0,C,2500.0,,SUP_0920,7,53.21,71,1.28,0.0,17500.0,Category_006,247.44,7,4165,259.13,284.0,46.79,618600.0,0.47206185567010306,0.01806663353810055,Non-Critical,Automated Replenishment
Product_0030,2938.1780800727965,210.3,617898.8502393091,C,79.41021838034585,85.72621050813385,SUP_1083,11,52.64,154,1.28,364.0,1238.0,Category_005,210.3,11,2312,71.09,438.0,47.36,617898.8502393091,0.4779381443298969,0.018046155982682298,Non-Critical,Automated Replenishment
Product_1798,1389.9977622524798,442.09,614504.1107141988,C,69.49988811262399,147.91448041045652,SUP_1231,9,62.83,240,1.28,568.0,1194.0,Category_005,442.09,9,2543,43.38,404.0,37.17,614504.1107141988,0.3728865979381443,0.017947010307031677,Non-Critical,Automated Replenishment
Product_0277,5371.7575489804085,114.19,613400.9945180728,C,114.2927138080938,233.37420534535744,SUP_0878,14,46.93,414,1.28,1118.0,2719.0,Category_021,114.19,14,4887,93.17,751.0,53.07,613400.9945180728,0.5368041237113402,0.017914793048600785,Bottleneck,Maintain Higher Safety Stock
Product_0510,1218.0,498.6,607294.8,C,46.84615384615385,89.7109546522351,SUP_1280,6,69.48,331,1.28,282.0,564.0,Category_012,498.6,6,5336,19.2,823.0,30.519999999999996,607294.8,0.3043298969072164,0.01773645748657301,Non-Critical,Automated Replenishment
Product_2133,1229.8445583169519,484.86,596302.4325455573,C,409.9481861056506,523.7632934417871,SUP_1098,6,66.04,75,1.28,1643.0,4103.0,Category_009,484.86,6,3711,166.27,235.0,33.959999999999994,596302.4325455573,0.3397938144329896,0.017415417922209027,Non-Critical,Automated Replenishment
Product_0286,3612.7470376298184,164.42,594007.8679270947,C,50.88376109337772,121.947706114929,SUP_1047,11,39.72,140,1.28,518.0,1078.0,Category_021,164.42,11,1329,54.27,421.0,60.28,594007.8679270947,0.6111340206185567,0.017348403602630538,Bottleneck,Maintain Higher Safety Stock
Product_0192,6868.913172672168,86.26,592512.4502747012,C,208.14888402036874,169.81845557385864,SUP_0797,6,61.48,459,1.28,533.0,1782.0,Category_007,86.26,6,5790,259.9,554.0,38.52,592512.4502747012,0.3868041237113402,0.017304728913474055,Non-Critical,Automated Replenishment
Product_0314,499.74370819294774,1179.88,589637.6064226952,C,23.797319437759416,42.400552158253966,SUP_1513,9,76.5,76,1.28,163.0,378.0,Category_011,1179.88,9,2229,13.17,412.0,23.5,589637.6064226952,0.23195876288659795,0.01722076714439314,Non-Critical,Automated Replenishment
Product_1012,7787.614243551045,74.95,583681.6875541508,C,324.48392681462684,258.5011060980192,SUP_0906,5,95.74,445,1.28,740.0,2363.0,Category_005,74.95,5,2775,90.16,693.0,4.260000000000005,583681.6875541508,0.03360824742268047,0.01704682048487059,Non-Critical,Automated Replenishment
Product_0517,2862.7500892456414,201.6,577130.4179919213,C,51.12053730795788,71.08973709781498,SUP_1292,11,22.35,95,1.28,302.0,865.0,Category_022,201.6,11,3725,8.68,1568.0,77.65,577130.4179919213,0.7902061855670104,0.016855486203606263,Bottleneck,Maintain Higher Safety Stock
Product_0884,1908.0,302.16,576521.28,C,136.28571428571428,282.00911839361305,SUP_1039,7,56.26,683,1.28,956.0,1910.0,Category_023,302.16,7,820,154.55,143.0,43.74,576521.28,0.4406185567010309,0.016837695914446584,Non-Critical,Automated Replenishment
Product_0601,665.9732180411621,862.32,574282.025381255,C,55.49776817009684,25.642432508082713,SUP_1418,13,26.82,397,1.28,119.0,841.0,Category_001,862.32,13,5827,20.56,615.0,73.18,574282.025381255,0.7441237113402063,0.01677229696101082,Bottleneck,Maintain Higher Safety Stock
Product_1206,2800.0,204.89,573692.0,C,215.3846153846154,264.09011670940987,SUP_0974,14,80.51,399,1.28,1265.0,4281.0,Category_019,204.89,14,2160,151.01,284.0,19.489999999999995,573692.0,0.19061855670103087,0.01675506486863883,Non-Critical,Automated Replenishment
Product_0791,2890.9664188477836,196.77,568855.4622366785,C,23.89228445328747,34.88984103351385,SUP_1177,9,45.29,1368,1.28,134.0,350.0,Category_001,196.77,9,5861,16.83,1419.0,54.71,568855.4622366785,0.5537113402061856,0.016613810495274595,Bottleneck,Maintain Higher Safety Stock
Product_0199,3966.848729457455,143.39,568806.4393169044,C,396.6848729457455,239.87430895886294,SUP_0885,3,52.75,189,1.28,532.0,1723.0,Category_007,143.39,3,3757,371.58,284.0,47.25,568806.4393169044,0.4768041237113402,0.016612378747575717,Non-Critical,Automated Replenishment
Product_0822,276.1019299096742,2058.78,568433.131259439,C,5.8745091470143445,7.555703215903382,SUP_1586,9,85.38,471,1.28,30.0,83.0,Category_001,2058.78,9,1036,7.02,286.0,14.620000000000005,568433.131259439,0.14041237113402066,0.016601476031974285,Non-Critical,Automated Replenishment
Product_0336,431.60732697891945,1311.71,566143.6468715185,C,8.991819312060821,24.5262411985585,SUP_1661,6,60.86,371,1.28,77.0,131.0,Category_021,1311.71,6,1619,3.13,669.0,39.14,566143.6468715185,0.39319587628865976,0.016534610083982427,Non-Critical,Automated Replenishment
Product_0755,3913.368127366004,144.27,564581.6197350934,C,36.23489006820374,32.62880189464887,SUP_1124,9,65.08,365,1.28,126.0,453.0,Category_001,144.27,9,3296,29.66,933.0,34.92,564581.6197350934,0.3496907216494845,0.016488990019562187,Non-Critical,Automated Replenishment
Product_0503,1094.431027149378,514.47,563051.9305375406,C,14.213389962978935,25.357028439412247,SUP_1478,13,91.96,453,1.28,118.0,303.0,Category_015,514.47,13,2893,6.3,1003.0,8.040000000000006,563051.9305375406,0.07257731958762892,0.016444314406630765,Non-Critical,Automated Replenishment
Product_0727,9970.522145657862,56.12,559545.7028143192,C,91.47268023539323,259.0081459115836,SUP_0954,5,59.45,414,1.28,742.0,1200.0,Category_001,56.12,5,3262,69.89,965.0,40.55,559545.7028143192,0.40773195876288654,0.016341912642362143,Non-Critical,Automated Replenishment
Product_2054,1202.4241467396896,465.22,559391.7615462384,C,27.963352249760224,40.27616568249961,SUP_1361,4,75.23,589,1.28,104.0,216.0,Category_021,465.22,4,1468,12.98,522.0,24.769999999999996,559391.7615462384,0.24505154639175256,0.016337416682975132,Non-Critical,Automated Replenishment
Product_2169,1888.468088556498,295.89,558778.8227229821,C,16.56550954874121,39.86688096015083,SUP_1312,14,37.19,483,1.28,191.0,423.0,Category_024,295.89,14,3239,14.36,923.0,62.81,558778.8227229821,0.6372164948453609,0.016319515387952423,Bottleneck,Maintain Higher Safety Stock
Product_0769,1343.9944839779064,413.44,555661.0794558256,C,24.8887867403316,18.374120458694897,SUP_1365,10,51.54,318,1.28,75.0,324.0,Category_001,413.44,10,3499,8.29,1066.0,48.46,555661.0794558256,0.4892783505154639,0.01622845957632359,Non-Critical,Automated Replenishment
Product_0555,3575.514996706648,155.3,555277.4789885425,C,397.27944407851646,226.20660556591085,SUP_0881,9,66.35,45,1.28,869.0,4445.0,Category_030,155.3,9,5678,236.82,415.0,33.650000000000006,555277.4789885425,0.3365979381443299,0.016217256263896418,Non-Critical,Automated Replenishment
Product_1059,1077.1211177142873,515.27,555008.1983246407,C,37.14210750738921,27.666203240815516,SUP_1329,9,60.75,217,1.28,107.0,442.0,Category_032,515.27,9,3921,19.17,664.0,39.25,555008.1983246407,0.3943298969072165,0.016209391739044156,Non-Critical,Automated Replenishment
Product_0770,1450.4679497328632,381.12,552802.3450021888,C,38.1702092034964,19.997215592480693,SUP_1229,8,46.77,368,1.28,73.0,379.0,Category_001,381.12,8,2257,40.62,402.0,53.23,552802.3450021888,0.5384536082474227,0.01614496829317358,Bottleneck,Maintain Higher Safety Stock
Product_0240,899.8988032749487,610.7,549568.1991600113,C,179.97976065498975,181.39055092887753,SUP_1355,8,47.96,239,1.28,657.0,2097.0,Category_007,610.7,8,3332,32.46,430.0,52.04,549568.1991600113,0.5261855670103093,0.016050512865208182,Bottleneck,Maintain Higher Safety Stock
Product_0301,4095.2792761842206,134.02,548849.3285942093,C,34.41411156457328,72.75019295687544,SUP_1010,11,81.09,432,1.28,309.0,688.0,Category_015,134.02,11,1841,43.55,589.0,18.909999999999997,548849.3285942093,0.18463917525773194,0.016029517761629662,Non-Critical,Automated Replenishment
Product_0338,1048.1723457412918,521.61,546737.1772621152,C,13.612627866770023,19.36358423815254,SUP_1540,10,69.05,114,1.28,79.0,216.0,Category_021,521.61,10,1338,3.46,901.0,30.950000000000003,546737.1772621152,0.30876288659793816,0.01596783094608819,Non-Critical,Automated Replenishment
Product_0218,1641.939419942881,332.41,545797.0825832131,C,56.61860068768555,67.30566991279791,SUP_1289,13,68.51,57,1.28,311.0,1048.0,Category_007,332.41,13,1289,22.95,430.0,31.489999999999995,545797.0825832131,0.3143298969072164,0.01594037484189349,Non-Critical,Automated Replenishment
Product_0720,1128.987898931531,482.44,544668.9219605278,C,9.104741120415571,9.117149414858401,SUP_1407,7,42.7,345,1.28,31.0,95.0,Category_001,482.44,7,5830,6.16,1462.0,57.3,544668.9219605278,0.5804123711340207,0.01590742614395917,Bottleneck,Maintain Higher Safety Stock
Product_0448,825.5773009859313,658.26,543444.5141469991,C,33.02309203943725,38.98939787395475,SUP_1472,6,86.03,532,1.28,123.0,322.0,Category_015,658.26,6,5226,7.7,1059.0,13.969999999999999,543444.5141469991,0.13371134020618555,0.015871666481385275,Non-Critical,Automated Replenishment
Product_0631,1412.931074826946,380.39,537464.851553422,C,4.663138860815003,7.825003625100872,SUP_1617,3,33.52,199,1.28,18.0,32.0,Category_001,380.39,3,4439,1.77,2663.0,66.47999999999999,537464.851553422,0.6750515463917525,0.015697026370231633,Bottleneck,Maintain Higher Safety Stock
Product_0911,1950.0,272.3,530985.0,C,139.28571428571428,112.96454758458076,SUP_1090,12,21.33,220,1.28,501.0,2173.0,Category_023,272.3,12,2467,84.26,338.0,78.67,530985.0,0.8007216494845362,0.015507777900466084,Bottleneck,Maintain Higher Safety Stock
Product_0166,305.85340279721373,1732.47,529881.8447440888,C,152.92670139860687,0.24694778427548383,SUP_1389,10,46.41,564,1.28,1.0,1531.0,Category_021,1732.47,10,2224,71.6,138.0,53.59,529881.8447440888,0.5421649484536083,0.015475559501267609,Bottleneck,Maintain Higher Safety Stock
Product_0370,2363.7754401339807,224.11,529745.7138884264,C,131.32085778522116,98.20171569128306,SUP_1041,14,81.36,235,1.28,471.0,2310.0,Category_030,224.11,14,1706,125.59,254.0,18.64,529745.7138884264,0.18185567010309278,0.015471583707083191,Non-Critical,Automated Replenishment
Product_0283,1316.6316870904907,398.73,524980.5525935914,C,38.72446138501443,54.105514867315826,SUP_1316,12,69.48,480,1.28,240.0,705.0,Category_021,398.73,12,1800,14.14,579.0,30.519999999999996,524980.5525935914,0.3043298969072164,0.015332413932004425,Non-Critical,Automated Replenishment
Product_0572,2032.3813042702368,257.88,524110.49074520863,C,48.39003105405326,55.76715388877673,SUP_1178,7,74.88,343,1.28,189.0,528.0,Category_012,257.88,7,5491,40.99,738.0,25.120000000000005,524110.49074520863,0.24865979381443307,0.015307003184234924,Non-Critical,Automated Replenishment
Product_0487,915.2657542115866,565.87,517921.4323357105,C,16.057293933536606,20.37379961544103,SUP_1479,2,92.63,286,1.28,37.0,70.0,Category_013,565.87,2,2006,8.56,655.0,7.3700000000000045,517921.4323357105,0.06567010309278355,0.015126247525925349,Non-Critical,Automated Replenishment
Product_1041,2383.6265163484586,214.33,510882.67124896514,C,183.35588587295837,79.86605963892627,SUP_1081,13,59.51,161,1.28,369.0,2753.0,Category_005,214.33,13,3013,59.28,493.0,40.49,510882.67124896514,0.40711340206185564,0.014920675723279908,Non-Critical,Automated Replenishment
Product_1594,2251.747473334494,226.32,509615.4881650626,C,204.70431575768126,110.65006305568764,SUP_1115,4,62.02,403,1.28,284.0,1103.0,Category_030,226.32,4,5353,90.78,516.0,37.98,509615.4881650626,0.3812371134020618,0.014883666779855162,Non-Critical,Automated Replenishment
Product_2106,656.7591453149917,773.19,507799.60356609843,C,28.5547454484779,44.99396407159784,SUP_1385,8,21.41,449,1.28,163.0,392.0,Category_009,773.19,8,1866,30.89,282.0,78.59,507799.60356609843,0.7998969072164949,0.014830632635663494,Bottleneck,Maintain Higher Safety Stock
Product_0337,1369.8324662256935,370.37,507344.8505160101,C,8.895016014452555,16.107857139374538,SUP_1425,4,86.88,574,1.28,42.0,78.0,Category_021,370.37,4,1797,7.35,819.0,13.120000000000005,507344.8505160101,0.12494845360824745,0.01481735126368438,Non-Critical,Automated Replenishment
Product_1338,955.3516423355617,529.27,505638.9637389427,C,106.15018248172908,39.03238619188666,SUP_1286,2,75.31,177,1.28,71.0,284.0,Category_019,529.27,2,3599,53.65,359.0,24.689999999999998,505638.9637389427,0.2442268041237113,0.014767529680660182,Non-Critical,Automated Replenishment
Product_1725,1823.338791338963,276.18,503569.7073919948,C,49.279426792944946,100.84825616709736,SUP_1169,12,8.72,291,1.28,448.0,1040.0,Category_003,276.18,12,5634,33.73,781.0,91.28,503569.7073919948,0.9307216494845361,0.014707095642320873,Bottleneck,Maintain Higher Safety Stock
Product_0660,2028.9159574229197,245.9,498910.433930296,C,30.282327722730145,54.749340716920074,SUP_1275,14,54.79,316,1.28,263.0,687.0,Category_011,245.9,14,2964,18.9,798.0,45.21,498910.433930296,0.4557731958762886,0.014571018393393765,Non-Critical,Automated Replenishment
Product_0239,2653.5952453596196,187.96,498769.76231779414,C,110.56646855665082,118.71049606016493,SUP_1026,13,76.97,247,1.28,548.0,1986.0,Category_007,187.96,13,2037,82.34,363.0,23.03,498769.76231779414,0.22711340206185568,0.014566909983318945,Non-Critical,Automated Replenishment
Product_2086,935.0717846295364,528.41,494101.2817160933,C,27.502111312633424,29.741995554859695,SUP_1339,3,45.01,167,1.28,66.0,149.0,Category_009,528.41,3,2942,23.79,481.0,54.99,494101.2817160933,0.5565979381443299,0.014430563833608856,Bottleneck,Maintain Higher Safety Stock
Product_0423,2531.298192235572,194.88,493299.3917028683,C,230.1180174759611,292.3596917577037,SUP_1070,6,81.71,673,1.28,917.0,2298.0,Category_019,194.88,6,1853,59.46,398.0,18.290000000000006,493299.3917028683,0.17824742268041244,0.014407144090629874,Non-Critical,Automated Replenishment
Product_1042,2581.7136899275256,190.15,490912.858139719,C,112.24842130119677,79.42413397286435,SUP_1113,9,64.6,1198,1.28,305.0,1316.0,Category_005,190.15,9,4583,54.69,658.0,35.400000000000006,490912.858139719,0.354639175257732,0.014337443755499262,Non-Critical,Automated Replenishment
Product_2039,704.6634708134812,695.45,490058.21077723557,C,3.6322859320282537,7.760691505152064,SUP_1603,14,74.18,307,1.28,38.0,89.0,Category_011,695.45,14,2873,3.21,1124.0,25.819999999999993,490058.21077723557,0.2558762886597937,0.014312483198269563,Non-Critical,Automated Replenishment
Product_2141,331.0,1479.14,489595.34,C,66.2,88.39230735759759,SUP_1499,6,99.0,363,1.28,278.0,676.0,Category_009,1479.14,6,1795,24.02,223.0,1.0,489595.34,0.0,0.014298964742550503,Non-Critical,Automated Replenishment
Product_0203,2084.527886630102,234.05,487883.7518657754,C,122.61928744882952,101.52634907810994,SUP_0971,14,65.36,112,1.28,487.0,2204.0,Category_007,234.05,14,1733,170.47,206.0,34.64,487883.7518657754,0.3468041237113402,0.01424897664751462,Non-Critical,Automated Replenishment
Product_0670,2020.1846452931916,240.87,486601.87551177107,C,22.95664369651354,75.95254761222411,SUP_1325,9,69.7,1057,1.28,292.0,499.0,Category_011,240.87,9,5835,9.32,1591.0,30.299999999999997,486601.87551177107,0.302061855670103,0.014211538577147739,Non-Critical,Automated Replenishment
Product_0255,1450.9521236100652,334.85,485851.3185908304,C,40.30422565583515,98.25851618368934,SUP_1230,5,56.85,172,1.28,282.0,484.0,Category_007,334.85,5,3119,16.64,738.0,43.15,485851.3185908304,0.43453608247422676,0.014189618052026303,Non-Critical,Automated Replenishment
Product_1025,3153.666692772127,149.85,472576.95391190326,C,8.784586887944643,29.36068529390892,SUP_1368,4,28.86,322,1.28,76.0,112.0,Category_007,149.85,4,4877,4.22,2700.0,71.14,472576.95391190326,0.7230927835051547,0.013801931207368556,Bottleneck,Maintain Higher Safety Stock
Product_1599,5265.412821156563,89.33,470359.32731391577,C,210.6165128462625,235.50413178079333,SUP_0883,10,97.57,116,1.28,954.0,3061.0,Category_030,89.33,10,2539,171.75,395.0,2.430000000000007,470359.32731391577,0.014742268041237185,0.013737163914982224,Non-Critical,Automated Replenishment
Product_1277,2629.5141597804272,178.1,468316.4718568941,C,131.47570798902137,116.02701234828152,SUP_1002,6,19.26,106,1.28,364.0,1153.0,Category_019,178.1,6,848,87.96,226.0,80.74,468316.4718568941,0.822061855670103,0.013677500932581126,Bottleneck,Maintain Higher Safety Stock
Product_0092,7002.324261757166,66.84,468035.353655849,C,200.06640747877617,209.9284205358682,SUP_0828,7,59.17,902,1.28,711.0,2112.0,Category_019,66.84,7,3603,193.29,511.0,40.83,468035.353655849,0.41061855670103087,0.01366929068440917,Non-Critical,Automated Replenishment
Product_0926,1850.0,252.21,466588.5,C,264.2857142857143,367.0993118515816,SUP_1086,3,99.0,711,1.28,814.0,1607.0,Category_023,252.21,3,4833,101.29,421.0,1.0,466588.5,0.0,0.01362703433978666,Non-Critical,Automated Replenishment
Product_1558,1300.0,357.63,464919.0,C,260.0,433.58966777357597,SUP_0968,2,81.77,182,1.28,785.0,1305.0,Category_019,357.63,2,3563,197.78,217.0,18.230000000000004,464919.0,0.1776288659793815,0.01357827545732326,Non-Critical,Automated Replenishment
Product_1597,2445.8703167422495,189.46,463394.5902099866,C,97.83481266968998,119.09382725219095,SUP_1105,14,59.51,957,1.28,571.0,1941.0,Category_030,189.46,14,1393,61.94,332.0,40.49,463394.5902099866,0.40711340206185564,0.013533754033078086,Non-Critical,Automated Replenishment
Product_0816,557.4763803716621,827.88,461523.5457820916,C,5.7471791790893,6.848211551237851,SUP_1577,9,68.26,421,1.28,27.0,79.0,Category_001,827.88,9,2995,3.64,958.0,31.739999999999995,461523.5457820916,0.31690721649484527,0.01347910890858361,Non-Critical,Automated Replenishment
Product_0462,498.9230444179093,911.52,454778.33344781265,C,33.26153629452729,52.68981560779263,SUP_1556,11,65.76,204,1.28,224.0,590.0,Category_015,911.52,11,3388,10.84,559.0,34.239999999999995,454778.33344781265,0.34268041237113395,0.013282110396814947,Non-Critical,Automated Replenishment
Product_1060,691.3096085488203,657.75,454708.8950229865,C,27.65238434195281,71.20180173225174,SUP_1370,10,82.77,899,1.28,289.0,566.0,Category_032,657.75,10,4042,30.62,428.0,17.230000000000004,454708.8950229865,0.16731958762886603,0.013280082400412108,Non-Critical,Automated Replenishment
Product_0443,1649.3227826266996,274.81,453250.3938936433,C,21.99097043502266,41.965606065460335,SUP_1431,3,68.45,145,1.28,94.0,160.0,Category_015,274.81,3,947,5.15,779.0,31.549999999999997,453250.3938936433,0.31494845360824736,0.013237485883407986,Non-Critical,Automated Replenishment
Product_2088,5005.859404051055,90.15,451278.22527520265,C,106.5076468947033,250.11494900192915,SUP_1064,2,70.3,178,1.28,453.0,667.0,Category_009,90.15,2,5971,57.27,1022.0,29.700000000000003,451278.22527520265,0.2958762886597938,0.013179887358182138,Non-Critical,Automated Replenishment
Product_2093,1071.147846996737,418.45,448221.8165757845,C,26.778696174918423,55.55710372614347,SUP_1267,9,38.93,159,1.28,214.0,456.0,Category_009,418.45,9,2254,26.17,430.0,61.07,448221.8165757845,0.619278350515464,0.013090622864300712,Bottleneck,Maintain Higher Safety Stock
Product_0189,1593.6491636985058,280.53,447066.3998923418,C,44.2680323249585,30.77781227439239,SUP_1333,14,56.27,279,1.28,148.0,768.0,Category_007,280.53,14,2490,10.45,872.0,43.73,447066.3998923418,0.4405154639175257,0.013056878134582693,Non-Critical,Automated Replenishment
Product_0774,904.6454448908381,492.42,445465.50997314655,C,24.44987688894157,21.115647907120906,SUP_1313,4,39.17,706,1.28,55.0,153.0,Category_001,492.42,4,5684,12.56,905.0,60.83,445465.50997314655,0.6168041237113402,0.013010123056171862,Bottleneck,Maintain Higher Safety Stock
Product_0570,2623.26161933163,168.92,443121.3527374989,C,39.746388171691365,87.91772120298542,SUP_1157,8,78.31,199,1.28,319.0,637.0,Category_012,168.92,8,5675,25.24,1087.0,21.689999999999998,443121.3527374989,0.21329896907216492,0.012941660350494311,Non-Critical,Automated Replenishment
Product_2116,469.9088092967971,941.96,442635.302005211,C,31.327253953119804,41.72682803407073,SUP_1454,2,61.15,102,1.28,76.0,139.0,Category_009,941.96,2,4705,17.68,501.0,38.85,442635.302005211,0.3902061855670103,0.012927464908429696,Non-Critical,Automated Replenishment
Product_1872,221.69777878896807,1989.24,441010.08947816683,C,4.716974016786555,6.618529276307792,SUP_1772,7,53.83,272,1.28,23.0,57.0,Category_001,1989.24,7,3608,3.08,721.0,46.17,441010.08947816683,0.4656701030927835,0.012879999471721585,Non-Critical,Automated Replenishment
Product_0672,1741.7551261315143,252.82,440350.53098856943,C,13.398116354857802,24.483702010453083,SUP_1408,2,77.32,93,1.28,45.0,72.0,Category_011,252.82,2,954,5.85,754.0,22.680000000000007,440350.53098856943,0.22350515463917534,0.012860736617650297,Non-Critical,Automated Replenishment
Product_1958,1372.7489055529277,320.56,440048.3891640465,C,44.28222275977186,26.008266840375473,SUP_1246,2,90.26,356,1.28,48.0,137.0,Category_029,320.56,2,3292,23.45,621.0,9.739999999999995,440048.3891640465,0.09010309278350509,0.01285191236026234,Non-Critical,Automated Replenishment
Product_0121,997.8883710427655,440.55,439619.72186289035,C,36.95882855713946,42.86767105958868,SUP_1215,8,72.78,228,1.28,156.0,452.0,Category_021,440.55,8,1489,44.99,258.0,27.22,439619.72186289035,0.27030927835051544,0.012839392840314467,Non-Critical,Automated Replenishment
Product_0692,281.32432444213634,1557.08,438044.47910236166,C,17.58277027763352,7.518667148569454,SUP_1357,9,21.0,286,1.28,29.0,188.0,Category_001,1557.08,9,5437,30.89,315.0,79.0,438044.47910236166,0.8041237113402062,0.012793386804608006,Bottleneck,Maintain Higher Safety Stock
Product_0757,1888.997496618812,229.92,434318.3044225972,C,32.01690672235274,31.1727266426108,SUP_1285,14,66.83,380,1.28,150.0,599.0,Category_001,229.92,14,5987,21.76,1020.0,33.17,434318.3044225972,0.33164948453608245,0.01268456133994869,Non-Critical,Automated Replenishment
Product_0295,618.0391033303232,701.74,433702.760371021,C,29.43043349192015,60.37971659359789,SUP_1543,3,43.0,360,1.28,134.0,223.0,Category_015,701.74,3,4946,8.56,846.0,57.0,433702.760371021,0.577319587628866,0.012666583957461806,Bottleneck,Maintain Higher Safety Stock
Product_0302,1131.9933094276983,382.64,433145.91991941445,C,17.968147768693623,24.30537729146586,SUP_1208,2,50.97,155,1.28,44.0,80.0,Category_015,382.64,2,5203,26.08,673.0,49.03,433145.91991941445,0.49515463917525776,0.012650321053520057,Non-Critical,Automated Replenishment
Product_0513,1180.6329258232195,366.34,432513.06604607817,C,43.72714540085998,69.7689838973447,SUP_1350,5,25.34,3212,1.28,200.0,419.0,Category_022,366.34,5,5606,14.64,951.0,74.66,432513.06604607817,0.7593814432989691,0.01263183812592107,Bottleneck,Maintain Higher Safety Stock
Product_0566,1736.7252260239795,248.65,431836.7274508625,C,173.67252260239795,282.47568689223675,SUP_1111,14,44.99,996,1.28,1353.0,3785.0,Category_012,248.65,14,5952,79.36,511.0,55.01,431836.7274508625,0.5568041237113402,0.012612085197457708,Bottleneck,Maintain Higher Safety Stock
Product_1329,1741.9795335253252,246.79,429903.129078715,C,72.58248056355522,43.974197444893804,SUP_1123,8,67.99,353,1.28,160.0,741.0,Category_019,246.79,8,1555,70.02,279.0,32.010000000000005,429903.129078715,0.3196907216494846,0.012555613142495767,Non-Critical,Automated Replenishment
Product_0242,2750.3234195840496,155.59,427922.8208530823,C,119.57927911234998,259.72471605513863,SUP_0996,13,32.47,88,1.28,1199.0,2754.0,Category_007,155.59,13,5824,117.26,523.0,67.53,427922.8208530823,0.6858762886597939,0.012497776894508388,Bottleneck,Maintain Higher Safety Stock
Product_0734,716.2969173698153,594.57,425888.6581605711,C,20.465626210566153,39.85089692916481,SUP_1484,4,33.84,66,1.28,103.0,185.0,Category_001,594.57,4,3960,8.66,810.0,66.16,425888.6581605711,0.6717525773195876,0.012438367790204356,Bottleneck,Maintain Higher Safety Stock
Product_0545,691.7459786297213,615.33,425652.05303022644,C,19.215166073047815,28.455788030884655,SUP_1494,11,46.14,30,1.28,121.0,333.0,Category_013,615.33,11,1329,7.23,505.0,53.86,425652.05303022644,0.5449484536082474,0.012431457576523185,Bottleneck,Maintain Higher Safety Stock
Product_0726,838.4658234850139,504.72,423190.4704293562,C,36.455035803696255,37.29509931886956,SUP_1248,8,31.5,53,1.28,136.0,428.0,Category_001,504.72,8,935,47.05,183.0,68.5,423190.4704293562,0.6958762886597938,0.012359565383225923,Bottleneck,Maintain Higher Safety Stock
Product_0196,3199.7641283217804,131.99,422336.8672971918,C,86.48011157626433,150.20819284093002,SUP_1076,12,35.93,276,1.28,667.0,1705.0,Category_007,131.99,12,4136,33.35,891.0,64.07,422336.8672971918,0.6502061855670103,0.01233463532345258,Bottleneck,Maintain Higher Safety Stock
Product_0925,1450.0,285.33,413728.5,C,131.8181818181818,145.38350537926797,SUP_1099,11,83.46,600,1.28,618.0,2068.0,Category_023,285.33,11,3715,110.83,312.0,16.540000000000006,413728.5,0.16020618556701038,0.01208322210437768,Non-Critical,Automated Replenishment
Product_0175,2105.043414230886,195.85,412272.752677119,C,110.79175864373083,118.20854875077745,SUP_1018,4,58.57,244,1.28,303.0,747.0,Category_021,195.85,4,2349,112.02,298.0,41.43,412272.752677119,0.4168041237113402,0.012040706014163386,Non-Critical,Automated Replenishment
Product_0766,270.97112413825477,1509.83,409120.33235766116,C,6.451693431863209,11.72842579226728,SUP_1712,14,46.64,794,1.28,57.0,148.0,Category_001,1509.83,14,2263,2.65,681.0,53.36,409120.33235766116,0.5397938144329897,0.011948637435647856,Bottleneck,Maintain Higher Safety Stock
Product_0310,529.1617024695854,772.46,408756.248689656,C,20.352373171907132,32.5434317499985,SUP_1539,14,77.57,102,1.28,156.0,441.0,Category_024,772.46,14,1959,10.95,436.0,22.430000000000007,408756.248689656,0.22092783505154648,0.011938004124611554,Non-Critical,Automated Replenishment
Product_0182,3041.952012491145,134.15,408077.8624756871,C,82.21491925651743,122.59433352508249,SUP_1063,8,75.83,233,1.28,444.0,1102.0,Category_007,134.15,8,1986,58.73,454.0,24.17,408077.8624756871,0.23886597938144333,0.011918191394050488,Non-Critical,Automated Replenishment
Product_0155,1281.9055262486688,317.78,407363.93813130195,C,98.60811740374376,112.03911866499577,SUP_1150,6,88.73,460,1.28,352.0,944.0,Category_021,317.78,6,2208,50.66,335.0,11.269999999999996,407363.93813130195,0.10587628865979376,0.011897340748231,Non-Critical,Automated Replenishment
Product_1583,2653.9450349286067,153.13,406398.6031986175,C,115.38891456211333,69.41881298077314,SUP_1100,9,79.63,403,1.28,267.0,1306.0,Category_005,153.13,9,2485,71.72,429.0,20.370000000000005,406398.6031986175,0.1996907216494846,0.011869147485265697,Non-Critical,Automated Replenishment
Product_0348,3699.641673543267,109.26,404222.8492513374,C,34.25594142169692,54.84339324744019,SUP_1128,4,57.41,339,1.28,141.0,279.0,Category_021,109.26,4,4824,34.6,1016.0,42.59,404222.8492513374,0.42876288659793815,0.011805603112109238,Non-Critical,Automated Replenishment
Product_0839,2973.4668020730774,135.79,403767.0570535032,C,33.78939547810315,76.75539990566611,SUP_1168,8,72.02,720,1.28,278.0,549.0,Category_021,135.79,8,4852,17.9,1270.0,27.980000000000004,403767.0570535032,0.27814432989690724,0.01179229139111377,Non-Critical,Automated Replenishment
Product_0512,2769.1104028836094,144.38,399804.15996833553,C,45.39525250628868,59.58348675705393,SUP_1120,8,75.89,310,1.28,216.0,580.0,Category_022,144.38,8,4398,43.78,746.0,24.11,399804.15996833553,0.23824742268041238,0.011676552287675473,Non-Critical,Automated Replenishment
Product_2072,7262.24421978231,54.34,394630.35090297076,C,110.034003330035,151.1435140374834,SUP_1084,4,78.91,82,1.28,387.0,828.0,Category_009,54.34,4,3345,20.4,1544.0,21.090000000000003,394630.35090297076,0.20711340206185572,0.0115254476766505,Non-Critical,Automated Replenishment
Product_1093,1017.3727758102193,385.19,391881.8195143384,C,13.564970344136258,28.648809601168644,SUP_1505,5,52.0,600,1.28,82.0,150.0,Category_024,385.19,5,2069,6.83,786.0,48.0,391881.8195143384,0.4845360824742268,0.011445174948932447,Non-Critical,Automated Replenishment
Product_0445,1478.667673392041,263.61,389791.5853828759,C,18.71731232141824,44.90929718867266,SUP_1294,4,86.96,145,1.28,115.0,190.0,Category_015,263.61,4,4650,11.82,1079.0,13.040000000000006,389791.5853828759,0.12412371134020624,0.011384128240135225,Non-Critical,Automated Replenishment
Product_0919,1068.434667664033,364.6,389551.2798303065,C,53.42173338320165,43.911980400802236,SUP_1221,10,71.48,510,1.28,178.0,713.0,Category_023,364.6,10,3144,55.82,347.0,28.519999999999996,389551.2798303065,0.2837113402061855,0.01137710995310735,Non-Critical,Automated Replenishment
Product_0459,778.2436995051413,497.66,387300.75949572865,C,10.240048677699228,15.484500330727627,SUP_1388,14,49.04,250,1.28,75.0,219.0,Category_015,497.66,14,5138,10.38,878.0,50.96,387300.75949572865,0.5150515463917527,0.011311381976782001,Bottleneck,Maintain Higher Safety Stock
Product_2115,1109.3811843145527,348.49,386608.24892177846,C,27.734529607863816,43.0297418022202,SUP_1477,11,79.43,375,1.28,183.0,489.0,Category_009,348.49,11,5561,9.04,1169.0,20.569999999999993,386608.24892177846,0.20175257731958757,0.011291156734685625,Non-Critical,Automated Replenishment
Product_1325,2091.117654034471,184.22,385225.6942262302,C,80.42760207824888,31.67295392876018,SUP_1162,11,68.0,391,1.28,135.0,1020.0,Category_019,184.22,11,5953,52.21,691.0,32.0,385225.6942262302,0.31958762886597936,0.011250778284910569,Non-Critical,Automated Replenishment
Product_1115,1493.3189536963341,257.22,384111.5012697711,C,49.77729845654447,74.15979001678636,SUP_1103,7,81.69,213,1.28,252.0,601.0,Category_007,257.22,7,4743,69.71,451.0,18.310000000000002,384111.5012697711,0.1784536082474227,0.011218237522163915,Non-Critical,Automated Replenishment
Product_0895,708.9500525439814,541.09,383605.7839310229,C,37.31316066020955,43.33855043746042,SUP_1486,10,67.67,357,1.28,176.0,550.0,Category_023,541.09,10,2879,9.01,674.0,32.33,383605.7839310229,0.32298969072164946,0.011203467703487829,Non-Critical,Automated Replenishment
Product_0471,1100.229615021322,347.9,382769.8830659179,C,8.595543867354078,33.584769846323965,SUP_1432,5,52.44,286,1.28,97.0,140.0,Category_015,347.9,5,2108,7.47,789.0,47.56,382769.8830659179,0.48,0.011179054650458353,Non-Critical,Automated Replenishment
Product_1050,1997.20022711546,191.28,382024.4594426452,C,57.062863631870286,53.461710059318,SUP_1195,5,56.03,658,1.28,154.0,440.0,Category_032,191.28,5,2725,30.42,599.0,43.97,382024.4594426452,0.44298969072164945,0.011157284046785041,Non-Critical,Automated Replenishment
Product_2056,959.9292583393752,396.32,380439.1636650612,C,13.3323508102691,24.57427588099913,SUP_1398,10,60.37,95,1.28,100.0,234.0,Category_021,396.32,10,2597,7.23,831.0,39.63,380439.1636650612,0.39824742268041236,0.011110984405881211,Non-Critical,Automated Replenishment
Product_1326,996.64225819575,381.57,380288.7864597523,C,83.0535215163125,53.568203623593895,SUP_1233,8,66.36,112,1.28,194.0,859.0,Category_019,381.57,8,3024,34.67,417.0,33.64,380288.7864597523,0.33649484536082475,0.011106592537370383,Non-Critical,Automated Replenishment
Product_2137,2314.7586415467554,163.18,377722.3151275996,C,462.9517283093511,617.9505418529227,SUP_1040,2,67.54,383,1.28,1119.0,2045.0,Category_009,163.18,2,1229,134.44,206.0,32.459999999999994,377722.3151275996,0.3243298969072164,0.011031636997370312,Non-Critical,Automated Replenishment
Product_0153,509.09304159571474,739.4,376423.39495587145,C,72.72757737081639,64.33444532684553,SUP_1424,5,52.3,185,1.28,185.0,549.0,Category_021,739.4,5,3675,19.75,436.0,47.7,376423.39495587145,0.4814432989690722,0.010993701150720039,Non-Critical,Automated Replenishment
Product_0896,1093.9535183109026,342.73,374930.68933069566,C,43.758140732436104,63.666807660135305,SUP_1237,11,38.26,198,1.28,271.0,753.0,Category_023,342.73,11,2503,31.34,419.0,61.74,374930.68933069566,0.6261855670103094,0.010950105668162147,Bottleneck,Maintain Higher Safety Stock
Product_0738,936.061796740834,399.36,373825.6391464195,C,8.667238858711427,8.77176845879319,SUP_1590,14,76.66,401,1.28,43.0,165.0,Category_001,399.36,14,5022,2.88,1807.0,23.340000000000003,373825.6391464195,0.2303092783505155,0.010917831926292556,Non-Critical,Automated Replenishment
Product_0714,656.8809075592125,568.56,373476.2088018658,C,11.943289228349318,19.003760143538972,SUP_1542,9,77.78,469,1.28,73.0,181.0,Category_001,568.56,9,4331,4.55,1119.0,22.22,373476.2088018658,0.21876288659793813,0.010907626575529312,Non-Critical,Automated Replenishment
Product_1717,496.40199298896744,750.52,372559.6237780798,C,18.385258999591386,23.95100629261348,SUP_1469,14,84.56,190,1.28,115.0,373.0,Category_026,750.52,14,1640,19.11,292.0,15.439999999999998,372559.6237780798,0.14886597938144328,0.010880857086794664,Non-Critical,Automated Replenishment
Product_1085,944.0,393.69,371643.36,C,472.0,463.86204845837517,SUP_1045,11,70.42,667,1.28,1970.0,7162.0,Category_016,393.69,11,1000,267.56,85.0,29.58,371643.36,0.2946391752577319,0.010854096980259256,Non-Critical,Automated Replenishment
Product_0489,1479.3050195002645,249.8,369530.3938711661,C,35.221548083339634,51.840974180738144,SUP_1254,13,60.62,232,1.28,240.0,698.0,Category_013,249.8,13,4024,22.03,736.0,39.38,369530.3938711661,0.3956701030927835,0.01079238636802508,Non-Critical,Automated Replenishment
Product_2143,1043.6780659725955,353.16,368585.34577888186,C,24.849477761252274,89.07381592270325,SUP_1376,14,42.81,840,1.28,427.0,775.0,Category_009,353.16,14,2129,12.44,598.0,57.19,368585.34577888186,0.579278350515464,0.010764785596025112,Bottleneck,Maintain Higher Safety Stock
Product_1678,1175.1914476969214,313.3,368187.4805634455,C,10.308696909622117,29.71924643870351,SUP_1504,9,64.3,104,1.28,115.0,208.0,Category_021,313.3,9,5980,4.75,1721.0,35.7,368187.4805634455,0.3577319587628866,0.010753165671930631,Non-Critical,Automated Replenishment
Product_2084,531.6283201637311,683.21,363213.7846190628,C,22.15118000682213,19.47362737410259,SUP_1392,13,58.85,53,1.28,90.0,378.0,Category_009,683.21,13,2027,22.5,310.0,41.15,363213.7846190628,0.41391752577319585,0.01060790550064531,Non-Critical,Automated Replenishment
Product_1996,4112.132377565366,87.0,357755.51684818685,C,205.6066188782683,139.46465129451778,SUP_0991,11,97.44,264,1.28,593.0,2855.0,Category_019,87.0,11,962,115.37,262.0,2.5600000000000023,357755.51684818685,0.016082474226804144,0.0104484930797445,Non-Critical,Automated Replenishment
Product_1938,791.1387384294583,451.15,356922.2418424501,C,5.104120893093279,6.270073430535567,SUP_1645,8,82.7,239,1.28,23.0,64.0,Category_001,451.15,8,5298,2.78,1737.0,17.299999999999997,356922.2418424501,0.16804123711340205,0.010424156716722994,Non-Critical,Automated Replenishment
Product_1051,2006.7199185450274,177.46,356112.5167450006,C,52.80841890907967,133.08600364165846,SUP_1185,10,46.47,218,1.28,539.0,1068.0,Category_032,177.46,10,5751,32.72,840.0,53.53,356112.5167450006,0.5415463917525773,0.01040050814478277,Bottleneck,Maintain Higher Safety Stock
Product_0846,1735.2224964820914,205.11,355911.4862534418,C,27.543214229874465,78.07378956942547,SUP_1306,2,52.77,260,1.28,142.0,198.0,Category_021,205.11,2,1995,16.33,652.0,47.23,355911.4862534418,0.4765979381443298,0.010394636912611775,Non-Critical,Automated Replenishment
Product_0821,1225.7979050518416,288.85,354071.72487422446,C,10.944624152248585,14.453452119269082,SUP_1485,7,44.95,277,1.28,49.0,126.0,Category_001,288.85,7,1183,5.34,737.0,55.05,354071.72487422446,0.5572164948453608,0.010340905430820843,Bottleneck,Maintain Higher Safety Stock
Product_2121,865.049843723204,407.38,352404.00533595885,C,33.27114783550785,28.37215099829029,SUP_1297,4,75.67,73,1.28,73.0,207.0,Category_009,407.38,4,3596,42.2,384.0,24.33,352404.00533595885,0.24051546391752573,0.010292198547952795,Non-Critical,Automated Replenishment
Product_0787,636.3038192998855,552.89,351806.0186527137,C,23.56680812221798,22.347576471808072,SUP_1506,11,63.07,154,1.28,95.0,355.0,Category_001,552.89,11,5503,7.88,943.0,36.93,351806.0186527137,0.3704123711340206,0.010274733940343912,Non-Critical,Automated Replenishment
Product_1706,194.3539122131142,1809.47,351677.57353226375,C,10.229153274374431,5.799518163927164,SUP_1678,5,53.29,96,1.28,17.0,69.0,Category_026,1809.47,5,2947,4.04,533.0,46.71,351677.57353226375,0.4712371134020618,0.010270982613281309,Non-Critical,Automated Replenishment
Product_0103,1596.3276365258655,219.6,350553.54898108006,C,33.96441779842267,72.97262836965997,SUP_1332,11,46.43,418,1.28,310.0,684.0,Category_015,219.6,11,4321,9.49,1206.0,53.57,350553.54898108006,0.541958762886598,0.010238154712126987,Bottleneck,Maintain Higher Safety Stock
Product_0322,839.4077698833213,415.88,349092.9033390757,C,4.663376499351785,14.977059876706017,SUP_1453,11,71.44,530,1.28,64.0,116.0,Category_007,415.88,11,2627,5.57,890.0,28.560000000000002,349092.9033390757,0.2841237113402062,0.010195495563172709,Non-Critical,Automated Replenishment
Product_0205,1659.5710259867951,210.03,348559.70258800656,C,75.43504663576341,104.6316570101849,SUP_1270,14,40.18,57,1.28,502.0,1559.0,Category_007,210.03,14,2965,19.12,718.0,59.82,348559.70258800656,0.6063917525773196,0.010179923072755953,Bottleneck,Maintain Higher Safety Stock
Product_1177,738.4132330522799,470.29,347268.35937215673,C,20.511478695896663,22.262036424975516,SUP_1405,10,73.42,326,1.28,91.0,297.0,Category_026,470.29,10,5253,21.99,594.0,26.58,347268.35937215673,0.26371134020618553,0.010142208516253089,Non-Critical,Automated Replenishment
Product_0600,2540.95544977316,134.83,342597.0232929152,C,87.6191534404538,118.92790345288974,SUP_1148,10,59.1,509,1.28,482.0,1359.0,Category_001,134.83,10,4928,31.66,890.0,40.9,342597.0232929152,0.411340206185567,0.010005778970380208,Non-Critical,Automated Replenishment
Product_1038,1600.0,213.27,341232.0,C,106.66666666666667,79.88086367179802,SUP_1087,4,74.06,430,1.28,205.0,632.0,Category_005,213.27,4,807,95.98,165.0,25.939999999999998,341232.0,0.2571134020618556,0.009965912537137288,Non-Critical,Automated Replenishment
Product_1335,1227.7766323921871,277.2,340339.68249911425,C,61.388831619609356,38.24579688186222,SUP_1173,3,72.26,312,1.28,85.0,270.0,Category_019,277.2,3,2969,62.97,341.0,27.739999999999995,340339.68249911425,0.27567010309278345,0.009939851797906546,Non-Critical,Automated Replenishment
Product_0719,1187.7769897875728,286.53,340333.7408838332,C,15.4256751920464,26.071458419990673,SUP_1364,11,68.5,1803,1.28,111.0,281.0,Category_001,286.53,11,5155,16.91,851.0,31.5,340333.7408838332,0.31443298969072164,0.009939678268993021,Non-Critical,Automated Replenishment
Product_0272,1843.0492789199245,181.16,333886.8073691335,C,97.00259362736445,93.38172637754053,SUP_1259,2,40.16,96,1.28,170.0,365.0,Category_021,181.16,2,5653,17.21,1101.0,59.84,333886.8073691335,0.6065979381443299,0.009751391192926779,Bottleneck,Maintain Higher Safety Stock
Product_1040,1954.2033810632709,169.57,331374.2673268988,C,108.56685450351505,78.02696511308353,SUP_1023,14,31.87,289,1.28,374.0,1894.0,Category_005,169.57,14,5951,97.71,488.0,68.13,331374.2673268988,0.692061855670103,0.009678010752912459,Bottleneck,Maintain Higher Safety Stock
Product_2139,314.00843966021495,1055.22,331347.98569825204,C,78.50210991505374,73.45893589201796,SUP_1184,13,28.54,706,1.28,340.0,1361.0,Category_009,1055.22,13,2557,85.66,137.0,71.46000000000001,331347.98569825204,0.7263917525773197,0.009677243180080992,Bottleneck,Maintain Higher Safety Stock
Product_2087,2007.733872422777,164.95,331175.70225613704,C,35.85239057897816,68.9963751403648,SUP_1189,10,57.49,123,1.28,280.0,639.0,Category_009,164.95,10,4563,16.24,1063.0,42.51,331175.70225613704,0.42793814432989685,0.00967221152503189,Non-Critical,Automated Replenishment
Product_0332,430.769126922673,768.77,331162.3817043433,C,4.63192609594272,8.82059574259056,SUP_1643,13,77.73,354,1.28,41.0,102.0,Category_021,768.77,13,2568,2.88,877.0,22.269999999999996,331162.3817043433,0.21927835051546388,0.009671822489261146,Non-Critical,Automated Replenishment
Product_0744,831.9735946835125,397.34,330576.3881115468,C,31.998984410904328,22.934690466996745,SUP_1517,3,57.95,429,1.28,51.0,147.0,Category_001,397.34,3,4609,4.78,1267.0,42.05,330576.3881115468,0.42319587628865973,0.009654708148011986,Non-Critical,Automated Replenishment
Product_0394,759.13767793019,434.02,329480.93497526104,C,11.001995332321593,17.57207463665072,SUP_1483,3,87.46,339,1.28,39.0,73.0,Category_007,434.02,3,812,11.89,323.0,12.540000000000006,329480.93497526104,0.11896907216494852,0.009622714694453244,Non-Critical,Automated Replenishment
Product_0293,1925.0656446045803,171.14,329455.73441762786,C,43.75149192283137,63.13695853755072,SUP_1343,7,66.59,302,1.28,214.0,521.0,Category_021,171.14,7,5857,11.39,1408.0,33.41,329455.73441762786,0.33412371134020613,0.009621978695035666,Non-Critical,Automated Replenishment
Product_2107,4834.66221611309,68.0,328757.03069569013,C,230.2220102910995,346.34116583713546,SUP_0977,14,2.0,42,1.28,1659.0,4883.0,Category_009,68.0,14,1167,72.96,394.0,98.0,328757.03069569013,1.0,0.009601572577842074,Bottleneck,Maintain Higher Safety Stock
Product_1815,844.7467373773869,387.46,327305.5708642423,C,6.351479228401406,12.203449542422337,SUP_1599,13,45.37,116,1.28,57.0,140.0,Category_031,387.46,13,2323,2.75,1195.0,54.63,327305.5708642423,0.5528865979381444,0.009559181706729819,Bottleneck,Maintain Higher Safety Stock
Product_0781,1251.6686968888293,261.16,326885.7968794867,C,11.589524971192864,15.689446707328253,SUP_1554,10,27.43,538,1.28,64.0,180.0,Category_001,261.16,10,3474,3.81,1511.0,72.57,326885.7968794867,0.7378350515463917,0.009546921922133298,Bottleneck,Maintain Higher Safety Stock
Product_1125,575.2797269618345,566.95,326154.8412010121,C,28.763986348091727,67.87820842060874,SUP_1252,8,84.53,150,1.28,246.0,477.0,Category_007,566.95,8,4597,29.24,426.0,15.469999999999999,326154.8412010121,0.14917525773195875,0.009525573864623445,Non-Critical,Automated Replenishment
Product_2113,1936.1732814896416,168.29,325838.60154189175,C,77.44693125958567,138.90161939759105,SUP_1159,10,70.19,754,1.28,563.0,1338.0,Category_009,168.29,10,949,54.57,260.0,29.810000000000002,325838.60154189175,0.29701030927835054,0.009516337870392052,Non-Critical,Automated Replenishment
Product_2095,2540.382760827835,128.09,325397.6278344374,C,59.078668856461285,155.06532178159463,SUP_1151,9,80.21,332,1.28,596.0,1128.0,Category_009,128.09,9,3499,19.94,945.0,19.790000000000006,325397.6278344374,0.19371134020618563,0.009503458933482069,Non-Critical,Automated Replenishment
Product_2118,488.2897215611204,662.35,323418.69707600813,C,27.12720675339558,68.90526588745021,SUP_1191,3,84.63,56,1.28,153.0,235.0,Category_009,662.35,3,1788,53.72,181.0,15.370000000000005,323418.69707600813,0.14814432989690726,0.0094456629153608,Non-Critical,Automated Replenishment
Product_1590,965.9838551127634,333.42,322078.3369716976,C,60.373990944547714,40.629074752628725,SUP_1238,7,17.82,172,1.28,138.0,561.0,Category_030,333.42,7,1890,41.19,298.0,82.18,322078.3369716976,0.8369072164948455,0.009406516787307664,Bottleneck,Maintain Higher Safety Stock
Product_0645,845.4101844090438,380.47,321653.21286210895,C,4.83091533948025,8.219169721044754,SUP_1686,8,78.7,493,1.28,30.0,69.0,Category_019,380.47,8,812,1.02,1161.0,21.299999999999997,321653.21286210895,0.2092783505154639,0.00939410074867826,Non-Critical,Automated Replenishment
Product_0681,2559.721597367365,125.28,320681.9217181835,C,102.38886389469461,82.70064517201858,SUP_1142,10,83.21,253,1.28,335.0,1359.0,Category_011,125.28,10,2245,31.95,600.0,16.790000000000006,320681.9217181835,0.16278350515463924,0.009365733530514498,Non-Critical,Automated Replenishment
Product_0893,1205.8077740505585,264.58,319032.62085829675,C,70.92986906179756,114.14696779593126,SUP_1247,8,55.87,487,1.28,414.0,982.0,Category_023,264.58,8,2655,32.16,447.0,44.13,319032.62085829675,0.44463917525773194,0.009317564577669933,Non-Critical,Automated Replenishment
Product_1205,1700.0,186.7,317390.0,C,212.5,188.50918886280922,SUP_1060,2,96.52,441,1.28,342.0,767.0,Category_019,186.7,2,3301,128.8,296.0,3.480000000000004,317390.0,0.025567010309278396,0.009269590718813019,Non-Critical,Automated Replenishment
Product_0619,3368.8738150619324,93.33,314416.99315973016,C,39.63380958896391,67.79893096812825,SUP_1013,11,32.93,304,1.28,288.0,724.0,Category_001,93.33,11,5646,71.33,731.0,67.07,314416.99315973016,0.6811340206185567,0.009182762032926466,Bottleneck,Maintain Higher Safety Stock
Product_0168,1602.3582386534808,195.3,312940.5640090248,C,23.56409174490413,43.28368714592406,SUP_1258,3,83.36,270,1.28,96.0,167.0,Category_021,195.3,3,1813,24.93,483.0,16.64,312940.5640090248,0.16123711340206187,0.009139641915870593,Non-Critical,Automated Replenishment
Product_0567,354.7257675937241,882.12,312910.6941097759,C,17.736288379686204,21.89010628862729,SUP_1503,5,48.93,77,1.28,63.0,152.0,Category_012,882.12,5,4098,17.13,412.0,51.07,312910.6941097759,0.5161855670103093,0.009138769545156803,Bottleneck,Maintain Higher Safety Stock
Product_0741,908.644330709233,342.05,310801.7933190932,C,25.240120297478697,23.102389362489472,SUP_1371,14,45.88,676,1.28,111.0,465.0,Category_001,342.05,14,2378,16.02,520.0,54.12,310801.7933190932,0.5476288659793814,0.009077177663887041,Bottleneck,Maintain Higher Safety Stock
Product_0903,900.0,345.27,310743.0,C,75.0,78.33494518006403,SUP_1268,2,51.99,297,1.28,142.0,292.0,Category_023,345.27,2,3787,57.32,345.0,48.01,310743.0,0.4846391752577319,0.009075460565033912,Non-Critical,Automated Replenishment
Product_0707,1076.2327072751732,287.9,309847.39642452233,C,44.843029469798886,88.69424495558019,SUP_1175,4,77.1,552,1.28,228.0,408.0,Category_001,287.9,4,1370,57.62,227.0,22.900000000000006,309847.39642452233,0.22577319587628872,0.009049303853760769,Non-Critical,Automated Replenishment
Product_0569,1474.6262233275927,209.12,308373.8358222662,C,37.81092880327161,47.12929936385337,SUP_1379,4,96.64,194,1.28,121.0,273.0,Category_012,209.12,4,2337,10.05,829.0,3.3599999999999994,308373.8358222662,0.024329896907216493,0.009006267514612459,Non-Critical,Automated Replenishment
Product_2038,289.25251039128756,1052.54,304449.8372872458,C,2.98198464320915,5.549124015149929,SUP_1705,2,96.53,56,1.28,11.0,17.0,Category_011,1052.54,2,2901,1.96,926.0,3.469999999999999,304449.8372872458,0.025463917525773185,0.008891664469775315,Non-Critical,Automated Replenishment
Product_0318,1373.9576489892618,221.21,303933.1715329146,C,17.614841653708485,25.882959775753218,SUP_1378,2,58.15,103,1.28,47.0,83.0,Category_011,221.21,2,2061,7.21,887.0,41.85,303933.1715329146,0.4211340206185567,0.00887657489517915,Non-Critical,Automated Replenishment
Product_1611,2542.0821085528632,119.28,303219.5539081855,C,110.52530906751579,84.75707563844092,SUP_1058,10,21.74,237,1.28,344.0,1450.0,Category_005,119.28,10,1489,117.35,254.0,78.26,303219.5539081855,0.7964948453608248,0.008855733207315732,Bottleneck,Maintain Higher Safety Stock
Product_1126,2197.2195326615815,137.54,302205.5745222739,C,99.87361512098097,151.3890442747319,SUP_1067,3,63.26,120,1.28,336.0,636.0,Category_007,137.54,3,2934,110.65,342.0,36.74,302205.5745222739,0.3684536082474227,0.008826119250024342,Non-Critical,Automated Replenishment
Product_0280,1823.1734096039274,164.55,300003.18455032626,C,39.634204556607116,43.69989616971507,SUP_1207,3,62.88,177,1.28,97.0,216.0,Category_021,164.55,3,2317,39.88,461.0,37.12,300003.18455032626,0.3723711340206185,0.008761796953659704,Non-Critical,Automated Replenishment
Product_0162,502.35885959626034,595.7,299255.1726614923,C,55.81765106625115,100.2860870719501,SUP_1251,8,98.05,1509,1.28,364.0,811.0,Category_021,595.7,8,1256,60.14,145.0,1.9500000000000028,299255.1726614923,0.00979381443298972,0.008739950757931114,Non-Critical,Automated Replenishment
Product_0844,1851.1297258466252,161.42,298809.3603461622,C,29.383011521375003,69.76288747454663,SUP_1266,10,78.18,461,1.28,283.0,577.0,Category_021,161.42,10,1115,19.35,462.0,21.819999999999993,298809.3603461622,0.2146391752577319,0.008726930506188727,Non-Critical,Automated Replenishment
Product_0116,1029.9417435700727,289.26,297920.9487450792,C,32.18567948656477,30.28621125525313,SUP_1269,6,69.82,340,1.28,95.0,289.0,Category_032,289.26,6,2705,38.02,383.0,30.180000000000007,297920.9487450792,0.3008247422680413,0.008700983841417043,Non-Critical,Automated Replenishment
Product_1090,1180.7697868535754,250.74,296066.2163556655,C,196.7949644755959,52.22855267394008,SUP_1127,14,47.32,146,1.28,251.0,3007.0,Category_020,250.74,14,5393,93.69,369.0,52.68,296066.2163556655,0.5327835051546392,0.0086468151210957,Bottleneck,Maintain Higher Safety Stock
Product_1175,563.6339470870688,520.77,293523.65062453283,C,14.09084867717672,15.402803333783181,SUP_1589,3,71.41,473,1.28,35.0,78.0,Category_026,520.77,3,1782,4.25,688.0,28.590000000000003,293523.65062453283,0.28443298969072167,0.00857255776042498,Non-Critical,Automated Replenishment
Product_0873,588.7293023923696,496.58,292351.1969820029,C,147.1823255980924,186.34333305745054,SUP_1214,7,49.54,497,1.28,632.0,1663.0,Category_023,496.58,7,4342,77.68,257.0,50.46,292351.1969820029,0.5098969072164948,0.008538315454734713,Bottleneck,Maintain Higher Safety Stock
Product_1077,2043.1031052133508,142.74,291632.5372381537,C,255.38788815166885,179.10738307851133,SUP_1012,5,68.72,867,1.28,513.0,1790.0,Category_020,142.74,5,2356,177.09,234.0,31.28,291632.5372381537,0.31216494845360826,0.008517326508354647,Non-Critical,Automated Replenishment
Product_0364,587.9831620273426,495.28,291216.3004889022,C,5.653684250262909,10.743696315333715,SUP_1637,2,48.22,87,1.28,20.0,32.0,Category_021,495.28,2,3737,3.0,1211.0,51.78,291216.3004889022,0.5235051546391752,0.008505170031125716,Bottleneck,Maintain Higher Safety Stock
Product_1834,308.24726903493143,938.67,289342.4640250191,C,5.137454483915524,7.597572810372699,SUP_1648,3,44.68,1470,1.28,17.0,33.0,Category_018,938.67,3,4215,3.34,883.0,55.32,289342.4640250191,0.56,0.008450443363322116,Bottleneck,Maintain Higher Safety Stock
Product_1328,850.0,338.58,287793.0,C,85.0,33.74742788552764,SUP_1203,9,42.72,108,1.28,130.0,895.0,Category_019,338.58,9,2255,53.91,267.0,57.28,287793.0,0.5802061855670103,0.008405190213111173,Bottleneck,Maintain Higher Safety Stock
Product_0104,805.4418362978848,352.95,284280.69612133846,C,20.13604590744712,15.779877937832142,SUP_1346,6,49.78,785,1.28,50.0,171.0,Category_032,352.95,6,3222,14.89,591.0,50.22,284280.69612133846,0.5074226804123712,0.008302610990592214,Bottleneck,Maintain Higher Safety Stock
Product_0325,860.6600654666057,328.49,282718.22490512533,C,5.412956386582426,6.855464092850192,SUP_1552,13,66.95,208,1.28,32.0,103.0,Category_021,328.49,13,3726,4.4,1208.0,33.05,282718.22490512533,0.33041237113402055,0.008256977956519869,Non-Critical,Automated Replenishment
Product_1141,600.0,470.41,282246.0,C,40.0,44.11834733337788,SUP_1299,7,57.72,290,1.28,150.0,430.0,Category_009,470.41,7,5062,34.08,423.0,42.28,282246.0,0.42556701030927835,0.008243186307136644,Non-Critical,Automated Replenishment
Product_0735,444.1203864014521,630.15,279862.46149087505,C,10.328381079103536,18.636552855093242,SUP_1684,4,76.78,43,1.28,48.0,90.0,Category_001,630.15,4,1987,2.99,769.0,23.22,279862.46149087505,0.2290721649484536,0.008173573444594918,Non-Critical,Automated Replenishment
Product_0671,613.5626909275707,454.35,278772.20862294175,C,11.576654545803219,23.52349744502562,SUP_1526,2,79.11,253,1.28,43.0,67.0,Category_011,454.35,2,4534,7.27,875.0,20.89,278772.20862294175,0.20505154639175258,0.008141731868408669,Non-Critical,Automated Replenishment
Product_2066,774.0,359.28,278082.72,C,48.375,134.43009335710514,SUP_1402,6,68.11,229,1.28,422.0,713.0,Category_009,359.28,6,4814,13.15,753.0,31.89,278082.72,0.31845360824742264,0.008121594884445884,Non-Critical,Automated Replenishment
Product_0516,1684.2649434637333,164.32,276758.4155099606,C,17.363556118182817,24.372683406370363,SUP_1422,6,39.79,491,1.28,77.0,182.0,Category_022,164.32,6,4581,5.11,1738.0,60.21,276758.4155099606,0.6104123711340207,0.008082917671522504,Bottleneck,Maintain Higher Safety Stock
Product_0610,225.0,1228.95,276513.75,C,9.375,12.954141523416196,SUP_1662,3,69.66,142,1.28,29.0,58.0,Category_001,1228.95,3,2750,5.45,477.0,30.340000000000003,276513.75,0.3024742268041237,0.008075772048975026,Non-Critical,Automated Replenishment
Product_0773,1549.116099288925,178.33,276253.873986194,C,36.88371664973631,59.721814020436796,SUP_1242,10,40.9,247,1.28,242.0,611.0,Category_001,178.33,10,4955,29.07,727.0,59.1,276253.873986194,0.5989690721649485,0.008068182193322301,Bottleneck,Maintain Higher Safety Stock
Product_1671,835.7347863671027,329.12,275057.0328891409,C,6.52917801849299,9.378810275507808,SUP_1516,9,47.01,78,1.28,37.0,96.0,Category_026,329.12,9,3058,6.01,923.0,52.99,275057.0328891409,0.535979381443299,0.008033227635443547,Bottleneck,Maintain Higher Safety Stock
Product_1176,477.1699352017296,574.04,273914.6296032008,C,14.459695006113018,9.83162514311071,SUP_1535,9,37.79,177,1.28,38.0,169.0,Category_026,574.04,9,941,11.88,275.0,62.21,273914.6296032008,0.6310309278350515,0.007999862970846391,Bottleneck,Maintain Higher Safety Stock
Product_0292,567.8466676854292,481.32,273315.9580903508,C,13.84991872403486,23.000223397603328,SUP_1460,12,82.9,185,1.28,102.0,269.0,Category_024,481.32,12,864,15.17,255.0,17.099999999999994,273315.9580903508,0.1659793814432989,0.007982378362323336,Non-Critical,Automated Replenishment
Product_0881,457.76710821572465,596.82,273204.56552530883,C,25.431506011984702,26.748800550375027,SUP_1302,6,57.92,266,1.28,84.0,237.0,Category_023,596.82,6,3088,44.16,254.0,42.08,273204.56552530883,0.4235051546391752,0.00797912506673413,Non-Critical,Automated Replenishment
Product_0161,209.0085476058121,1300.24,271761.2739389811,C,13.063034225363257,18.6096458529508,SUP_1658,8,55.86,347,1.28,68.0,173.0,Category_021,1300.24,8,4980,4.73,664.0,44.14,271761.2739389811,0.44474226804123707,0.007936972754773564,Non-Critical,Automated Replenishment
Product_2154,1402.5881386711194,193.72,271709.37422336923,C,87.66175866694496,104.4249883997879,SUP_1107,5,60.25,153,1.28,299.0,738.0,Category_022,193.72,5,1935,53.14,320.0,39.75,271709.37422336923,0.3994845360824742,0.007935456988296534,Non-Critical,Automated Replenishment
Product_1656,926.8025356698963,292.66,271238.0300891519,C,12.357367142265284,17.27728928084863,SUP_1382,12,99.0,308,1.28,77.0,226.0,Category_026,292.66,12,3366,12.85,697.0,1.0,271238.0300891519,0.0,0.007921691062426442,Non-Critical,Automated Replenishment
Product_0658,1919.6254699825922,140.66,270014.5186077514,C,25.94088472949449,61.26857844894773,SUP_1174,11,36.89,350,1.28,261.0,547.0,Category_011,140.66,11,2568,25.56,622.0,63.11,270014.5186077514,0.6403092783505154,0.0078859575778417,Bottleneck,Maintain Higher Safety Stock
Product_1120,583.6823351526308,462.33,269853.8540111158,C,18.240072973519712,23.83360584059913,SUP_1492,14,40.35,152,1.28,115.0,371.0,Category_007,462.33,14,5420,9.11,834.0,59.65,269853.8540111158,0.6046391752577319,0.007881265259073575,Bottleneck,Maintain Higher Safety Stock
Product_0534,1172.324558233692,229.48,269025.0396234676,C,27.263361819388184,54.218941275100704,SUP_1293,13,42.67,669,1.28,251.0,606.0,Category_022,229.48,13,3892,25.96,593.0,57.33,269025.0396234676,0.5807216494845361,0.007857059171435771,Bottleneck,Maintain Higher Safety Stock
Product_0476,2051.4201526036695,130.9,268530.89797582035,C,113.96778625575942,145.11254300405216,SUP_1005,13,59.29,758,1.28,670.0,2152.0,Category_005,130.9,13,4902,99.47,450.0,40.71,268530.89797582035,0.409381443298969,0.007842627428687703,Non-Critical,Automated Replenishment
Product_0687,863.3925574180548,310.3,267910.71056682244,C,78.49023249255043,72.61001195796963,SUP_1145,12,86.69,436,1.28,322.0,1264.0,Category_011,310.3,12,5937,82.29,353.0,13.310000000000002,267910.71056682244,0.1269072164948454,0.00782451443379066,Non-Critical,Automated Replenishment
Product_0197,1111.5280026104624,240.01,266777.8359065371,C,27.78820006526156,48.75964413256803,SUP_1330,13,55.56,71,1.28,226.0,588.0,Category_007,240.01,13,4388,9.68,1004.0,44.44,266777.8359065371,0.4478350515463917,0.007791428059183523,Non-Critical,Automated Replenishment
Product_0632,775.0492815892209,343.78,266446.4420247423,C,6.624352834095905,9.89363592035135,SUP_1667,2,40.73,195,1.28,18.0,32.0,Category_001,343.78,2,1835,1.27,1497.0,59.27,266446.4420247423,0.6007216494845361,0.007781749475576742,Bottleneck,Maintain Higher Safety Stock
Product_0827,491.18198249599874,540.29,265380.71332276316,C,11.980048353560944,25.79865936772725,SUP_1632,5,87.37,815,1.28,74.0,134.0,Category_008,540.29,5,2888,2.87,995.0,12.629999999999995,265380.71332276316,0.11989690721649478,0.00775062414432926,Non-Critical,Automated Replenishment
Product_1332,696.6518640132504,380.42,265020.3021079207,C,77.40576266813893,36.08447375449306,SUP_1314,11,88.27,788,1.28,154.0,1006.0,Category_019,380.42,11,5172,38.46,433.0,11.730000000000004,265020.3021079207,0.11061855670103096,0.00774009808978419,Non-Critical,Automated Replenishment
Product_2065,583.9874880369517,453.15,264633.9302039447,C,25.390760349432686,43.88513435853866,SUP_1558,12,48.78,155,1.28,195.0,500.0,Category_009,453.15,12,4573,4.96,1038.0,51.22,264633.9302039447,0.5177319587628866,0.0077288138356643174,Bottleneck,Maintain Higher Safety Stock
Product_0341,786.4661985246868,335.58,263922.32690091437,C,12.684938685882045,23.760282327473195,SUP_1465,13,46.22,118,1.28,110.0,275.0,Category_021,335.58,13,3146,9.94,706.0,53.78,263922.32690091437,0.5441237113402062,0.007708030977435493,Bottleneck,Maintain Higher Safety Stock
Product_0711,390.476263767796,669.45,261404.33477935105,C,6.7323493753068275,6.748154296761648,SUP_1656,13,65.5,947,1.28,32.0,120.0,Category_001,669.45,13,3431,5.03,730.0,34.5,261404.33477935105,0.34536082474226804,0.007634491305737936,Non-Critical,Automated Replenishment
Product_1183,3163.583705168889,82.18,259983.30889077933,C,150.64684310328045,202.27225792037672,SUP_1024,11,96.89,93,1.28,859.0,2517.0,Category_030,82.18,11,4528,88.9,568.0,3.1099999999999994,259983.30889077933,0.021752577319587622,0.007592989278617052,Non-Critical,Automated Replenishment
Product_0709,788.6155295239575,327.99,258658.00752856286,C,34.287631718432934,25.351245101277485,SUP_1345,2,66.07,280,1.28,46.0,115.0,Category_001,327.99,2,2780,30.54,379.0,33.93000000000001,258658.00752856286,0.33948453608247425,0.007554282951364045,Non-Critical,Automated Replenishment
Product_2166,3007.631775693078,85.98,258596.18007409087,C,17.796637725994543,38.36502134695166,SUP_1283,4,56.38,159,1.28,99.0,171.0,Category_024,85.98,4,5876,9.23,1957.0,43.62,258596.18007409087,0.439381443298969,0.007552477238524505,Non-Critical,Automated Replenishment
Product_0274,1457.9852291117004,175.94,256517.92120991257,C,97.19901527411336,64.10136995207307,SUP_1180,5,59.78,229,1.28,184.0,670.0,Category_021,175.94,5,5671,31.72,723.0,40.22,256517.92120991257,0.40432989690721644,0.007491780275549371,Non-Critical,Automated Replenishment
Product_0876,1220.7670102331958,210.05,256422.1104994828,C,87.19764358808541,112.45055805801191,SUP_0936,12,64.79,149,1.28,499.0,1546.0,Category_023,210.05,12,1476,234.01,125.0,35.209999999999994,256422.1104994828,0.35268041237113396,0.007488982058617008,Non-Critical,Automated Replenishment
Product_1914,439.2281056254981,583.05,256091.94698494664,C,87.84562112509961,57.106673119825146,SUP_1374,6,61.73,368,1.28,180.0,708.0,Category_009,583.05,6,1296,60.93,137.0,38.27,256091.94698494664,0.38422680412371135,0.007479339408722445,Non-Critical,Automated Replenishment
Product_0686,1224.9504115573648,207.02,253589.23420060566,C,64.47107429249289,89.30212834339845,SUP_1114,12,74.43,275,1.28,396.0,1170.0,Category_011,207.02,12,1445,52.93,259.0,25.569999999999993,253589.23420060566,0.25329896907216487,0.0074062459804557015,Non-Critical,Automated Replenishment
Product_1322,900.0,280.93,252837.0,C,69.23076923076923,43.485924631145195,SUP_1206,13,61.86,213,1.28,201.0,1101.0,Category_019,280.93,13,3040,58.48,306.0,38.14,252837.0,0.38288659793814434,0.007384276469241397,Non-Critical,Automated Replenishment
Product_0586,2217.340541060471,113.61,251912.0588698801,C,76.46001865725762,59.24997472202917,SUP_1155,12,71.28,456,1.28,263.0,1181.0,Category_032,113.61,12,2809,42.61,541.0,28.72,251912.0588698801,0.28577319587628863,0.007357262934740601,Non-Critical,Automated Replenishment
Product_0615,397.4006190775356,630.04,250378.28604361054,C,6.209384673086494,11.052325957666636,SUP_1562,3,76.97,117,1.28,25.0,44.0,Category_001,630.04,3,5098,4.99,902.0,23.03,250378.28604361054,0.22711340206185568,0.0073124680566563635,Non-Critical,Automated Replenishment
Product_1094,613.4143929291796,408.14,250358.95033011536,C,6.667547749230213,7.861693284094741,SUP_1676,13,48.33,54,1.28,37.0,124.0,Category_024,408.14,13,2992,2.11,1319.0,51.67,250358.95033011536,0.5223711340206186,0.007311903343998887,Bottleneck,Maintain Higher Safety Stock
Product_0261,632.8706857804374,390.77,247306.8778824215,C,12.170590111162257,24.408057101153606,SUP_1344,5,51.17,377,1.28,70.0,131.0,Category_001,390.77,5,2545,11.88,521.0,48.83,247306.8778824215,0.49309278350515456,0.00722276549329695,Non-Critical,Automated Replenishment
Product_0315,915.6761320889694,269.7,246957.85282439506,C,26.162175202541984,36.414368106019225,SUP_1433,12,59.75,210,1.28,162.0,476.0,Category_011,269.7,12,4404,10.0,899.0,40.25,246957.85282439506,0.4046391752577319,0.007212571979202255,Non-Critical,Automated Replenishment
Product_1954,637.675992291263,382.47,243891.9367716394,C,5.142548324929541,5.411399950438067,SUP_1592,10,55.07,911,1.28,22.0,74.0,Category_001,382.47,10,1593,3.3,785.0,44.93,243891.9367716394,0.4528865979381443,0.007123029816603296,Non-Critical,Automated Replenishment
Product_2101,1117.6332852193327,216.2,241632.31626441973,C,53.22063262949204,142.76675981445072,SUP_1093,6,38.41,106,1.28,448.0,768.0,Category_009,216.2,6,4297,31.2,555.0,61.59,241632.31626441973,0.624639175257732,0.007057036063549441,Bottleneck,Maintain Higher Safety Stock
Product_1575,467.553534772633,514.57,240589.02238795377,C,467.553534772633,,SUP_1139,4,99.0,110,1.28,0.0,1871.0,Category_019,514.57,4,4951,299.78,125.0,1.0,240589.02238795377,0.0,0.007026565956632766,Non-Critical,Automated Replenishment
Product_0639,984.9163067761604,244.06,240378.6738317897,C,4.66784979514768,9.39819449336803,SUP_1541,2,62.47,296,1.28,18.0,28.0,Category_019,244.06,2,1884,4.02,961.0,37.53,240378.6738317897,0.3765979381443299,0.007020422584050346,Non-Critical,Automated Replenishment
Product_1957,1470.0824518098598,163.21,239932.15695988722,C,35.00196313833,22.025718662782346,SUP_1380,11,78.51,1248,1.28,94.0,480.0,Category_029,163.21,11,4989,8.92,1283.0,21.489999999999995,239932.15695988722,0.2112371134020618,0.007007381755254289,Non-Critical,Automated Replenishment
Product_0504,274.1901562206843,874.62,239812.1944337349,C,11.921311140029752,17.41163084045307,SUP_1614,10,66.47,234,1.28,71.0,191.0,Category_015,874.62,10,2598,10.21,374.0,33.53,239812.1944337349,0.335360824742268,0.007003878168124806,Non-Critical,Automated Replenishment
Product_1123,417.63240637201636,562.78,235035.16565804335,C,18.157930711826797,20.88195980095476,SUP_1495,7,67.43,157,1.28,71.0,199.0,Category_007,562.78,7,5128,9.42,675.0,32.56999999999999,235035.16565804335,0.3254639175257731,0.0068643617951998455,Non-Critical,Automated Replenishment
Product_1049,1049.828216312985,223.47,234605.11149946274,C,55.25411664805184,36.98885217158854,SUP_1197,2,30.19,102,1.28,67.0,178.0,Category_032,223.47,2,2609,57.8,308.0,69.81,234605.11149946274,0.7093814432989691,0.006851801771138074,Bottleneck,Maintain Higher Safety Stock
Product_0210,2298.9751430179754,100.8,231736.69441621192,C,69.66591342478713,87.23203041295073,SUP_1287,10,94.26,66,1.28,354.0,1051.0,Category_007,100.8,10,1347,21.7,535.0,5.739999999999995,231736.69441621192,0.04886597938144325,0.006768027700207715,Non-Critical,Automated Replenishment
Product_1069,613.3057617164534,377.1,231277.6027432746,C,613.3057617164534,,SUP_1056,7,59.99,515,1.28,0.0,4294.0,Category_020,377.1,7,2036,421.93,77.0,40.01,231277.6027432746,0.4021649484536082,0.006754619615798804,Non-Critical,Automated Replenishment
Product_0819,330.2773304895593,698.95,230847.34014567747,C,3.7962911550524057,4.18851372648686,SUP_1640,6,56.28,772,1.28,14.0,37.0,Category_001,698.95,6,4675,3.15,991.0,43.72,230847.34014567747,0.4404123711340206,0.006742053504133853,Non-Critical,Automated Replenishment
Product_0529,344.7334291078553,668.05,230299.1673155027,C,7.334753810805432,8.129407396168093,SUP_1738,9,43.24,354,1.28,32.0,99.0,Category_022,668.05,9,2509,2.04,921.0,56.76,230299.1673155027,0.5748453608247422,0.0067260437439684625,Bottleneck,Maintain Higher Safety Stock
Product_1333,2179.070631458328,105.38,229630.4631430786,C,83.81040890224338,43.95335903126171,SUP_1129,13,73.23,201,1.28,203.0,1293.0,Category_019,105.38,13,4090,58.57,552.0,26.769999999999996,229630.4631430786,0.26567010309278344,0.00670651378401278,Non-Critical,Automated Replenishment
Product_0747,346.6316567123863,661.89,229432.02726136136,C,5.17360681660278,5.716850381196769,SUP_1763,2,69.12,139,1.28,11.0,22.0,Category_001,661.89,2,5406,1.0,1936.0,30.879999999999995,229432.02726136136,0.308041237113402,0.0067007183291860825,Non-Critical,Automated Replenishment
Product_0281,848.2450410724579,269.91,228949.8190358671,C,28.274834702415262,44.64117675721422,SUP_1386,13,71.55,888,1.28,207.0,575.0,Category_021,269.91,13,3324,15.47,604.0,28.450000000000003,228949.8190358671,0.2829896907216495,0.006686635110144598,Non-Critical,Automated Replenishment
Product_0289,1291.596988558426,176.38,227811.87684193515,C,18.994073361153323,34.94589177540603,SUP_1381,11,55.27,146,1.28,149.0,358.0,Category_024,176.38,11,4916,10.12,1121.0,44.73,227811.87684193515,0.4508247422680412,0.006653400734772288,Non-Critical,Automated Replenishment
Product_1321,902.8787834989719,251.49,227064.98526215644,C,100.3198648332191,50.009207368281416,SUP_1331,12,57.99,551,1.28,222.0,1426.0,Category_019,251.49,12,4543,27.64,545.0,42.01,227064.98526215644,0.42278350515463914,0.006631587258431268,Non-Critical,Automated Replenishment
Product_0430,825.0200657954143,274.13,226162.75063649693,C,39.286669799781635,109.11022537981145,SUP_1264,8,49.23,79,1.28,396.0,711.0,Category_005,274.13,8,3517,29.12,447.0,50.77,226162.75063649693,0.5130927835051547,0.006605236882829626,Bottleneck,Maintain Higher Safety Stock
Product_0967,322.4165801636505,699.99,225688.38194875373,C,18.96568118609709,21.993353249426363,SUP_1536,4,21.29,46,1.28,57.0,133.0,Category_006,699.99,4,2247,10.28,376.0,78.71000000000001,225688.38194875373,0.8011340206185568,0.006591382622817653,Bottleneck,Maintain Higher Safety Stock
Product_2129,556.9365787780621,400.69,223158.9177505817,C,79.562368396866,108.94555593988666,SUP_1187,3,68.18,184,1.28,242.0,481.0,Category_009,400.69,3,1143,107.91,109.0,31.819999999999993,223158.9177505817,0.3177319587628865,0.006517507901323765,Non-Critical,Automated Replenishment
Product_1323,1046.1545004247862,210.87,220602.59950457467,C,80.47342310959894,38.25142067214115,SUP_1210,13,60.67,290,1.28,177.0,1224.0,Category_019,210.87,13,2412,45.77,333.0,39.33,220602.59950457467,0.39515463917525767,0.006442848889106874,Non-Critical,Automated Replenishment
Product_0298,493.93443760225716,443.93,219272.31488477002,C,23.52068750486939,34.82684875031273,SUP_1315,2,48.76,101,1.28,64.0,112.0,Category_015,443.93,2,4967,40.21,350.0,51.24,219272.31488477002,0.5179381443298969,0.0064039970224282735,Bottleneck,Maintain Higher Safety Stock
Product_0710,431.96271018780465,500.19,216063.428008838,C,26.99766938673779,21.384774031227625,SUP_1474,11,80.71,147,1.28,91.0,388.0,Category_001,500.19,11,4956,19.21,473.0,19.290000000000006,216063.428008838,0.1885567010309279,0.006310279299743689,Non-Critical,Automated Replenishment
Product_0888,1350.0,159.4,215190.0,C,90.0,142.92855358035158,SUP_1008,14,24.08,468,1.28,685.0,1945.0,Category_023,159.4,14,2081,99.92,238.0,75.92,215190.0,0.7723711340206186,0.006284770240969701,Bottleneck,Maintain Higher Safety Stock
Product_0464,1451.36231022688,147.32,213814.69554262396,C,48.378743674229334,83.9020488173984,SUP_1277,2,88.84,713,1.28,152.0,249.0,Category_022,147.32,2,1059,20.88,384.0,11.159999999999997,213814.69554262396,0.10474226804123707,0.006244603539329337,Non-Critical,Automated Replenishment
Product_0119,717.2001811004488,297.92,213668.27795344574,C,13.532078888687714,21.843963621644,SUP_1502,9,71.94,750,1.28,84.0,206.0,Category_008,297.92,9,1654,8.57,527.0,28.060000000000002,213668.27795344574,0.27896907216494843,0.006240327314099439,Non-Critical,Automated Replenishment
Product_1836,307.19405817877384,691.5,212424.69123062212,C,5.585346512341343,7.589067612617103,SUP_1775,3,72.38,325,1.28,17.0,34.0,Category_031,691.5,3,4633,2.06,1176.0,27.620000000000005,212424.69123062212,0.27443298969072166,0.006204007518441337,Non-Critical,Automated Replenishment
Product_0918,439.7904491905537,465.37,204665.281339808,C,48.86560546561708,33.25323171581843,SUP_1525,8,99.0,1050,1.28,121.0,512.0,Category_023,465.37,8,4587,9.93,638.0,1.0,204665.281339808,0.0,0.0059773886775599085,Non-Critical,Automated Replenishment
Product_1057,863.7686531618803,236.47,204255.3734131898,C,43.188432658094015,35.75342407179552,SUP_1340,12,30.9,2414,1.28,159.0,678.0,Category_032,236.47,12,1002,23.54,272.0,69.1,204255.3734131898,0.702061855670103,0.005965417037898458,Bottleneck,Maintain Higher Safety Stock
Product_0303,893.5264459949339,226.3,202205.03472865355,C,35.74105783979736,42.151737483352726,SUP_1449,8,55.89,765,1.28,153.0,439.0,Category_015,226.3,8,5644,7.85,1134.0,44.11,202205.03472865355,0.4444329896907216,0.005905535502750531,Non-Critical,Automated Replenishment
Product_0485,431.69988674944085,467.91,201996.69400893088,C,19.622722124974583,33.138474366809355,SUP_1487,13,58.14,784,1.28,153.0,409.0,Category_013,467.91,13,2357,15.86,359.0,41.86,201996.69400893088,0.4212371134020618,0.005899450770396354,Non-Critical,Automated Replenishment
Product_0234,380.60910154615095,530.6,201951.1892803877,C,95.15227538653774,137.43808332048238,SUP_1372,12,52.06,199,1.28,610.0,1752.0,Category_007,530.6,12,4546,48.72,267.0,47.94,201951.1892803877,0.4839175257731958,0.00589812177386412,Non-Critical,Automated Replenishment
Product_0786,859.5748123825728,233.99,201131.9103493982,C,8.595748123825727,9.357519188405986,SUP_1458,12,54.04,272,1.28,42.0,146.0,Category_001,233.99,12,1194,9.38,468.0,45.96,201131.9103493982,0.46350515463917524,0.0058741941757204505,Non-Critical,Automated Replenishment
Product_1340,1305.111440332257,152.82,199447.1303115755,C,100.39318771786591,40.83659818883491,SUP_1301,9,98.51,85,1.28,157.0,1061.0,Category_019,152.82,9,961,22.9,331.0,1.4899999999999949,199447.1303115755,0.005051546391752525,0.005824989029364728,Non-Critical,Automated Replenishment
Product_0159,239.10997098083718,829.96,198451.71151525562,C,7.970332366027906,17.776473157608986,SUP_1596,2,60.39,162,1.28,33.0,49.0,Category_021,829.96,2,994,8.06,243.0,39.61,198451.71151525562,0.398041237113402,0.005795917146710268,Non-Critical,Automated Replenishment
Product_1908,474.5160518003447,416.34,197560.0130065555,C,2.2488912407599275,6.495099380096942,SUP_1706,7,38.62,58,1.28,22.0,38.0,Category_028,416.34,7,3710,1.66,1457.0,61.38,197560.0130065555,0.6224742268041238,0.005769874485567113,Bottleneck,Maintain Higher Safety Stock
Product_1337,702.325294699081,281.19,197486.8496164346,C,100.33218495701158,0.8788787855293329,SUP_1338,6,61.6,250,1.28,3.0,605.0,Category_019,281.19,6,1356,29.94,253.0,38.4,197486.8496164346,0.3855670103092783,0.005767737699020525,Non-Critical,Automated Replenishment
Product_0491,358.11615280452713,550.59,197175.1725726446,C,10.532828023662562,13.76518915540056,SUP_1664,7,99.0,140,1.28,47.0,121.0,Category_015,550.59,7,4891,3.16,1053.0,1.0,197175.1725726446,0.0,0.00575863495907162,Non-Critical,Automated Replenishment
Product_0955,362.41306024395874,543.99,197149.0806421111,C,8.83934293277948,13.76802678488693,SUP_1608,12,72.53,676,1.28,62.0,169.0,Category_028,543.99,12,4155,6.07,705.0,27.47,197149.0806421111,0.2728865979381443,0.0057578729265025125,Non-Critical,Automated Replenishment
Product_1816,298.14711071835524,660.47,196917.2222161521,C,3.3880353490722186,5.427561491699852,SUP_1822,14,71.03,336,1.28,26.0,74.0,Category_031,660.47,14,2415,1.36,1030.0,28.97,196917.2222161521,0.2883505154639175,0.005751101343549841,Non-Critical,Automated Replenishment
Product_0771,812.9554214007792,241.85,196613.26866577845,C,42.78712744214627,38.028926704587406,SUP_1464,14,84.8,101,1.28,183.0,783.0,Category_001,241.85,14,2320,11.9,564.0,15.200000000000003,196613.26866577845,0.14639175257731962,0.005742224173476765,Non-Critical,Automated Replenishment
Product_0823,204.77063013667765,951.66,194872.01787587066,C,2.8840933822067276,2.169982607555842,SUP_1850,12,53.25,370,1.28,10.0,45.0,Category_028,951.66,12,4781,0.93,1451.0,46.75,194872.01787587066,0.47164948453608246,0.005691369760416318,Non-Critical,Automated Replenishment
Product_0843,1042.7763019020622,186.46,194436.06925265852,C,18.959569125492038,34.745195060456886,SUP_1307,8,47.64,143,1.28,126.0,278.0,Category_021,186.46,8,4980,23.86,660.0,52.36,194436.06925265852,0.5294845360824743,0.005678637584507794,Bottleneck,Maintain Higher Safety Stock
Product_0810,325.0,594.8,193309.99999999997,C,32.5,12.0761472884912,SUP_1601,12,70.59,887,1.28,54.0,444.0,Category_001,594.8,12,2266,11.25,362.0,29.409999999999997,193309.99999999997,0.29288659793814426,0.0056457499664568644,Non-Critical,Automated Replenishment
Product_0761,855.7617223851047,225.87,193290.9002351236,C,25.932173405609234,19.891804301578812,SUP_1362,4,80.81,49,1.28,51.0,155.0,Category_001,225.87,4,5230,18.19,702.0,19.189999999999998,193290.9002351236,0.18752577319587627,0.005645192144839203,Non-Critical,Automated Replenishment
Product_0840,907.0,212.6,192828.19999999998,C,22.675,37.25338566613434,SUP_1459,10,93.58,285,1.28,151.0,378.0,Category_021,212.6,10,2820,7.05,852.0,6.420000000000002,192828.19999999998,0.055876288659793834,0.005631678669918461,Non-Critical,Automated Replenishment
Product_0496,277.747107509935,692.59,192364.8691903059,C,8.169032573821617,19.32523205870303,SUP_1551,2,50.35,262,1.28,35.0,52.0,Category_015,692.59,2,2273,9.14,372.0,49.65,192364.8691903059,0.5015463917525773,0.005618146778638709,Bottleneck,Maintain Higher Safety Stock
Product_1777,742.7480247656898,253.78,188494.59372503677,C,12.176197127306391,28.582549320476243,SUP_1514,9,99.0,88,1.28,110.0,220.0,Category_010,253.78,9,5203,7.95,987.0,1.0,188494.59372503677,0.0,0.005505112752575795,Non-Critical,Automated Replenishment
Product_0172,651.3592346279548,288.76,188086.49259116824,C,5.868101212864458,6.4094754518381105,SUP_1642,5,55.09,838,1.28,19.0,49.0,Category_007,288.76,5,1212,2.53,790.0,44.91,188086.49259116824,0.45268041237113393,0.005493193881524896,Non-Critical,Automated Replenishment
Product_0114,311.67211540708894,600.1,187034.4364557941,C,51.945352567848154,2.486996596871241,SUP_1456,3,76.73,181,1.28,6.0,162.0,Category_006,600.1,3,1486,38.83,155.0,23.269999999999996,187034.4364557941,0.22958762886597933,0.005462467866880028,Non-Critical,Automated Replenishment
Product_0533,813.9450805186358,229.47,186775.97762661136,C,13.343361975715341,32.36006648698848,SUP_1413,14,42.74,75,1.28,155.0,342.0,Category_022,229.47,14,836,13.44,319.0,57.26,186775.97762661136,0.58,0.00545491940106766,Bottleneck,Maintain Higher Safety Stock
Product_0544,216.78154635515108,857.54,185898.84726139624,C,6.375927833975032,7.94753108597658,SUP_1687,5,77.47,1696,1.28,23.0,55.0,Category_015,857.54,5,2694,4.62,503.0,22.53,185898.84726139624,0.22195876288659797,0.005429302212458733,Non-Critical,Automated Replenishment
Product_0848,553.0586183469917,332.75,184030.2552549615,C,21.271485321038142,28.60656127861487,SUP_1518,14,90.24,259,1.28,138.0,436.0,Category_021,332.75,14,3242,11.16,567.0,9.760000000000005,184030.2552549615,0.09030927835051551,0.005374728712600214,Non-Critical,Automated Replenishment
Product_2069,690.0,266.46,183857.4,C,30.0,45.47926600511091,SUP_1430,2,41.69,228,1.28,83.0,143.0,Category_009,266.46,2,4437,16.87,603.0,58.31,183857.4,0.5908247422680413,0.005369680357368198,Bottleneck,Maintain Higher Safety Stock
Product_0481,623.6017270941079,294.07,183382.5598865643,C,24.944069083764315,46.45995418785645,SUP_1521,11,72.77,108,1.28,198.0,473.0,Category_022,294.07,11,3458,7.17,776.0,27.230000000000004,183382.5598865643,0.2704123711340206,0.0053558123290483916,Non-Critical,Automated Replenishment
Product_2124,506.2098820100388,360.19,182331.7374011959,C,14.061385611389968,14.740063394743117,SUP_1567,4,59.96,602,1.28,38.0,95.0,Category_009,360.19,4,1852,6.23,549.0,40.04,182331.7374011959,0.4024742268041237,0.005325122343990604,Non-Critical,Automated Replenishment
Product_1331,800.0,227.1,181680.0,C,88.88888888888889,54.64532103585001,SUP_1309,10,78.65,50,1.28,222.0,1111.0,Category_019,227.1,10,4962,31.66,501.0,21.349999999999994,181680.0,0.20979381443298964,0.005306087910123032,Non-Critical,Automated Replenishment
Product_0222,2092.249015508243,86.81,181628.13703627055,C,40.23555799054313,53.322822161093406,SUP_1205,9,57.25,173,1.28,205.0,568.0,Category_007,86.81,9,4121,21.88,888.0,42.75,181628.13703627055,0.4304123711340206,0.005304573217009712,Non-Critical,Automated Replenishment
Product_0818,409.0422857215268,443.68,181483.881328927,C,4.398304147543299,4.58778475157304,SUP_1742,4,82.51,159,1.28,12.0,30.0,Category_001,443.68,4,4587,1.74,1469.0,17.489999999999995,181483.881328927,0.16999999999999996,0.005300360131008491,Non-Critical,Automated Replenishment
Product_0169,353.1721211090807,507.91,179379.6520325132,C,11.392649068034862,9.691103954070151,SUP_1569,7,63.5,383,1.28,33.0,113.0,Category_021,507.91,7,1023,4.71,392.0,36.5,179379.6520325132,0.36597938144329895,0.005238904683904639,Non-Critical,Automated Replenishment
Product_0124,369.42204692583215,484.95,179151.2216566823,C,11.544438966432255,22.803352370430343,SUP_1570,5,93.44,697,1.28,66.0,124.0,Category_021,484.95,5,2056,6.42,487.0,6.560000000000002,179151.2216566823,0.057319587628866,0.005232233219486423,Non-Critical,Automated Replenishment
Product_1317,702.4743488312397,253.25,177901.62884151144,C,100.35347840446282,0.9352159520405189,SUP_1291,3,42.4,512,1.28,3.0,305.0,Category_019,253.25,3,5369,49.96,389.0,57.6,177901.62884151144,0.5835051546391753,0.005195738011818245,Bottleneck,Maintain Higher Safety Stock
Product_1926,173.19158454632094,1022.47,177083.19945107677,C,2.309221127284279,2.4309348546886,SUP_1790,2,66.5,439,1.28,5.0,10.0,Category_001,1022.47,2,5104,3.0,768.0,33.5,177083.19945107677,0.33505154639175255,0.005171835225084016,Non-Critical,Automated Replenishment
Product_1674,319.1897722290251,554.77,177076.90993949625,C,2.7516359674915956,2.1125152152061277,SUP_1749,6,84.13,197,1.28,7.0,24.0,Category_026,554.77,6,3227,1.66,1114.0,15.870000000000005,177076.90993949625,0.153298969072165,0.005171651535622556,Non-Critical,Automated Replenishment
Product_0133,361.81242690265327,486.98,176195.4156530541,C,12.921872389380473,22.96651602205983,SUP_1573,4,74.94,342,1.28,59.0,111.0,Category_021,486.98,4,3727,8.44,566.0,25.060000000000002,176195.4156530541,0.24804123711340206,0.005145906895727504,Non-Critical,Automated Replenishment
Product_0970,390.6071854334917,449.8,175695.11200798457,C,35.50974413031742,35.74714296083428,SUP_1383,3,39.95,1750,1.28,80.0,187.0,Category_028,449.8,3,2824,27.89,282.0,60.05,175695.11200798457,0.6087628865979381,0.005131295187655652,Bottleneck,Maintain Higher Safety Stock
Product_1182,457.7666400924302,382.46,175077.42916975083,C,152.58888003081006,6.632147197322443,SUP_1160,5,33.07,205,1.28,19.0,782.0,Category_030,382.46,5,1381,146.2,93.0,66.93,175077.42916975083,0.6796907216494846,0.005113255340450443,Bottleneck,Maintain Higher Safety Stock
Product_0602,447.4471165656978,390.61,174777.31820172723,C,27.965444785356112,23.313283258134614,SUP_1527,14,79.5,126,1.28,112.0,504.0,Category_001,390.61,14,5042,9.35,695.0,20.5,174777.31820172723,0.20103092783505155,0.005104490395607172,Non-Critical,Automated Replenishment
Product_2078,932.7119133449098,187.0,174417.12779549815,C,46.63559566724549,78.29513260653458,SUP_1395,10,30.54,585,1.28,317.0,784.0,Category_009,187.0,10,5557,12.36,916.0,69.46000000000001,174417.12779549815,0.7057731958762887,0.005093970789927766,Bottleneck,Maintain Higher Safety Stock
Product_0317,1823.3194410179385,95.49,174108.77342280294,C,40.51820980039864,63.20826938123026,SUP_1284,13,84.45,83,1.28,292.0,819.0,Category_011,95.49,13,1215,15.62,533.0,15.549999999999997,174108.77342280294,0.14999999999999997,0.005084965090847011,Non-Critical,Automated Replenishment
Product_0452,334.48382523706215,519.66,173817.8646226917,C,14.54277501030705,16.92984468465521,SUP_1397,2,50.86,144,1.28,31.0,61.0,Category_015,519.66,2,1198,26.11,176.0,49.14,173817.8646226917,0.49628865979381437,0.005076468901573461,Non-Critical,Automated Replenishment
Product_0369,295.31173202605595,586.13,173091.0654924322,C,36.913966503256994,28.785494777920828,SUP_1447,14,43.6,539,1.28,138.0,655.0,Category_030,586.13,14,4325,32.99,279.0,56.4,173091.0654924322,0.5711340206185567,0.005055242238879945,Bottleneck,Maintain Higher Safety Stock
Product_1684,121.14463876342342,1421.29,172181.66362806608,C,3.671049659497679,5.478304730977468,SUP_1793,14,75.51,474,1.28,27.0,79.0,Category_021,1421.29,14,1219,2.55,341.0,24.489999999999995,172181.66362806608,0.24216494845360823,0.005028682539199428,Non-Critical,Automated Replenishment
Product_0737,300.32140482471624,572.72,172000.0749712115,C,7.700548841659391,5.553587003695907,SUP_1732,13,62.99,809,1.28,26.0,127.0,Category_001,572.72,13,3879,2.06,1064.0,37.01,172000.0749712115,0.37123711340206184,0.005023379119027963,Non-Critical,Automated Replenishment
Product_1138,1781.1669358958984,96.17,171294.82422510855,C,55.661466746746825,50.28543062107632,SUP_1137,8,77.7,655,1.28,183.0,629.0,Category_009,96.17,8,1573,36.04,395.0,22.299999999999997,171294.82422510855,0.21958762886597935,0.0050027817915428135,Non-Critical,Automated Replenishment
Product_2104,465.80056067826644,367.18,171032.64986984586,C,23.290028033913323,34.88520995180357,SUP_1600,9,99.0,185,1.28,134.0,344.0,Category_009,367.18,9,1332,5.87,460.0,1.0,171032.64986984586,0.0,0.004995124811265382,Non-Critical,Automated Replenishment
Product_0058,263.99532606407803,645.63,170443.3023667507,C,1.6814988921278855,5.292718420480904,SUP_1821,14,57.52,397,1.28,26.0,50.0,Category_019,645.63,14,3530,0.8,1527.0,42.48,170443.3023667507,0.4276288659793814,0.0049779125167858885,Non-Critical,Automated Replenishment
Product_0493,253.48947086815986,672.23,170403.2270017031,C,5.069789417363197,6.7341507209180325,SUP_1650,9,77.34,346,1.28,26.0,72.0,Category_015,672.23,9,1097,4.18,365.0,22.659999999999997,170403.2270017031,0.22329896907216493,0.004976742088505545,Non-Critical,Automated Replenishment
Product_0622,546.5311079147394,311.29,170129.66858277924,C,16.074444350433513,21.39757515836611,SUP_1429,4,47.64,129,1.28,55.0,120.0,Category_001,311.29,4,2274,12.54,446.0,52.36,170129.66858277924,0.5294845360824743,0.004968752628909749,Bottleneck,Maintain Higher Safety Stock
Product_0523,306.0,554.65,169722.9,C,102.0,73.72923436466705,SUP_1445,2,99.0,391,1.28,134.0,338.0,Category_022,554.65,2,2089,30.17,206.0,1.0,169722.9,0.0,0.00495687267591931,Non-Critical,Automated Replenishment
Product_0785,634.9327505700232,265.41,168517.5013287899,C,8.037123424937002,15.404295784646331,SUP_1452,8,62.74,340,1.28,56.0,121.0,Category_001,265.41,8,3420,10.1,656.0,37.26,168517.5013287899,0.3738144329896907,0.004921668188269672,Non-Critical,Automated Replenishment
Product_0699,300.0,558.86,167658.0,C,30.0,15.811388300841896,SUP_1532,14,46.75,343,1.28,76.0,496.0,Category_001,558.86,14,3625,14.12,393.0,53.25,167658.0,0.538659793814433,0.004896565867654157,Bottleneck,Maintain Higher Safety Stock
Product_0299,463.24493407870574,361.24,167342.59998659167,C,24.38131231993188,35.561854888987014,SUP_1394,3,78.79,711,1.28,79.0,153.0,Category_015,361.24,3,3661,21.4,399.0,21.209999999999994,167342.59998659167,0.20835051546391747,0.004887354395846592,Non-Critical,Automated Replenishment
Product_0316,1759.379904632056,94.85,166877.1839543505,C,48.87166401755711,70.11066190396689,SUP_1272,8,63.62,285,1.28,254.0,645.0,Category_011,94.85,8,936,25.32,361.0,36.38,166877.1839543505,0.3647422680412371,0.004873761604224772,Non-Critical,Automated Replenishment
Product_1764,384.89422736777226,433.51,166855.49650620294,C,7.546945634662201,7.911091787343806,SUP_1654,3,80.98,100,1.28,18.0,41.0,Category_001,433.51,3,1736,3.24,643.0,19.019999999999996,166855.49650620294,0.18577319587628863,0.00487312820755801,Non-Critical,Automated Replenishment
Product_0505,1379.5179401120236,119.66,165073.11671380475,C,10.450893485697149,18.24158004789082,SUP_1493,11,48.29,93,1.28,78.0,193.0,Category_015,119.66,11,1601,4.33,1011.0,51.71,165073.11671380475,0.5227835051546392,0.004821072594019416,Bottleneck,Maintain Higher Safety Stock
Product_1336,800.0,204.34,163472.0,C,114.28571428571429,37.79644730092272,SUP_1253,9,63.47,73,1.28,146.0,1175.0,Category_019,204.34,9,4064,51.44,356.0,36.53,163472.0,0.3662886597938144,0.004774310891917835,Non-Critical,Automated Replenishment
Product_1595,703.3712928033922,231.31,162696.81373835265,C,100.48161325762746,77.36914364556124,SUP_1029,3,65.91,90,1.28,172.0,474.0,Category_030,231.31,3,5253,229.78,180.0,34.09,162696.81373835265,0.3411340206185567,0.004751671050157485,Non-Critical,Automated Replenishment
Product_2077,569.7683949034631,285.25,162526.43464621285,C,23.740349787644295,30.81030598500578,SUP_1534,10,67.78,340,1.28,125.0,363.0,Category_009,285.25,10,1341,7.1,464.0,32.22,162526.43464621285,0.32185567010309274,0.004746695012944028,Non-Critical,Automated Replenishment
Product_0216,308.0,526.79,162251.31999999998,C,16.210526315789473,20.681658399462233,SUP_1523,9,31.07,120,1.28,80.0,226.0,Category_007,526.79,9,2233,14.35,310.0,68.93,162251.31999999998,0.7003092783505156,0.004738660102672298,Bottleneck,Maintain Higher Safety Stock
Product_0793,505.56678111265853,319.98,161771.25862042847,C,9.362347798382565,8.361888819990297,SUP_1659,10,77.61,201,1.28,34.0,128.0,Category_001,319.98,10,5023,2.62,1393.0,22.39,161771.25862042847,0.22051546391752577,0.004724639583725461,Non-Critical,Automated Replenishment
Product_0247,635.8082998697483,253.41,161120.18126999293,C,52.984024989145695,68.13806488163587,SUP_1327,8,76.02,335,1.28,247.0,671.0,Category_007,253.41,8,5281,53.41,355.0,23.980000000000004,161120.18126999293,0.23690721649484542,0.004705624427089062,Non-Critical,Automated Replenishment
Product_1334,942.2765941156447,170.47,160629.89099889394,C,67.30547100826034,41.66237512472351,SUP_1241,9,99.0,66,1.28,160.0,766.0,Category_019,170.47,9,4796,35.14,508.0,1.0,160629.89099889394,0.0,0.004691305166411337,Non-Critical,Automated Replenishment
Product_0782,302.46955922321257,529.89,160275.5947367881,C,5.930775671043384,5.4446010429400005,SUP_1619,10,68.39,372,1.28,23.0,83.0,Category_001,529.89,10,3513,4.08,722.0,31.61,160275.5947367881,0.3155670103092783,0.004680957703218021,Non-Critical,Automated Replenishment
Product_0342,588.9003747680548,268.51,158125.63962897038,C,8.412862496686497,21.84532593655385,SUP_1588,11,71.02,220,1.28,93.0,186.0,Category_021,268.51,11,4293,4.4,1072.0,28.980000000000004,158125.63962897038,0.2884536082474227,0.004618166802706688,Non-Critical,Automated Replenishment
Product_0789,231.9733482058994,681.07,157990.08826259192,C,7.999080972617221,7.603847229756731,SUP_1672,12,83.59,834,1.28,34.0,130.0,Category_001,681.07,12,1759,4.39,432.0,16.409999999999997,157990.08826259192,0.15886597938144326,0.004614207932900758,Non-Critical,Automated Replenishment
Product_0643,348.29811954765927,449.04,156399.78760168093,C,1.7414905977382964,6.0881202820001,SUP_1747,13,35.88,101,1.28,29.0,52.0,Category_028,449.04,13,3858,1.8,1222.0,64.12,156399.78760168093,0.6507216494845361,0.004567762120976934,Bottleneck,Maintain Higher Safety Stock
Product_1044,1624.9122632071235,96.16,156251.563229997,C,95.58307430630138,66.09861185903594,SUP_1110,7,19.12,837,1.28,224.0,894.0,Category_007,96.16,7,1270,57.81,268.0,80.88,156251.563229997,0.8235051546391753,0.004563433127435665,Bottleneck,Maintain Higher Safety Stock
Product_0291,859.6798672304742,181.66,156169.44468108795,C,40.937136534784486,75.11419099287183,SUP_1375,14,36.8,1078,1.28,360.0,934.0,Category_024,181.66,14,2499,18.65,480.0,63.2,156169.44468108795,0.6412371134020619,0.004561034799388752,Bottleneck,Maintain Higher Safety Stock
Product_0454,600.6754343535574,258.2,155094.3971500885,C,9.241160528516268,15.145909595421928,SUP_1475,4,10.63,219,1.28,39.0,76.0,Category_015,258.2,4,3286,6.12,804.0,89.37,155094.3971500885,0.9110309278350516,0.004529637305404583,Bottleneck,Maintain Higher Safety Stock
Product_0621,710.1511828114163,215.2,152824.5345410168,C,2.852012782375166,9.268735281959632,SUP_1655,3,58.04,83,1.28,21.0,30.0,Category_001,215.2,3,3734,1.8,1717.0,41.96,152824.5345410168,0.42226804123711337,0.00446334442480333,Non-Critical,Automated Replenishment
Product_1779,1049.3448087341417,145.32,152490.78760524545,C,47.69749130609735,106.93488059900386,SUP_1359,4,69.04,1018,1.28,274.0,465.0,Category_010,145.32,4,2769,13.47,657.0,30.959999999999994,152490.78760524545,0.3088659793814432,0.004453597118655504,Non-Critical,Automated Replenishment
Product_0730,765.6980780101474,199.12,152465.80129338056,C,36.46181323857844,24.354253464411073,SUP_1481,2,92.2,1588,1.28,45.0,118.0,Category_001,199.12,2,4064,11.71,730.0,7.799999999999997,152465.80129338056,0.07010309278350511,0.004452867376431237,Non-Critical,Automated Replenishment
Product_0746,624.0789290418852,243.84,152175.4060575733,C,34.67105161343807,20.671006952035047,SUP_1467,6,85.86,632,1.28,65.0,274.0,Category_001,243.84,6,3610,13.13,586.0,14.14,152175.4060575733,0.13546391752577322,0.0044443861861523165,Non-Critical,Automated Replenishment
Product_0798,245.21509193970343,615.85,151015.71437106637,C,6.811530331658428,16.928783401789325,SUP_1702,10,69.83,195,1.28,69.0,138.0,Category_001,615.85,10,3740,3.32,744.0,30.17,151015.71437106637,0.30072164948453606,0.004410516602063564,Non-Critical,Automated Replenishment
Product_0803,140.37847867915815,1059.87,148782.93819767932,C,3.5994481712604656,2.5127418621975885,SUP_1891,13,62.06,152,1.28,12.0,59.0,Category_001,1059.87,13,4762,1.37,988.0,37.94,148782.93819767932,0.3808247422680412,0.004345306856028668,Non-Critical,Automated Replenishment
Product_0460,403.66188829011287,363.3,146650.364015798,C,9.387485774188672,17.983579295905997,SUP_1629,5,87.84,384,1.28,52.0,99.0,Category_015,363.3,5,3089,3.74,817.0,12.159999999999997,146650.364015798,0.11505154639175254,0.0042830235772752506,Non-Critical,Automated Replenishment
Product_0708,694.0222068347683,211.14,146535.84875109297,C,33.04867651594135,32.05134886893498,SUP_1311,4,49.41,884,1.28,83.0,216.0,Category_001,211.14,4,3897,24.08,474.0,50.59,146535.84875109297,0.5112371134020619,0.004279679081119505,Bottleneck,Maintain Higher Safety Stock
Product_0134,177.0,824.51,145938.27,C,13.615384615384615,24.14379996858566,SUP_1515,3,76.37,210,1.28,54.0,95.0,Category_021,824.51,3,4508,14.68,330.0,23.629999999999995,145938.27,0.2332989690721649,0.004262226387446448,Non-Critical,Automated Replenishment
Product_0703,295.2593501379373,493.97,145849.2611876369,C,5.678064425729564,9.347980382014685,SUP_1699,6,57.75,598,1.28,30.0,65.0,Category_001,493.97,6,3508,2.68,880.0,42.25,145849.2611876369,0.4252577319587629,0.0042596268245712055,Non-Critical,Automated Replenishment
Product_1130,1015.2576497297764,142.95,145131.08102887153,C,101.52576497297764,38.57959553873097,SUP_1088,12,34.55,142,1.28,172.0,1391.0,Category_030,142.95,12,3859,126.15,250.0,65.45,145131.08102887153,0.6644329896907217,0.004238651884799545,Bottleneck,Maintain Higher Safety Stock
Product_0898,337.61387805250234,429.03,144846.48210086508,C,37.512653116944705,69.59706488719416,SUP_0998,6,37.93,327,1.28,219.0,445.0,Category_023,429.03,6,3998,179.43,123.0,62.07,144846.48210086508,0.6295876288659794,0.004230339979630407,Bottleneck,Maintain Higher Safety Stock
Product_2092,426.9163227406532,338.7,144596.55851225922,C,17.78818011419388,16.705349010496057,SUP_1574,11,70.88,87,1.28,71.0,267.0,Category_009,338.7,11,5489,4.53,1018.0,29.120000000000005,144596.55851225922,0.28989690721649486,0.004223040791321533,Non-Critical,Automated Replenishment
Product_1658,402.1166535375046,355.48,142944.42799951215,C,9.574206036607253,15.073809955034998,SUP_1548,9,28.56,611,1.28,58.0,145.0,Category_026,355.48,9,4189,6.02,749.0,71.44,142944.42799951215,0.7261855670103092,0.004174789196541522,Bottleneck,Maintain Higher Safety Stock
Product_2131,230.198773368908,619.04,142502.2486662888,C,3.3852760789545293,5.444025017120575,SUP_1544,4,67.81,412,1.28,14.0,28.0,Category_009,619.04,4,2155,6.99,377.0,32.19,142502.2486662888,0.32154639175257727,0.004161875048511344,Non-Critical,Automated Replenishment
Product_0805,142.4681813345787,991.06,141194.51579344756,C,2.9075139047873204,2.15455287234536,SUP_1871,5,71.13,414,1.28,7.0,22.0,Category_001,991.06,5,1530,1.27,586.0,28.870000000000005,141194.51579344756,0.287319587628866,0.0041236818209339915,Non-Critical,Automated Replenishment
Product_0502,385.916909992742,365.31,140979.30638944858,C,5.145558799903227,11.162979054898084,SUP_1673,10,69.1,394,1.28,46.0,98.0,Category_015,365.31,10,1370,2.95,599.0,30.900000000000006,140979.30638944858,0.3082474226804124,0.00411739648398604,Non-Critical,Automated Replenishment
Product_1794,173.95452493913933,810.18,140934.4770151919,C,1.8505800525440355,1.933383818964709,SUP_1838,9,55.76,332,1.28,8.0,25.0,Category_024,810.18,9,4235,0.92,1266.0,44.24,140934.4770151919,0.44577319587628866,0.004116087211634864,Non-Critical,Automated Replenishment
Product_0815,586.9775103773118,238.97,140270.0156548662,C,5.869775103773118,7.725044181059684,SUP_1546,13,82.06,288,1.28,36.0,113.0,Category_001,238.97,13,5064,7.59,886.0,17.939999999999998,140270.0156548662,0.17463917525773195,0.004096681165890874,Non-Critical,Automated Replenishment
Product_0696,306.76392837337164,456.41,140010.12454889057,C,30.676392837337165,15.71812955582175,SUP_1565,5,77.58,499,1.28,45.0,199.0,Category_001,456.41,5,5213,15.19,459.0,22.42,140010.12454889057,0.22082474226804125,0.004089090869461075,Non-Critical,Automated Replenishment
Product_0678,549.8704758526384,254.26,139810.06719029183,C,42.297728911741416,59.19721267707756,SUP_1249,9,39.2,326,1.28,228.0,609.0,Category_011,254.26,9,3979,57.75,276.0,60.8,139810.06719029183,0.6164948453608248,0.004083248058299737,Bottleneck,Maintain Higher Safety Stock
Product_0760,497.4155416506914,280.22,139385.78308135676,C,35.52968154647796,22.911202374541553,SUP_1468,14,80.43,120,1.28,110.0,608.0,Category_001,280.22,14,2070,14.17,382.0,19.569999999999993,139385.78308135676,0.1914432989690721,0.004070856552460472,Non-Critical,Automated Replenishment
Product_0628,617.4472176416745,223.5,137999.45314291425,C,4.749593981859034,7.063912459844322,SUP_1604,13,61.1,352,1.28,33.0,95.0,Category_001,223.5,13,5499,4.38,1246.0,38.9,137999.45314291425,0.390721649484536,0.004030367844150193,Non-Critical,Automated Replenishment
Product_0764,257.950028117435,527.83,136153.76334122574,C,4.776852372545092,5.239377926020987,SUP_1611,2,72.17,952,1.28,10.0,20.0,Category_001,527.83,2,4163,3.85,747.0,27.83,136153.76334122574,0.27659793814432987,0.003976463218750718,Non-Critical,Automated Replenishment
Product_0679,620.0,209.22,129716.4,C,68.88888888888889,47.02245326555295,SUP_1244,6,94.34,451,1.28,148.0,562.0,Category_011,209.22,6,4343,61.04,298.0,5.659999999999997,129716.4,0.048041237113402024,0.003788455646106799,Non-Critical,Automated Replenishment
Product_1056,752.2380995247383,171.96,129354.86359427401,C,34.1926408874881,26.192949910693645,SUP_1455,8,30.4,46,1.28,95.0,369.0,Category_032,171.96,8,4366,18.21,601.0,69.6,129354.86359427401,0.7072164948453608,0.0037778967295970457,Bottleneck,Maintain Higher Safety Stock
Product_1727,331.2147162970549,390.52,129345.97100832587,C,12.739027549886726,15.656966023654487,SUP_1401,4,28.91,23,1.28,41.0,92.0,Category_003,390.52,4,1023,25.36,164.0,71.09,129345.97100832587,0.7225773195876289,0.003777637015579052,Bottleneck,Maintain Higher Safety Stock
Product_0688,610.0,211.84,129222.40000000001,C,46.92307692307692,72.27085804857255,SUP_1235,10,43.21,955,1.28,293.0,763.0,Category_011,211.84,10,2072,33.41,276.0,56.79,129222.40000000001,0.5751546391752578,0.0037740280402745628,Bottleneck,Maintain Higher Safety Stock
Product_0680,462.6683664041355,278.28,128751.35300294281,C,46.26683664041355,48.83959583572549,SUP_1194,10,77.09,1306,1.28,198.0,661.0,Category_011,278.28,10,3213,64.88,215.0,22.909999999999997,128751.35300294281,0.22587628865979378,0.0037602707924972345,Non-Critical,Automated Replenishment
Product_0762,706.5900060360359,182.17,128719.50139958465,C,27.17653869369369,16.738106062882178,SUP_1265,7,65.37,137,1.28,57.0,248.0,Category_001,182.17,7,3189,26.73,411.0,34.629999999999995,128719.50139958465,0.346701030927835,0.0037593405447677282,Non-Critical,Automated Replenishment
Product_2134,611.3447148520067,210.45,128657.49524060481,C,33.96359526955593,67.01212036963041,SUP_1498,2,63.78,184,1.28,122.0,190.0,Category_009,210.45,2,3751,16.04,535.0,36.22,128657.49524060481,0.3630927835051546,0.0037575296127415497,Non-Critical,Automated Replenishment
Product_0137,296.32443076272244,433.84,128557.3910420995,C,15.596022671722233,16.057599045321812,SUP_1549,9,77.35,170,1.28,62.0,203.0,Category_021,433.84,9,2359,11.85,344.0,22.650000000000006,128557.3910420995,0.22319587628865986,0.003754606001571131,Non-Critical,Automated Replenishment
Product_0701,400.88986085668205,320.23,128376.9601421353,C,33.4074884047235,26.992095198271077,SUP_1439,9,44.53,440,1.28,104.0,405.0,Category_001,320.23,9,4779,21.44,423.0,55.47,128376.9601421353,0.5615463917525774,0.0037493363944767198,Bottleneck,Maintain Higher Safety Stock
Product_2170,230.25415606604645,556.46,128127.22768451221,C,6.772181060766072,7.16190399872351,SUP_1789,8,81.81,136,1.28,26.0,81.0,Category_024,556.46,8,4608,1.67,1128.0,18.189999999999998,128127.22768451221,0.1772164948453608,0.0037420427882781334,Non-Critical,Automated Replenishment
Product_0657,150.99373138782403,845.79,127708.98807050768,C,5.206680392683587,3.71419887981922,SUP_1784,10,79.81,215,1.28,16.0,69.0,Category_011,845.79,10,4743,2.95,697.0,20.189999999999998,127708.98807050768,0.19783505154639172,0.003729827816022497,Non-Critical,Automated Replenishment
Product_1319,500.0,254.06,127030.0,C,62.5,51.75491695067657,SUP_1323,13,49.54,611,1.28,239.0,1052.0,Category_019,254.06,13,1951,39.79,222.0,50.46,127030.0,0.5098969072164948,0.0037099975078320607,Bottleneck,Maintain Higher Safety Stock
Product_1786,668.8662106758525,189.39,126676.57163989969,C,4.644904240804531,6.268884648183636,SUP_1651,9,99.0,26,1.28,25.0,67.0,Category_018,189.39,9,4415,1.85,1787.0,1.0,126676.57163989969,0.0,0.003699675392306836,Non-Critical,Automated Replenishment
Product_1666,238.19478374029663,530.62,126390.9161482762,C,5.671304374768967,8.197642490614115,SUP_1817,4,55.53,104,1.28,21.0,44.0,Category_026,530.62,4,2017,1.73,746.0,44.47,126390.9161482762,0.44814432989690717,0.0036913326294789866,Non-Critical,Automated Replenishment
Product_0375,1792.6164749011582,70.28,125985.0858560534,C,74.69235312088159,42.778147663463386,SUP_1226,8,99.0,182,1.28,155.0,753.0,Category_030,70.28,8,1727,25.29,495.0,1.0,125985.0858560534,0.0,0.00367948007990212,Non-Critical,Automated Replenishment
Product_0951,1169.0278022699035,107.74,125951.05541655941,C,13.91699764607028,13.371099049522929,SUP_1497,14,21.13,385,1.28,65.0,260.0,Category_018,107.74,14,2167,4.76,1032.0,78.87,125951.05541655941,0.8027835051546393,0.003678486197782045,Bottleneck,Maintain Higher Safety Stock
Product_0535,102.94379212363772,1221.39,125734.51826188988,C,20.588758424727544,24.00958830506216,SUP_1615,3,85.98,375,1.28,54.0,116.0,Category_022,1221.39,3,3900,23.45,186.0,14.019999999999996,125734.51826188988,0.1342268041237113,0.003672162082973126,Non-Critical,Automated Replenishment
Product_1959,312.5855648248945,402.15,125706.28489433131,C,16.451871832889186,13.147444698471933,SUP_1616,7,75.95,766,1.28,45.0,161.0,Category_029,402.15,7,3713,7.53,556.0,24.049999999999997,125706.28489433131,0.23762886597938143,0.0036713375082799036,Non-Critical,Automated Replenishment
Product_2057,431.7820071106332,289.05,124806.58915532852,C,10.280523978824599,12.814584518319625,SUP_1512,12,62.21,433,1.28,57.0,181.0,Category_021,289.05,12,3981,10.39,576.0,37.79,124806.58915532852,0.3792783505154639,0.003645061282589063,Non-Critical,Automated Replenishment
Product_1084,494.0,251.18,124082.92,C,247.0,145.6639969244288,SUP_1295,11,65.66,709,1.28,619.0,3336.0,Category_016,251.18,11,928,96.76,98.0,34.34,124082.92,0.3437113402061856,0.003623926032941234,Non-Critical,Automated Replenishment
Product_0728,972.493729267811,127.1,123603.95298993877,C,26.283614304535433,13.927211793921398,SUP_1463,6,94.8,82,1.28,44.0,202.0,Category_001,127.1,6,818,10.03,399.0,5.200000000000003,123603.95298993877,0.04329896907216498,0.0036099374757999213,Non-Critical,Automated Replenishment
Product_0395,245.23916487225856,503.54,123487.72907977708,C,5.7032363923781055,6.802878892076929,SUP_1681,7,68.57,406,1.28,24.0,64.0,Category_007,503.54,7,5442,3.04,938.0,31.430000000000007,123487.72907977708,0.31371134020618563,0.0036065430774920386,Non-Critical,Automated Replenishment
Product_0817,567.9796446761814,217.28,123410.61719524069,C,4.9822775848787835,6.257758696267004,SUP_1690,14,45.74,380,1.28,30.0,100.0,Category_001,217.28,14,2134,2.04,1091.0,54.26,123410.61719524069,0.5490721649484536,0.0036042909724817713,Bottleneck,Maintain Higher Safety Stock
Product_0878,335.2805726583301,366.84,122994.3252739818,C,27.940047721527506,28.70807976471493,SUP_1462,3,63.61,269,1.28,64.0,148.0,Category_023,366.84,3,3406,20.94,331.0,36.39,122994.3252739818,0.3648453608247422,0.0035921328839168564,Non-Critical,Automated Replenishment
Product_1079,500.412573867658,244.88,122541.03108871209,C,100.0825147735316,106.11478874375005,SUP_1209,6,60.64,425,1.28,333.0,934.0,Category_020,244.88,6,1046,39.2,164.0,39.36,122541.03108871209,0.39546391752577315,0.0035788941190765403,Non-Critical,Automated Replenishment
Product_0267,186.8860537177762,655.65,122531.84112005997,C,3.737721074355524,9.709024147544154,SUP_1881,6,57.61,571,1.28,31.0,54.0,Category_001,655.65,6,3250,1.33,956.0,42.39,122531.84112005997,0.426701030927835,0.003578625719794509,Non-Critical,Automated Replenishment
Product_1752,408.8720138284158,298.87,122199.57877289863,C,4.259083477379331,4.665126903168495,SUP_1646,6,74.22,743,1.28,15.0,41.0,Category_001,298.87,6,2120,3.02,758.0,25.78,122199.57877289863,0.2554639175257732,0.0035689217720662955,Non-Critical,Automated Replenishment
Product_1750,200.84139886046626,608.31,122173.83134081021,C,3.7192851640827085,4.079833661702862,SUP_1764,9,81.62,484,1.28,16.0,50.0,Category_001,608.31,9,4609,2.35,888.0,18.379999999999995,122173.83134081021,0.17917525773195872,0.0035681698008084733,Non-Critical,Automated Replenishment
Product_0775,312.20568776662276,389.31,121544.7963044239,C,4.397263207980602,4.102434430243301,SUP_1813,11,53.42,206,1.28,18.0,67.0,Category_001,389.31,11,3391,0.88,1552.0,46.58,121544.7963044239,0.4698969072164948,0.00354979840493874,Non-Critical,Automated Replenishment
Product_2064,237.3073382021887,504.88,119811.72891152103,C,16.950524157299192,11.180168848186618,SUP_1605,6,55.07,127,1.28,36.0,138.0,Category_009,504.88,6,1754,13.1,253.0,44.93,119811.72891152103,0.4528865979381443,0.003499182993551078,Non-Critical,Automated Replenishment
Product_1892,509.38451871744763,235.05,119730.83112453607,C,10.395602422805053,24.938833893537595,SUP_1530,11,60.61,483,1.28,106.0,221.0,Category_021,235.05,11,1940,5.68,590.0,39.39,119730.83112453607,0.3957731958762886,0.003496820318686059,Non-Critical,Automated Replenishment
Product_0538,467.0410492504534,255.9,119515.80450319103,C,8.981558639431796,12.484622586745186,SUP_1591,3,49.17,37,1.28,28.0,55.0,Category_022,255.9,3,4760,5.23,923.0,50.83,119515.80450319103,0.5137113402061856,0.0034905403200297764,Bottleneck,Maintain Higher Safety Stock
Product_1871,189.8712971233411,628.51,119336.0089549911,C,4.415611561007933,5.841130601607935,SUP_1624,3,40.1,481,1.28,13.0,27.0,Category_001,628.51,3,3233,5.2,486.0,59.9,119336.0089549911,0.6072164948453609,0.003485289268815567,Bottleneck,Maintain Higher Safety Stock
Product_0702,457.23775934846793,258.67,118273.69121066821,C,32.659839953462,26.64721241996156,SUP_1451,10,66.51,396,1.28,108.0,435.0,Category_001,258.67,10,3545,25.04,360.0,33.489999999999995,118273.69121066821,0.3349484536082473,0.0034542635569052805,Non-Critical,Automated Replenishment
Product_0151,240.79810237662744,490.76,118174.07672235368,C,9.631924095065097,21.786672928737786,SUP_1488,6,43.8,620,1.28,69.0,127.0,Category_015,490.76,6,5851,18.36,392.0,56.2,118174.07672235368,0.5690721649484537,0.0034513542480538997,Bottleneck,Maintain Higher Safety Stock
Product_0157,531.0180669860652,222.37,118082.4875556913,C,17.70060223286884,47.10983253651348,SUP_1391,4,67.37,125,1.28,121.0,192.0,Category_021,222.37,4,3342,11.49,556.0,32.629999999999995,118082.4875556913,0.32608247422680403,0.003448679324177163,Non-Critical,Automated Replenishment
Product_0180,430.44602870979685,271.99,117077.01534877766,C,16.55561648883834,42.20348228445799,SUP_1352,6,46.01,457,1.28,133.0,233.0,Category_007,271.99,6,2561,29.92,272.0,53.99,117077.01534877766,0.5462886597938145,0.00341931382483178,Bottleneck,Maintain Higher Safety Stock
Product_0668,327.518766794607,356.03,116606.50654188392,C,9.357679051274486,23.096198642747357,SUP_1625,8,95.03,53,1.28,84.0,159.0,Category_011,356.03,8,3977,6.83,618.0,4.969999999999999,116606.50654188392,0.04092783505154638,0.0034055722952640497,Non-Critical,Automated Replenishment
Product_0733,1313.7693774771833,88.01,115624.84291176691,C,12.512089309306507,18.007185403114224,SUP_1444,6,46.23,121,1.28,57.0,133.0,Category_001,88.01,6,4935,6.09,1460.0,53.77,115624.84291176691,0.5440206185567011,0.003376902141589615,Bottleneck,Maintain Higher Safety Stock
Product_0233,885.0345981567102,130.23,115258.05571794836,C,177.00691963134204,186.97103030491058,SUP_1170,3,60.92,106,1.28,415.0,947.0,Category_007,130.23,3,4024,66.45,328.0,39.08,115258.05571794836,0.3925773195876288,0.0033661898722440148,Non-Critical,Automated Replenishment
Product_2171,267.75298869960915,428.34,114689.31517959057,C,2.5745479682654726,3.958235337528563,SUP_1718,10,72.46,588,1.28,17.0,43.0,Category_007,428.34,10,2866,2.91,727.0,27.540000000000006,114689.31517959057,0.2736082474226805,0.003349579418178751,Non-Critical,Automated Replenishment
Product_0754,432.49836723901086,265.11,114659.64213873417,C,7.723185129268051,11.22385573154701,SUP_1636,12,39.46,129,1.28,50.0,143.0,Category_001,265.11,12,2993,2.9,945.0,60.54,114659.64213873417,0.6138144329896907,0.0033487127968481437,Bottleneck,Maintain Higher Safety Stock
Product_0988,872.9637328557643,129.68,113205.93687673552,C,96.99597031730714,100.4052675361731,SUP_1262,14,71.4,230,1.28,481.0,1839.0,Category_028,129.68,14,1624,34.75,286.0,28.599999999999994,113205.93687673552,0.28453608247422674,0.0033062563464101575,Non-Critical,Automated Replenishment
Product_0365,215.50982534170404,522.81,112670.69178689628,C,2.798828900541611,2.8605479527702897,SUP_1842,13,38.04,523,1.28,14.0,51.0,Category_007,522.81,13,3715,1.08,1218.0,61.96,112670.69178689628,0.6284536082474227,0.0032906241496898324,Bottleneck,Maintain Higher Safety Stock
Product_0173,459.3280725129445,244.65,112374.61294029187,C,15.8388990521705,26.07270833430653,SUP_1520,13,34.31,854,1.28,121.0,327.0,Category_021,244.65,13,1624,10.85,371.0,65.69,112374.61294029187,0.6669072164948454,0.003281976965693736,Bottleneck,Maintain Higher Safety Stock
Product_1627,1341.4392573942685,82.57,110762.63948304474,C,134.14392573942683,115.08855537250713,SUP_1019,14,73.5,178,1.28,552.0,2431.0,Category_019,82.57,14,2546,186.95,192.0,26.5,110762.63948304474,0.2628865979381443,0.003234898185019263,Non-Critical,Automated Replenishment
Product_0966,596.6117414574138,183.54,109502.11902709372,C,19.24554004701335,14.4634134212991,SUP_1545,4,80.09,182,1.28,38.0,115.0,Category_006,183.54,4,4730,5.85,983.0,19.909999999999997,109502.11902709372,0.1949484536082474,0.0031980838281732453,Non-Critical,Automated Replenishment
Product_1024,344.6367078910454,316.95,109232.60456606683,C,9.314505618676902,22.307152153748568,SUP_1581,5,79.52,213,1.28,64.0,111.0,Category_008,316.95,5,4911,8.24,641.0,20.480000000000004,109232.60456606683,0.20082474226804128,0.003190212475117003,Non-Critical,Automated Replenishment
Product_1851,87.32692568162437,1248.62,109038.14594458982,C,2.6462704752007387,3.5648689090572305,SUP_1900,11,27.82,574,1.28,16.0,46.0,Category_001,1248.62,11,1303,1.33,414.0,72.18,109038.14594458982,0.7338144329896908,0.0031845331788794514,Bottleneck,Maintain Higher Safety Stock
Product_1723,547.7831375393241,199.0,109008.8443703255,C,45.648594794943676,85.59639992048132,SUP_1417,8,59.12,440,1.28,310.0,676.0,Category_003,199.0,8,1696,29.79,250.0,40.88,109008.8443703255,0.4111340206185567,0.0031836774064831976,Non-Critical,Automated Replenishment
Product_1327,800.0,136.22,108976.0,C,100.0,0.0,SUP_1261,10,64.65,290,1.28,0.0,1000.0,Category_019,136.22,10,1209,44.9,208.0,35.349999999999994,108976.0,0.3541237113402061,0.0031827181643195044,Non-Critical,Automated Replenishment
Product_1913,466.5381532027417,230.27,107429.74053799533,C,38.878179433561805,55.70121150136647,SUP_1358,7,70.67,371,1.28,189.0,462.0,Category_009,230.27,7,4311,27.11,386.0,29.33,107429.74053799533,0.29206185567010307,0.0031375586055499296,Non-Critical,Automated Replenishment
Product_0972,378.61926457687036,280.26,106111.83509031369,C,37.861926457687034,33.163771886444096,SUP_1328,13,44.47,1169,1.28,154.0,647.0,Category_028,280.26,13,2084,45.62,186.0,55.53,106111.83509031369,0.5621649484536083,0.00309906828100882,Bottleneck,Maintain Higher Safety Stock
Product_0847,504.31918461528187,210.3,106058.32452459379,C,12.931261143981587,18.091075274193052,SUP_1466,2,36.53,335,1.28,33.0,59.0,Category_021,210.3,2,4991,10.62,689.0,63.47,106058.32452459379,0.644020618556701,0.003097505468559292,Bottleneck,Maintain Higher Safety Stock
Product_1688,571.6372101245761,185.13,105827.19671036277,C,4.298024136275008,8.32560192753806,SUP_1669,11,63.27,78,1.28,36.0,84.0,Category_021,185.13,11,2036,1.48,1255.0,36.73,105827.19671036277,0.36835051546391745,0.0030907552236188233,Non-Critical,Automated Replenishment
Product_0842,1878.257655131856,56.34,105821.03629012877,C,42.68767398026945,63.88725942569662,SUP_1324,10,55.86,97,1.28,259.0,686.0,Category_021,56.34,10,3116,11.38,1015.0,44.14,105821.03629012877,0.44474226804123707,0.003090575304357898,Non-Critical,Automated Replenishment
Product_1747,200.0,528.83,105766.00000000001,C,200.0,,SUP_1353,3,97.83,384,1.28,0.0,600.0,Category_030,528.83,3,2437,148.16,82.0,2.1700000000000017,105766.00000000001,0.01206185567010311,0.003088967932089788,Non-Critical,Automated Replenishment
Product_1917,129.80996887296587,814.07,105674.40136041533,C,8.113123054560367,4.963272210894926,SUP_1796,13,76.58,278,1.28,23.0,129.0,Category_009,814.07,13,1060,3.97,264.0,23.42,105674.40136041533,0.23113402061855673,0.0030862927315499157,Non-Critical,Automated Replenishment
Product_2153,515.4661730015315,202.41,104335.50807724,C,64.43327162519144,58.85251465307751,SUP_1278,10,68.04,530,1.28,239.0,884.0,Category_022,202.41,10,5085,65.06,284.0,31.959999999999994,104335.50807724,0.31917525773195865,0.003047189443005213,Non-Critical,Automated Replenishment
Product_0956,237.58957761104898,433.35,102959.44345774809,C,3.1678610348139866,2.9932224334102333,SUP_1805,6,71.1,252,1.28,10.0,30.0,Category_028,433.35,6,2238,1.61,813.0,28.900000000000006,102959.44345774809,0.2876288659793815,0.00300700054031348,Non-Critical,Automated Replenishment
Product_0048,578.2906507683033,176.85,102270.70158837443,C,22.241948106473203,23.366278459883958,SUP_1400,13,40.1,486,1.28,108.0,398.0,Category_005,176.85,13,3757,13.27,573.0,59.9,102270.70158837443,0.6072164948453609,0.002986885365796312,Bottleneck,Maintain Higher Safety Stock
Product_0783,410.5143066482538,248.86,102160.59035248445,C,20.52571533241269,31.23295395820245,SUP_1593,12,53.2,102,1.28,139.0,386.0,Category_001,248.86,12,4497,5.0,860.0,46.8,102160.59035248445,0.4721649484536082,0.0029836694922960668,Non-Critical,Automated Replenishment
Product_1912,270.0,376.9,101763.0,C,270.0,,SUP_1348,4,41.52,87,1.28,0.0,1080.0,Category_009,376.9,4,5518,96.63,176.0,58.48,101763.0,0.5925773195876288,0.0029720575957609538,Bottleneck,Maintain Higher Safety Stock
Product_0913,636.9350118967466,158.96,101247.18949110684,C,42.46233412644977,32.33478641678276,SUP_1440,9,50.07,443,1.28,125.0,508.0,Category_023,158.96,9,5814,14.2,723.0,49.93,101247.18949110684,0.5044329896907217,0.0029569929991892212,Bottleneck,Maintain Higher Safety Stock
Product_1168,92.07533253871235,1090.38,100397.10109356117,C,1.6442023667627204,2.419190766155707,SUP_1934,6,57.52,258,1.28,8.0,18.0,Category_007,1090.38,6,5786,1.36,886.0,42.48,100397.10109356117,0.4276288659793814,0.002932165589629815,Non-Critical,Automated Replenishment
Product_0814,282.8496371917176,353.99,100125.94306949612,C,7.252554799787631,13.82955871398203,SUP_1724,4,26.71,167,1.28,36.0,66.0,Category_001,353.99,4,1530,2.31,613.0,73.28999999999999,100125.94306949612,0.7452577319587629,0.002924246235197712,Bottleneck,Maintain Higher Safety Stock
Product_0960,148.99987710312774,671.92,100115.9974231336,C,2.4426209361168483,1.806767289677514,SUP_1864,6,54.14,227,1.28,6.0,21.0,Category_028,671.92,6,5042,1.21,1115.0,45.86,100115.9974231336,0.4624742268041237,0.002923955765834422,Non-Critical,Automated Replenishment
Product_0820,358.7704495216767,275.02,98669.04902745152,C,4.171749413042752,3.169175369262288,SUP_1756,4,15.64,214,1.28,9.0,26.0,Category_001,275.02,4,1606,1.14,1006.0,84.36,98669.04902745152,0.859381443298969,0.0028816966542706806,Bottleneck,Maintain Higher Safety Stock
Product_1929,61.86395214145931,1581.95,97865.67909018155,C,2.133239729015838,1.438959593666182,SUP_1924,9,21.7,922,1.28,6.0,26.0,Category_001,1581.95,9,3970,1.86,514.0,78.3,97865.67909018155,0.7969072164948453,0.002858233689103879,Bottleneck,Maintain Higher Safety Stock
Product_2063,128.62455934041424,759.19,97650.4792056491,C,9.894196872339556,7.754070113864916,SUP_1609,13,42.88,107,1.28,36.0,165.0,Category_009,759.19,13,5473,5.21,520.0,57.12,97650.4792056491,0.5785567010309278,0.0028519486301784194,Bottleneck,Maintain Higher Safety Stock
Product_0125,199.5819167907981,485.37,96871.07495274967,C,2.935028188099972,3.220086274221033,SUP_1830,10,89.49,369,1.28,14.0,44.0,Category_011,485.37,10,2281,1.11,906.0,10.510000000000005,96871.07495274967,0.09804123711340211,0.002829185599116067,Non-Critical,Automated Replenishment
Product_0875,1250.0,77.13,96412.5,C,113.63636363636364,151.807294111497,SUP_1003,6,70.8,355,1.28,476.0,1158.0,Category_023,77.13,6,2175,104.52,229.0,29.200000000000003,96412.5,0.2907216494845361,0.002815792605871515,Non-Critical,Automated Replenishment
Product_0691,323.07986389993727,296.13,95673.64009668842,C,64.61597277998746,80.16069725575342,SUP_1437,2,75.96,254,1.28,146.0,276.0,Category_001,296.13,2,5578,23.23,394.0,24.040000000000006,95673.64009668842,0.23752577319587637,0.002794213700101831,Non-Critical,Automated Replenishment
Product_1122,490.7002220134932,194.14,95264.54110169956,C,17.525007929053327,18.75689581998154,SUP_1406,7,89.12,242,1.28,64.0,187.0,Category_007,194.14,7,5468,15.71,585.0,10.879999999999995,95264.54110169956,0.10185567010309272,0.0027822656858385443,Non-Critical,Automated Replenishment
Product_0722,186.09605505182213,510.84,95065.30876267281,C,5.317030144337775,5.42811685652109,SUP_1707,13,66.74,217,1.28,26.0,96.0,Category_001,510.84,13,3320,4.9,503.0,33.260000000000005,95065.30876267281,0.3325773195876289,0.0027764469699346726,Non-Critical,Automated Replenishment
Product_1318,1050.0,90.22,94731.0,C,95.45454545454545,47.193990372426946,SUP_1317,9,73.74,747,1.28,182.0,1042.0,Category_019,90.22,9,3733,32.09,495.0,26.260000000000005,94731.0,0.26041237113402066,0.0027666832552502474,Non-Critical,Automated Replenishment
Product_0772,456.7584012965475,206.07,94124.20375517954,C,30.4505600864365,13.951566499980654,SUP_1508,9,70.15,413,1.28,54.0,329.0,Category_001,206.07,9,1005,13.16,265.0,29.849999999999994,94124.20375517954,0.2974226804123711,0.002748961358406622,Non-Critical,Automated Replenishment
Product_2085,534.6376569153514,175.81,93994.64646228793,C,26.73188284576757,28.549180002409226,SUP_1578,9,40.02,288,1.28,110.0,351.0,Category_009,175.81,9,1220,5.79,475.0,59.98,93994.64646228793,0.6080412371134021,0.00274517754959178,Bottleneck,Maintain Higher Safety Stock
Product_0794,605.8573569914497,154.74,93750.36742085693,C,9.771892854700802,10.946106079362464,SUP_1500,14,76.04,133,1.28,53.0,190.0,Category_001,154.74,14,4885,8.1,855.0,23.959999999999994,93750.36742085693,0.23670103092783498,0.002738043214120438,Non-Critical,Automated Replenishment
Product_0343,180.6295408847428,514.58,92948.34914847095,C,45.1573852211857,25.813829025728328,SUP_1547,11,54.69,136,1.28,110.0,607.0,Category_021,514.58,11,5109,24.36,276.0,45.31,92948.34914847095,0.4568041237113402,0.0027146197252454654,Non-Critical,Automated Replenishment
Product_0717,443.5342213355566,208.65,92543.41528166388,C,27.720888833472287,37.494899478619026,SUP_1555,5,58.73,707,1.28,108.0,247.0,Category_001,208.65,5,1598,10.89,361.0,41.27,92543.41528166388,0.41515463917525774,0.0027027933563822755,Non-Critical,Automated Replenishment
Product_0305,170.0,541.78,92102.59999999999,C,11.333333333333334,15.055453054181621,SUP_1618,11,62.74,578,1.28,64.0,189.0,Category_021,541.78,11,1280,11.43,196.0,37.26,92102.59999999999,0.3738144329896907,0.002689919046405204,Non-Critical,Automated Replenishment
Product_2165,440.5670206281109,207.99,91633.5346204408,C,9.790378236180242,13.438085635516865,SUP_1683,10,25.27,334,1.28,55.0,153.0,Category_024,207.99,10,4673,2.7,1235.0,74.73,91633.5346204408,0.7601030927835052,0.0026762196731140533,Bottleneck,Maintain Higher Safety Stock
Product_1802,187.07465676295794,484.79,90691.92285211438,C,2.562666530999424,2.2813829486779107,SUP_1853,12,77.05,512,1.28,11.0,42.0,Category_006,484.79,12,3093,1.14,1008.0,22.950000000000003,90691.92285211438,0.22628865979381446,0.002648719261291363,Non-Critical,Automated Replenishment
Product_2061,150.97324736283417,599.83,90558.28296564883,C,12.581103946902848,6.761670457606207,SUP_1597,10,69.21,85,1.28,28.0,154.0,Category_009,599.83,10,4200,12.0,326.0,30.790000000000006,90558.28296564883,0.3071134020618557,0.0026448162175557563,Non-Critical,Automated Replenishment
Product_0587,60.0,1492.77,89566.2,C,30.0,42.42640687119285,SUP_1442,4,40.28,90,1.28,109.0,229.0,Category_032,1492.77,4,2298,66.7,65.0,59.72,89566.2,0.605360824742268,0.002615841760103817,Bottleneck,Maintain Higher Safety Stock
Product_2067,169.59757747047627,527.63,89484.7698007474,C,9.976328086498604,9.048397052065283,SUP_1649,12,2.0,538,1.28,41.0,161.0,Category_009,527.63,12,1462,7.23,262.0,98.0,89484.7698007474,1.0,0.002613463535776576,Bottleneck,Maintain Higher Safety Stock
Product_1710,339.12466655592925,262.83,89132.13611089488,C,5.559420763211955,6.558943903751055,SUP_1698,6,77.04,242,1.28,21.0,55.0,Category_026,262.83,6,3747,2.34,1043.0,22.959999999999994,89132.13611089488,0.22639175257731953,0.0026031646291361727,Non-Critical,Automated Replenishment
Product_2162,276.45823818158556,320.83,88696.0965557981,C,23.03818651513213,18.16991374483552,SUP_1448,5,81.64,308,1.28,53.0,169.0,Category_022,320.83,5,3694,30.13,261.0,18.36,88696.0965557981,0.17896907216494845,0.0025904297975001397,Non-Critical,Automated Replenishment
Product_1181,120.1594730382631,736.36,88480.62956645542,C,4.62151819377935,5.749910623517891,SUP_1886,6,61.33,286,1.28,19.0,47.0,Category_017,736.36,6,1268,0.88,589.0,38.67,88480.62956645542,0.3883505154639175,0.0025841369375971136,Non-Critical,Automated Replenishment
Product_0346,200.82327033670808,439.11,88183.50623755189,C,3.462470178219105,6.889826176431018,SUP_1606,5,30.73,108,1.28,20.0,38.0,Category_021,439.11,5,3866,5.59,528.0,69.27,88183.50623755189,0.7038144329896907,0.002575459248785409,Bottleneck,Maintain Higher Safety Stock
Product_0634,153.5373327926177,562.89,86424.62925563657,C,9.596083299538606,10.01216044362478,SUP_1626,10,39.17,485,1.28,41.0,137.0,Category_007,562.89,10,1937,10.86,235.0,60.83,86424.62925563657,0.6168041237113402,0.0025240900508047034,Bottleneck,Maintain Higher Safety Stock
Product_1770,198.17970344773084,435.4,86287.44288114201,C,2.2019967049747873,3.722811067762478,SUP_1808,12,40.99,372,1.28,17.0,44.0,Category_001,435.4,12,5022,1.58,1123.0,59.01,86287.44288114201,0.5980412371134021,0.0025200834294752273,Bottleneck,Maintain Higher Safety Stock
Product_0006,982.543973552557,87.63,86100.32840241057,C,122.81799669406962,101.87402569896989,SUP_1051,5,51.85,288,1.28,292.0,907.0,Category_005,87.63,5,4428,181.2,220.0,48.15,86100.32840241057,0.48608247422680406,0.0025146186239192723,Non-Critical,Automated Replenishment
Product_0776,453.7139446380191,188.78,85652.11846876524,C,12.603165128833863,27.735385989958708,SUP_1560,12,91.48,945,1.28,123.0,275.0,Category_001,188.78,12,3587,5.61,762.0,8.519999999999996,85652.11846876524,0.07752577319587624,0.002501528348104034,Non-Critical,Automated Replenishment
Product_0497,138.98250133518547,615.92,85602.10222236744,C,3.1586932121633065,4.560287867773497,SUP_1765,5,89.22,155,1.28,14.0,30.0,Category_015,615.92,5,5275,2.13,830.0,10.780000000000001,85602.10222236744,0.10082474226804124,0.0025000675896258246,Non-Critical,Automated Replenishment
Product_1754,119.8905051280344,710.64,85198.98856418637,C,2.4977188568340503,3.0635308498981155,SUP_1832,5,61.33,656,1.28,9.0,22.0,Category_001,710.64,5,3064,2.33,562.0,38.67,85198.98856418637,0.3883505154639175,0.0024882943811929755,Non-Critical,Automated Replenishment
Product_0490,210.0,400.16,84033.6,C,26.25,16.850180160122072,SUP_1644,14,29.85,132,1.28,81.0,449.0,Category_013,400.16,14,1133,10.37,215.0,70.15,84033.6,0.7128865979381445,0.00245425841591873,Bottleneck,Maintain Higher Safety Stock
Product_1657,153.55510074003826,542.27,83268.32447830054,C,7.312147654287536,6.539771322424225,SUP_1755,14,38.5,201,1.28,32.0,135.0,Category_026,542.27,14,5830,2.95,780.0,61.5,83268.32447830054,0.6237113402061856,0.0024319080240561,Bottleneck,Maintain Higher Safety Stock
Product_2049,563.3883801742123,146.97,82801.19023420398,C,35.21177376088827,50.27144313587321,SUP_1369,2,93.53,175,1.28,92.0,163.0,Category_011,146.97,2,5977,23.82,532.0,6.469999999999999,82801.19023420398,0.05639175257731958,0.0024182650508889642,Non-Critical,Automated Replenishment
Product_0290,375.1343730049201,219.05,82173.18440672776,C,9.618830077049234,12.846641597809608,SUP_1598,9,68.8,263,1.28,50.0,137.0,Category_024,219.05,9,2418,7.34,498.0,31.200000000000003,82173.18440672776,0.311340206185567,0.002399923713765129,Non-Critical,Automated Replenishment
Product_0508,320.5213006760883,254.85,81684.8534773011,C,9.42709707870848,17.35901187768182,SUP_1595,7,63.87,209,1.28,59.0,125.0,Category_015,254.85,7,4323,9.37,544.0,36.13,81684.8534773011,0.36216494845360825,0.0023856616769929477,Non-Critical,Automated Replenishment
Product_1758,136.99512104152572,591.44,81024.39438879998,C,3.2617885962268027,4.492234543077802,SUP_1722,4,43.28,1542,1.28,12.0,26.0,Category_001,591.44,4,3929,5.0,465.0,56.72,81024.39438879998,0.5744329896907217,0.002366372520318428,Bottleneck,Maintain Higher Safety Stock
Product_0748,360.1514751505084,224.8,80962.0516138343,C,7.503155732302258,14.50762844938602,SUP_1559,12,45.3,558,1.28,65.0,156.0,Category_001,224.8,12,3123,8.02,530.0,54.7,80962.0516138343,0.5536082474226804,0.002364551757193544,Bottleneck,Maintain Higher Safety Stock
Product_1144,76.85032163835984,1032.33,79334.89253692802,C,1.670659166051301,1.8577844469554043,SUP_1910,2,61.67,467,1.28,4.0,8.0,Category_007,1032.33,2,5246,1.36,770.0,38.33,79334.89253692802,0.38484536082474224,0.0023170294701734023,Non-Critical,Automated Replenishment
Product_0900,388.6485563275262,203.12,78942.29476124712,C,38.86485563275262,20.559959347596603,SUP_1366,9,67.81,68,1.28,79.0,429.0,Category_023,203.12,9,5429,22.36,435.0,32.19,78942.29476124712,0.32154639175257727,0.0023055633852379024,Non-Critical,Automated Replenishment
Product_0170,147.3694620606923,531.67,78351.92189380828,C,14.73694620606923,7.879459927072218,SUP_1677,14,75.72,130,1.28,38.0,245.0,Category_021,531.67,14,823,8.89,166.0,24.28,78351.92189380828,0.24000000000000002,0.002288321144295686,Non-Critical,Automated Replenishment
Product_0732,500.9245558244467,156.41,78349.6097765017,C,9.822050114204837,19.423467311141962,SUP_1427,3,73.58,294,1.28,44.0,74.0,Category_001,156.41,3,2350,18.68,356.0,26.42,78349.6097765017,0.2620618556701031,0.0022882536173379183,Non-Critical,Automated Replenishment
Product_1844,304.1124394726426,256.86,78114.32120294299,C,6.206376315768217,4.66339437692652,SUP_1685,11,63.2,193,1.28,20.0,89.0,Category_018,256.86,11,2896,3.79,682.0,36.8,78114.32120294299,0.3690721649484536,0.002281381854592707,Non-Critical,Automated Replenishment
Product_1061,166.19814325309935,468.54,77870.47803980717,C,9.776361367829374,10.765711866205624,SUP_1711,11,45.77,35,1.28,46.0,154.0,Category_032,468.54,11,1279,6.47,257.0,54.23,77870.47803980717,0.5487628865979381,0.0022742602492432954,Bottleneck,Maintain Higher Safety Stock
Product_1699,320.14628004234095,243.09,77824.35921549266,C,4.778302687199119,5.928470161185027,SUP_1653,4,31.15,210,1.28,16.0,36.0,Category_026,243.09,4,4158,5.65,687.0,68.85,77824.35921549266,0.6994845360824742,0.0022729133176265827,Bottleneck,Maintain Higher Safety Stock
Product_1645,157.98186882880935,492.55,77813.96949163005,C,2.6330311471468226,2.4227746724068613,SUP_1882,4,82.81,420,1.28,7.0,18.0,Category_024,492.55,4,3807,0.97,1114.0,17.189999999999998,77813.96949163005,0.16690721649484536,0.002272609878678009,Non-Critical,Automated Replenishment
Product_1776,737.4121190966949,104.64,77162.80414227815,C,11.344801832256845,27.673753454672354,SUP_1501,11,41.51,1062,1.28,118.0,243.0,Category_010,104.64,11,5069,5.51,1165.0,58.49,77162.80414227815,0.5926804123711341,0.0022535921519734343,Bottleneck,Maintain Higher Safety Stock
Product_1121,387.0650173346339,198.38,76785.95813884468,C,19.353250866731695,21.10856440107281,SUP_1482,4,73.34,168,1.28,55.0,133.0,Category_007,198.38,4,5231,14.13,536.0,26.659999999999997,76785.95813884468,0.2645360824742267,0.0022425861082548274,Non-Critical,Automated Replenishment
Product_0788,201.35339997803186,381.1,76735.78073162795,C,4.794128570905521,6.121928452566385,SUP_1682,5,76.56,311,1.28,18.0,42.0,Category_001,381.1,5,5419,4.31,712.0,23.439999999999998,76735.78073162795,0.231340206185567,0.00224112064296534,Non-Critical,Automated Replenishment
Product_1907,368.85264260164763,206.72,76249.21827861259,C,52.693234657378234,3.591413478144406,SUP_1412,7,83.66,124,1.28,13.0,382.0,Category_019,206.72,7,3084,30.24,275.0,16.340000000000003,76249.21827861259,0.15814432989690727,0.0022269102557490005,Non-Critical,Automated Replenishment
Product_0307,283.44050889566546,267.85,75919.540307704,C,8.336485555754866,10.067281125085817,SUP_1628,13,49.53,84,1.28,47.0,156.0,Category_024,267.85,13,5414,5.07,779.0,50.47,75919.540307704,0.51,0.0022172817864861646,Bottleneck,Maintain Higher Safety Stock
Product_1875,338.46766195320885,223.94,75796.44821780159,C,3.254496749550085,10.955027786648284,SUP_1761,13,71.15,182,1.28,51.0,94.0,Category_001,223.94,13,2346,1.2,1151.0,28.849999999999994,75796.44821780159,0.2871134020618556,0.002213686798319812,Non-Critical,Automated Replenishment
Product_1692,322.7959518819554,231.37,74685.29938692802,C,3.7102982974937397,7.356790628194792,SUP_1744,13,72.89,222,1.28,34.0,83.0,Category_021,231.37,13,1295,2.1,631.0,27.11,74685.29938692802,0.2691752577319587,0.0021812349413303494,Non-Critical,Automated Replenishment
Product_0758,705.0206350030538,105.02,74041.26708802072,C,33.57241119062161,22.18388595046285,SUP_1377,9,64.43,223,1.28,86.0,389.0,Category_001,105.02,9,1638,26.83,294.0,35.56999999999999,74041.26708802072,0.3563917525773195,0.002162425540213216,Non-Critical,Automated Replenishment
Product_0260,234.08656068382774,316.09,73992.4209665511,C,7.093532141934174,13.08240758398511,SUP_1693,11,58.05,110,1.28,56.0,135.0,Category_001,316.09,11,4537,3.68,760.0,41.95,73992.4209665511,0.42216494845360825,0.002160998956029011,Non-Critical,Automated Replenishment
Product_0867,89.74765395387094,822.54,73821.035283217,C,2.4256122690235387,1.6337012020321349,SUP_1948,12,17.57,202,1.28,8.0,38.0,Category_001,822.54,12,5390,1.01,979.0,82.43,73821.035283217,0.8394845360824743,0.002155993520635422,Bottleneck,Maintain Higher Safety Stock
Product_0524,753.3153139680488,97.99,73817.3676157291,C,26.904118356001742,51.87979532337689,SUP_1349,3,99.0,332,1.28,116.0,197.0,Category_022,97.99,3,4687,23.82,545.0,1.0,73817.3676157291,0.0,0.002155886403913076,Non-Critical,Automated Replenishment
Product_0312,155.81522818163722,473.4,73762.92902118705,C,3.462560626258605,3.76645890692848,SUP_1794,7,41.33,712,1.28,13.0,38.0,Category_024,473.4,7,5709,2.04,934.0,58.67,73762.92902118705,0.5945360824742268,0.0021542964877509026,Bottleneck,Maintain Higher Safety Stock
Product_0698,270.1229122640084,271.35,73297.85224283868,C,33.76536403300105,28.711601899446872,SUP_1579,8,30.12,79,1.28,104.0,375.0,Category_001,271.35,8,1165,12.54,225.0,69.88,73297.85224283868,0.7101030927835051,0.0021407136042696537,Bottleneck,Maintain Higher Safety Stock
Product_1691,230.2850175270715,317.05,73011.86480695802,C,9.211400701082859,20.08991164704255,SUP_1787,3,78.01,683,1.28,45.0,73.0,Category_021,317.05,3,4276,2.2,947.0,21.989999999999995,73011.86480695802,0.21639175257731955,0.0021323611467841106,Non-Critical,Automated Replenishment
Product_0731,408.1204798424965,178.1,72686.25745994863,C,5.441606397899953,6.209235297075229,SUP_1652,12,72.14,107,1.28,28.0,94.0,Category_001,178.1,12,4466,3.23,1063.0,27.86,72686.25745994863,0.27690721649484534,0.002122851562859552,Non-Critical,Automated Replenishment
Product_1713,232.8881108471265,308.17,71769.12911975897,C,4.478617516290894,4.115816013203484,SUP_1663,2,63.77,374,1.28,8.0,17.0,Category_026,308.17,2,3375,3.39,681.0,36.23,71769.12911975897,0.36319587628865974,0.002096066206199978,Non-Critical,Automated Replenishment
Product_0801,166.75961159591492,423.74,70662.71781765299,C,4.90469445870338,5.040967541279414,SUP_1792,10,76.66,608,1.28,21.0,71.0,Category_001,423.74,10,2395,3.9,453.0,23.340000000000003,70662.71781765299,0.2303092783505155,0.00206375271195885,Non-Critical,Automated Replenishment
Product_0237,109.20569708871356,642.59,70174.48889223645,C,13.650712136089195,17.41934930950102,SUP_1689,11,39.39,432,1.28,74.0,225.0,Category_007,642.59,11,3636,8.19,312.0,60.61,70174.48889223645,0.6145360824742269,0.002049493654283129,Bottleneck,Maintain Higher Safety Stock
Product_0282,971.7998849082596,70.75,68754.84185725937,C,29.448481360856352,27.706910249787892,SUP_1461,13,50.09,160,1.28,128.0,511.0,Category_021,70.75,13,1132,5.95,609.0,49.91,68754.84185725937,0.5042268041237113,0.0020080318975188513,Bottleneck,Maintain Higher Safety Stock
Product_0492,161.69887756025747,425.04,68728.49091821184,C,4.370239934061013,7.054474620742986,SUP_1802,3,74.09,566,1.28,16.0,30.0,Category_015,425.04,3,4521,1.77,909.0,25.909999999999997,68728.49091821184,0.25680412371134015,0.0020072623004300113,Non-Critical,Automated Replenishment
Product_2068,389.73821277811993,175.97,68582.23330256576,C,19.486910638905997,22.23960309672245,SUP_1563,7,80.83,513,1.28,76.0,213.0,Category_009,175.97,7,5382,12.75,574.0,19.17,68582.23330256576,0.187319587628866,0.0020029907473358725,Non-Critical,Automated Replenishment
Product_1677,170.1877258987257,402.73,68539.7028511938,C,2.4312532271246527,5.502568107301731,SUP_1806,9,68.9,429,1.28,22.0,44.0,Category_021,402.73,9,3248,0.94,1085.0,31.099999999999994,68539.7028511938,0.31030927835051536,0.0020017486165904035,Non-Critical,Automated Replenishment
Product_0351,403.00511871805804,168.72,67995.02363011075,C,19.190719938955144,25.9917789046701,SUP_1594,11,34.25,132,1.28,111.0,323.0,Category_021,168.72,11,5429,7.85,747.0,65.75,67995.02363011075,0.6675257731958764,0.0019858408896535696,Bottleneck,Maintain Higher Safety Stock
Product_2163,385.0670859715752,175.6,67617.7802966086,C,22.65100505715148,30.075521840967077,SUP_1489,14,99.0,394,1.28,145.0,463.0,Category_024,175.6,14,2931,24.52,304.0,1.0,67617.7802966086,0.0,0.001974823241640193,Non-Critical,Automated Replenishment
Product_0532,138.0,489.76,67586.88,C,138.0,,SUP_1496,11,70.02,400,1.28,0.0,1518.0,Category_022,489.76,11,3090,71.4,110.0,29.980000000000004,67586.88,0.29876288659793815,0.001973920777471027,Non-Critical,Automated Replenishment
Product_0693,120.94199724614691,557.19,67387.6714455806,C,4.6516152786979585,5.0493733909285945,SUP_1917,12,66.55,193,1.28,23.0,79.0,Category_001,557.19,12,4727,0.99,1075.0,33.45,67387.6714455806,0.3345360824742268,0.0019681027562127827,Non-Critical,Automated Replenishment
Product_1020,312.85963344624616,213.8,66889.38963080743,C,10.428654448208205,28.119751539631732,SUP_1585,3,70.83,240,1.28,63.0,95.0,Category_008,213.8,3,2340,7.47,443.0,29.17,66889.38963080743,0.29041237113402063,0.0019535500970692217,Non-Critical,Automated Replenishment
Product_1700,351.4365337761644,188.93,66396.90432633075,C,20.672737280950848,19.25670571732742,SUP_1553,3,87.07,285,1.28,43.0,106.0,Category_026,188.93,3,4523,9.6,576.0,12.930000000000007,66396.90432633075,0.12298969072164954,0.0019391667289494676,Non-Critical,Automated Replenishment
Product_2156,48.90705532758992,1354.4,66239.7157356878,C,6.11338191594874,6.890450192702064,SUP_1660,2,99.0,69,1.28,13.0,26.0,Category_022,1354.4,2,5338,13.47,197.0,1.0,66239.7157356878,0.0,0.0019345759292994243,Non-Critical,Automated Replenishment
Product_1704,277.10548891771606,237.82,65901.22737441123,C,5.131583128105853,6.025562804021399,SUP_1708,4,65.6,86,1.28,16.0,37.0,Category_026,237.82,4,5714,1.7,1365.0,34.400000000000006,65901.22737441123,0.34432989690721655,0.0019246901465963917,Non-Critical,Automated Replenishment
Product_2160,258.3701961788513,254.86,65848.22819814205,C,12.303342675183396,18.68423675830086,SUP_1510,12,32.34,24,1.28,83.0,231.0,Category_022,254.86,12,1717,10.24,295.0,67.66,65848.22819814205,0.6872164948453608,0.0019231422696234263,Bottleneck,Maintain Higher Safety Stock
Product_1757,253.4102517043171,259.79,65833.44929026454,C,1.8911212813755007,1.913253688305141,SUP_1819,14,51.74,434,1.28,10.0,37.0,Category_001,259.79,14,4247,1.29,1292.0,48.26,65833.44929026454,0.4872164948453608,0.001922710641571832,Non-Critical,Automated Replenishment
Product_0060,125.92415782566589,522.41,65784.03928970611,C,2.3759275061446394,5.404911627670957,SUP_1915,3,99.0,686,1.28,12.0,20.0,Category_019,522.41,3,5210,1.19,1051.0,1.0,65784.03928970611,0.0,0.0019212675889155005,Non-Critical,Automated Replenishment
Product_0778,150.13129568044005,432.84,64982.830022321665,C,9.383205980027503,5.290264870959187,SUP_1824,8,52.81,53,1.28,20.0,96.0,Category_001,432.84,8,3459,2.19,689.0,47.19,64982.830022321665,0.47618556701030923,0.0018978677275815774,Non-Critical,Automated Replenishment
Product_0752,216.5692104558353,298.55,64656.73778158963,C,9.02371710232647,7.236944293733212,SUP_1695,12,77.12,243,1.28,33.0,142.0,Category_001,298.55,12,4197,5.63,569.0,22.879999999999995,64656.73778158963,0.2255670103092783,0.0018883439820062077,Non-Critical,Automated Replenishment
Product_1063,83.22706415267912,775.27,64523.446025647536,C,5.944790296619937,3.3312541479755757,SUP_1846,4,72.22,216,1.28,9.0,33.0,Category_032,775.27,4,3621,3.69,405.0,27.78,64523.446025647536,0.2760824742268041,0.0018844511056592052,Non-Critical,Automated Replenishment
Product_1755,286.94116640519564,224.74,64487.157737903675,C,3.0853888860773724,4.394315216148517,SUP_1767,4,44.85,129,1.28,12.0,25.0,Category_001,224.74,4,4190,1.34,1340.0,55.15,64487.157737903675,0.5582474226804124,0.001883391281546057,Bottleneck,Maintain Higher Safety Stock
Product_0474,212.26207099092989,301.53,64003.38226589508,C,4.004944735677922,5.762467504274025,SUP_1715,2,53.57,139,1.28,11.0,20.0,Category_015,301.53,2,4561,3.58,736.0,46.43,64003.38226589508,0.4683505154639175,0.0018692622900046718,Non-Critical,Automated Replenishment
Product_1920,87.87561751309931,725.13,63721.2465272737,C,1.9971731252977116,2.2414740236742174,SUP_1858,4,54.9,377,1.28,6.0,14.0,Category_001,725.13,4,5559,2.18,670.0,45.1,63721.2465272737,0.45463917525773195,0.001861022323956056,Non-Critical,Automated Replenishment
Product_1058,236.39028210888574,268.63,63501.52148290998,C,21.49002564626234,15.814543738747881,SUP_1561,13,33.87,339,1.28,73.0,353.0,Category_032,268.63,13,2033,10.84,298.0,66.13,63501.52148290998,0.6714432989690722,0.0018546051046614191,Bottleneck,Maintain Higher Safety Stock
Product_2074,211.53004221112232,297.28,62883.65094852244,C,11.133160116374858,10.912501548461115,SUP_1674,9,21.32,310,1.28,42.0,143.0,Category_009,297.28,9,5840,5.06,699.0,78.68,62883.65094852244,0.8008247422680413,0.0018365597756624375,Bottleneck,Maintain Higher Safety Stock
Product_0753,135.0613000198891,462.93,62523.927618207264,C,4.657286207582382,3.9027246178745254,SUP_1825,12,45.23,229,1.28,18.0,74.0,Category_001,462.93,12,3248,1.55,753.0,54.77,62523.927618207264,0.5543298969072166,0.001826053811252626,Bottleneck,Maintain Higher Safety Stock
Product_0802,81.58605288310702,766.02,62496.54822951763,C,2.5495641525970942,1.8212014610133564,SUP_1879,7,45.01,119,1.28,7.0,25.0,Category_001,766.02,7,1735,2.05,372.0,54.99,62496.54822951763,0.5565979381443299,0.0018252541775928253,Bottleneck,Maintain Higher Safety Stock
Product_2073,681.5189325763146,91.28,62209.048165566,C,24.33996187772552,35.91430255507777,SUP_1423,5,49.94,949,1.28,103.0,225.0,Category_009,91.28,5,5577,15.68,697.0,50.06,62209.048165566,0.5057731958762887,0.0018168575427761511,Bottleneck,Maintain Higher Safety Stock
Product_1682,225.74135022129485,274.37,61936.65426021667,C,4.702944796276976,5.865811852355217,SUP_1735,11,44.24,77,1.28,25.0,77.0,Category_021,274.37,11,3000,3.77,600.0,55.76,61936.65426021667,0.5645360824742268,0.0018089020935909612,Bottleneck,Maintain Higher Safety Stock
Product_0826,260.54893283885554,236.34,61578.13478713512,C,15.326407814050325,28.11703253527073,SUP_1647,10,72.4,110,1.28,114.0,268.0,Category_008,236.34,10,4057,9.76,466.0,27.599999999999994,61578.13478713512,0.27422680412371125,0.0017984312886500668,Non-Critical,Automated Replenishment
Product_2105,895.2694250110296,67.52,60448.591576744715,C,35.810777000441185,48.6660269960647,SUP_1434,4,45.22,265,1.28,125.0,269.0,Category_009,67.52,4,4347,9.94,885.0,54.78,60448.591576744715,0.5544329896907216,0.0017654422113019049,Bottleneck,Maintain Higher Safety Stock
Product_0874,125.0,482.31,60288.75,C,12.5,21.245914639969936,SUP_1416,8,62.26,983,1.28,77.0,177.0,Category_023,482.31,8,2291,26.02,149.0,37.74,60288.75,0.37876288659793816,0.0017607739293892006,Non-Critical,Automated Replenishment
Product_2091,915.9516944841109,65.76,60232.98342927514,C,28.623490452628467,57.6583570377885,SUP_1318,8,76.75,258,1.28,209.0,438.0,Category_009,65.76,8,5146,26.21,600.0,23.25,60232.98342927514,0.2293814432989691,0.0017591452287798203,Non-Critical,Automated Replenishment
Product_1897,211.79888093014284,283.12,59964.49916894204,C,17.64990674417857,13.300326910835627,SUP_1572,4,62.08,38,1.28,35.0,106.0,Category_021,283.12,4,1571,14.17,217.0,37.92,59964.49916894204,0.3806185567010309,0.0017513039634351937,Non-Critical,Automated Replenishment
Product_0428,500.0,119.85,59925.0,C,500.0,,SUP_1234,9,43.01,837,1.28,0.0,4500.0,Category_019,119.85,9,5681,78.03,270.0,56.99,59925.0,0.5772164948453609,0.0017501503633538238,Bottleneck,Maintain Higher Safety Stock
Product_1112,111.43046951139364,536.05,59732.30318158255,C,4.127054426347913,6.414515822697999,SUP_1847,7,68.26,306,1.28,22.0,51.0,Category_007,536.05,7,4524,1.88,733.0,31.739999999999995,59732.30318158255,0.31690721649484527,0.0017445225217723398,Non-Critical,Automated Replenishment
Product_1113,34.584034313752234,1726.45,59707.606040977545,C,2.4702881652680166,2.4986406612859926,SUP_1867,5,46.4,234,1.28,8.0,21.0,Category_007,1726.45,5,5311,2.37,394.0,53.6,59707.606040977545,0.5422680412371135,0.0017438012249913026,Bottleneck,Maintain Higher Safety Stock
Product_2140,380.2228213310282,156.78,59611.3339282786,C,14.082326715964006,22.103530747853643,SUP_1213,8,99.0,234,1.28,81.0,194.0,Category_009,156.78,8,1170,37.21,155.0,1.0,59611.3339282786,0.0,0.0017409895324919968,Non-Critical,Automated Replenishment
Product_0581,354.22142255887434,167.2,59225.821851843786,C,39.357935839874926,22.450182530388975,SUP_1524,10,49.93,115,1.28,91.0,485.0,Category_032,167.2,10,3145,18.97,343.0,50.07,59225.821851843786,0.5058762886597938,0.0017297303902199957,Bottleneck,Maintain Higher Safety Stock
Product_0105,703.0183677078643,82.74,58167.73974414869,C,29.29243198782768,37.65883869938191,SUP_1224,11,67.48,436,1.28,160.0,483.0,Category_032,82.74,11,1813,40.47,251.0,32.519999999999996,58167.73974414869,0.32494845360824737,0.0016988283829569041,Non-Critical,Automated Replenishment
Product_1748,295.9844104356075,195.61,57897.51052530919,C,8.456697441017358,8.373513400829836,SUP_1621,5,54.48,1259,1.28,24.0,67.0,Category_026,195.61,5,3006,4.13,657.0,45.52,57897.51052530919,0.4589690721649485,0.0016909361549128363,Non-Critical,Automated Replenishment
Product_1618,187.87004971267748,308.01,57865.85401200179,C,4.174889993615055,5.676485666230548,SUP_1758,5,65.71,249,1.28,17.0,38.0,Category_024,308.01,5,2440,2.52,604.0,34.290000000000006,57865.85401200179,0.34319587628865983,0.0016900116049208887,Non-Critical,Automated Replenishment
Product_0232,296.0795290471194,194.96,57723.66498302641,C,1.9225943444618143,3.0101724379799566,SUP_1811,7,41.07,95,1.28,11.0,25.0,Category_007,194.96,7,2634,0.88,1332.0,58.93,57723.66498302641,0.5972164948453609,0.001685858877666384,Bottleneck,Maintain Higher Safety Stock
Product_0244,125.4379436202355,458.2,57475.665766791906,C,17.919706231462214,5.681580808651073,SUP_1759,14,97.2,260,1.28,28.0,279.0,Category_007,458.2,14,4732,5.64,459.0,2.799999999999997,57475.665766791906,0.018556701030927804,0.0016786158919608475,Non-Critical,Automated Replenishment
Product_0296,164.35089136526904,349.65,57465.289165866314,C,16.435089136526905,15.438833387764236,SUP_1620,7,87.26,484,1.28,53.0,169.0,Category_015,349.65,7,4479,10.77,370.0,12.739999999999995,57465.289165866314,0.1210309278350515,0.0016783128362765703,Non-Critical,Automated Replenishment
Product_0718,289.66215058601944,197.67,57257.51730633846,C,8.519475017235866,16.778680504657423,SUP_1576,6,74.02,78,1.28,53.0,105.0,Category_001,197.67,6,2767,5.95,520.0,25.980000000000004,57257.51730633846,0.25752577319587633,0.0016722447178711072,Non-Critical,Automated Replenishment
Product_1760,142.5582607198353,400.09,57036.1345313989,C,1.6199802354526738,1.780377464794394,SUP_1903,8,37.94,192,1.28,7.0,20.0,Category_001,400.09,8,4167,1.2,996.0,62.06,57036.1345313989,0.6294845360824742,0.001665779083428041,Bottleneck,Maintain Higher Safety Stock
Product_0102,171.00962967594086,327.21,55956.0609262646,C,3.5627006182487677,5.607389687555584,SUP_1697,7,61.01,94,1.28,19.0,44.0,Category_015,327.21,7,5902,2.67,870.0,38.99,55956.0609262646,0.39164948453608245,0.0016342347995319264,Non-Critical,Automated Replenishment
Product_0258,37.62294990038281,1482.48,55775.270768319504,C,1.2540983300127602,0.7644893564178691,SUP_2022,4,74.7,125,1.28,2.0,8.0,Category_001,1482.48,4,5996,1.15,627.0,25.299999999999997,55775.270768319504,0.2505154639175257,0.0016289547000639514,Non-Critical,Automated Replenishment
Product_0697,232.36377532618513,239.41,55630.21145084198,C,29.045471915773142,8.8503304448725,SUP_1584,12,68.15,540,1.28,40.0,389.0,Category_001,239.41,12,1695,20.36,197.0,31.849999999999994,55630.21145084198,0.318041237113402,0.0016247181440824554,Non-Critical,Automated Replenishment
Product_1722,227.56625862702504,244.38,55612.64228327238,C,6.895947231121971,10.776644781246823,SUP_1728,3,91.85,427,1.28,24.0,45.0,Category_003,244.38,3,5977,4.76,756.0,8.150000000000006,55612.64228327238,0.07371134020618562,0.0016242050245996724,Non-Critical,Automated Replenishment
Product_0809,124.49001393992081,445.57,55469.01551121051,C,5.187083914163368,5.826317739626869,SUP_1829,6,54.42,343,1.28,19.0,51.0,Category_001,445.57,6,3117,1.08,848.0,45.58,55469.01551121051,0.4595876288659793,0.0016200103070809172,Non-Critical,Automated Replenishment
Product_0309,165.26586919039946,334.49,55279.780585496716,C,5.508862306346648,11.068917404364958,SUP_1719,10,46.92,301,1.28,45.0,101.0,Category_024,334.49,10,3811,2.87,663.0,53.08,55279.780585496716,0.5369072164948454,0.0016144835724293154,Bottleneck,Maintain Higher Safety Stock
Product_0472,163.07158210701397,335.64,54733.345818398164,C,6.039688226185702,11.676202402877383,SUP_1639,2,54.76,236,1.28,22.0,35.0,Category_015,335.64,2,5352,8.15,463.0,45.24,54733.345818398164,0.4560824742268041,0.0015985245735776394,Non-Critical,Automated Replenishment
Product_2130,364.0508033798761,149.64,54476.56221776465,C,22.753175211242255,28.25386695337338,SUP_1566,7,86.98,185,1.28,96.0,256.0,Category_009,149.64,7,3136,9.23,498.0,13.019999999999996,54476.56221776465,0.12391752577319583,0.001591025033953909,Non-Critical,Automated Replenishment
Product_0625,261.48997637389533,207.24,54191.182703726074,C,3.6829574137168355,6.772753045236945,SUP_1723,12,28.05,380,1.28,31.0,76.0,Category_001,207.24,12,4467,2.34,1000.0,71.95,54191.182703726074,0.7314432989690722,0.0015826903312390428,Bottleneck,Maintain Higher Safety Stock
Product_0712,202.1270394263833,268.02,54174.08910705925,C,4.394066074486593,4.954372067860419,SUP_1750,12,54.73,226,1.28,22.0,75.0,Category_001,268.02,12,5954,1.96,1109.0,45.27,54174.08910705925,0.45639175257731956,0.0015821911011277793,Non-Critical,Automated Replenishment
Product_1911,50.457054750368805,1044.82,52718.53994428033,C,5.606339416707645,8.960321130934132,SUP_1471,14,99.0,96,1.28,43.0,122.0,Category_009,1044.82,14,2430,14.27,132.0,1.0,52718.53994428033,0.0,0.0015396807983139808,Non-Critical,Automated Replenishment
Product_1072,157.26108513567235,332.34,52264.14903398934,C,157.26108513567235,,SUP_1533,9,68.75,583,1.28,0.0,1416.0,Category_020,332.34,9,3002,32.57,171.0,31.25,52264.14903398934,0.3118556701030928,0.0015264100028738398,Non-Critical,Automated Replenishment
Product_0329,343.51654674311044,150.06,51548.093004271155,C,7.308862696661924,14.178533833955674,SUP_1635,7,55.76,569,1.28,49.0,101.0,Category_021,150.06,7,5493,3.98,974.0,44.24,51548.093004271155,0.44577319587628866,0.0015054970997350331,Non-Critical,Automated Replenishment
Product_2102,118.51539175632135,432.28,51231.83354842259,C,9.876282646360112,9.710230347409667,SUP_1441,2,58.24,575,1.28,18.0,38.0,Category_009,432.28,2,1710,24.93,128.0,41.76,51231.83354842259,0.4202061855670103,0.0014962605273267319,Non-Critical,Automated Replenishment
Product_0483,172.87566235010885,295.08,51012.15044627012,C,7.5163331456569065,7.511269613110797,SUP_1740,5,73.25,72,1.28,22.0,60.0,Category_011,295.08,5,1082,4.64,284.0,26.75,51012.15044627012,0.2654639175257732,0.0014898445329828882,Non-Critical,Automated Replenishment
Product_0330,157.0,323.05,50718.85,C,13.083333333333334,26.5482693609321,SUP_1692,2,99.0,290,1.28,49.0,76.0,Category_021,323.05,2,3508,6.27,420.0,1.0,50718.85,0.0,0.001481278494057373,Non-Critical,Automated Replenishment
Product_1689,177.15308392197966,286.02,50669.32506336462,C,2.2424441002782234,3.085095655891285,SUP_1812,6,57.68,188,1.28,10.0,24.0,Category_021,286.02,6,2060,1.4,723.0,42.32,50669.32506336462,0.42597938144329894,0.0014798320846147784,Non-Critical,Automated Replenishment
Product_0405,174.3864490178366,288.11,50242.47982652891,C,14.532204084819718,12.002842271685642,SUP_1583,3,28.84,334,1.28,27.0,71.0,Category_001,288.11,3,3006,11.48,303.0,71.16,50242.47982652891,0.723298969072165,0.001467365779294063,Bottleneck,Maintain Higher Safety Stock
Product_0661,128.0,391.72,50140.16,C,8.0,10.039920318408907,SUP_1762,8,61.12,308,1.28,37.0,101.0,Category_011,391.72,8,5241,5.25,506.0,38.88,50140.16,0.3905154639175258,0.0014643774592009824,Non-Critical,Automated Replenishment
Product_2155,485.19404022311045,103.18,50062.32107022054,C,25.536528432795286,45.485796274429966,SUP_1480,3,78.83,194,1.28,101.0,178.0,Category_022,103.18,3,3744,12.11,548.0,21.17,50062.32107022054,0.20793814432989693,0.0014621041203401297,Non-Critical,Automated Replenishment
Product_1668,144.10377523927772,346.21,49890.16802559034,C,2.4845478489530644,3.362894561283113,SUP_1783,5,87.85,179,1.28,10.0,23.0,Category_026,346.21,5,2734,1.83,657.0,12.150000000000006,49890.16802559034,0.11494845360824747,0.0014570762736382187,Non-Critical,Automated Replenishment
Product_1118,62.37550370340887,792.04,49403.893953247956,C,2.1508794380485816,2.740124064567031,SUP_1743,7,50.04,423,1.28,10.0,26.0,Category_007,792.04,7,3805,2.67,422.0,49.96,49403.893953247956,0.5047422680412371,0.0014428743087754807,Bottleneck,Maintain Higher Safety Stock
Product_0568,86.71348752651849,565.53,49039.078600872,C,6.193820537608464,5.16297125356091,SUP_1807,7,83.32,500,1.28,18.0,62.0,Category_012,565.53,7,4867,2.37,597.0,16.680000000000007,49039.078600872,0.16164948453608255,0.001432219628399714,Non-Critical,Automated Replenishment
Product_0954,53.30098906827327,919.69,49020.386636200245,C,2.317434307316229,2.637593974910418,SUP_1939,5,96.58,135,1.28,8.0,20.0,Category_028,919.69,5,3578,1.26,551.0,3.4200000000000017,49020.386636200245,0.02494845360824744,0.00143167371686426,Non-Critical,Automated Replenishment
Product_1145,89.01651357870384,550.18,48975.10544073127,C,5.236265504629637,11.602285626469044,SUP_1848,11,15.4,126,1.28,50.0,108.0,Category_028,550.18,11,5801,3.76,525.0,84.6,48975.10544073127,0.8618556701030927,0.0014303512487674204,Bottleneck,Maintain Higher Safety Stock
Product_0522,186.7372971008393,260.48,48641.331148826626,C,62.24576570027977,19.138516805948875,SUP_1612,6,60.27,334,1.28,61.0,435.0,Category_022,260.48,6,3129,11.82,315.0,39.73,48641.331148826626,0.39927835051546384,0.0014206031436651244,Non-Critical,Automated Replenishment
Product_0306,240.24566233515446,201.31,48363.85428468994,C,6.673490620420957,12.81699188358168,SUP_1680,12,84.95,408,1.28,57.0,138.0,Category_024,201.31,12,5213,3.88,804.0,15.049999999999997,48363.85428468994,0.14484536082474225,0.001412499243213041,Non-Critical,Automated Replenishment
Product_0571,473.6038624378992,102.04,48326.538123163235,C,20.59147227990866,19.073958274654963,SUP_1522,3,72.11,365,1.28,43.0,105.0,Category_012,102.04,3,1834,11.97,381.0,27.89,48326.538123163235,0.2772164948453608,0.0014114093993472933,Non-Critical,Automated Replenishment
Product_1801,194.41940375170938,246.29,47883.5549500085,C,6.704117370748599,9.071384812416229,SUP_1739,14,75.37,202,1.28,44.0,138.0,Category_017,246.29,14,4531,4.38,635.0,24.629999999999995,47883.5549500085,0.24360824742268036,0.0013984717746254513,Non-Critical,Automated Replenishment
Product_0623,215.45119876837214,221.12,47640.569071662445,C,4.224533309183768,5.258257395441788,SUP_1727,11,85.98,420,1.28,23.0,70.0,Category_001,221.12,11,3099,2.74,699.0,14.019999999999996,47640.569071662445,0.1342268041237113,0.001391375206861126,Non-Critical,Automated Replenishment
Product_0806,125.0305496848886,378.78,47359.0716096421,C,2.9076872019741535,2.264893434762605,SUP_1914,3,58.65,259,1.28,6.0,15.0,Category_001,378.78,3,2012,0.99,713.0,41.35,47359.0716096421,0.41597938144329893,0.0013831538821145579,Non-Critical,Automated Replenishment
Product_1667,421.6740593671442,111.92,47193.76072437078,C,2.291706844386653,2.7955231123595703,SUP_1675,9,72.79,327,1.28,11.0,32.0,Category_026,111.92,9,846,2.52,533.0,27.209999999999994,47193.76072437078,0.2702061855670102,0.001378325865328176,Non-Critical,Automated Replenishment
Product_0541,38.0,1228.61,46687.17999999999,C,12.666666666666666,13.316656236958787,SUP_1974,3,54.87,154,1.28,30.0,68.0,Category_022,1228.61,3,1010,1.91,201.0,45.13,46687.17999999999,0.4549484536082474,0.0013635308308880328,Non-Critical,Automated Replenishment
Product_0669,132.97459013443117,347.08,46152.82074385837,C,6.648729506721558,7.61105313251922,SUP_1704,12,58.18,457,1.28,34.0,114.0,Category_011,347.08,12,4153,4.96,472.0,41.82,46152.82074385837,0.42082474226804123,0.001347924505543056,Non-Critical,Automated Replenishment
Product_1763,167.38003845507512,275.61,46131.612398603254,C,1.7997853597319906,1.8880476295992787,SUP_1818,5,51.22,174,1.28,6.0,15.0,Category_001,275.61,5,3456,1.15,1004.0,48.78,46131.612398603254,0.4925773195876289,0.0013473051014019732,Non-Critical,Automated Replenishment
Product_1792,223.21000517346968,206.46,46083.93766811455,C,2.536477331516701,3.297062296563581,SUP_1725,2,42.2,233,1.28,6.0,12.0,Category_024,206.46,2,3520,3.38,682.0,57.8,46083.93766811455,0.5855670103092784,0.0013459127284877036,Bottleneck,Maintain Higher Safety Stock
Product_0279,451.6727174576477,101.55,45867.36445782412,C,25.092928747647093,38.93269514230332,SUP_1450,8,62.63,305,1.28,141.0,342.0,Category_021,101.55,8,3069,17.48,399.0,37.37,45867.36445782412,0.37494845360824736,0.0013395875606498648,Non-Critical,Automated Replenishment
Product_2062,285.9210401998767,160.28,45827.424323236235,C,28.59210401998767,55.377889087561265,SUP_1623,4,86.8,313,1.28,142.0,257.0,Category_009,160.28,4,4332,6.26,630.0,13.200000000000003,45827.424323236235,0.12577319587628868,0.0013384210818670297,Non-Critical,Automated Replenishment
Product_1930,49.6916964994611,918.66,45649.77390619493,C,1.2741460640887463,1.1797408327934051,SUP_1962,13,82.53,237,1.28,6.0,23.0,Category_001,918.66,13,3401,0.81,646.0,17.47,45649.77390619493,0.1697938144329897,0.001333232680666616,Non-Critical,Automated Replenishment
Product_1208,213.24190711767764,213.86,45603.914256186545,C,4.181213865052503,3.838019788109618,SUP_1835,14,40.96,356,1.28,19.0,78.0,Category_026,213.86,14,2246,1.43,819.0,59.04,45603.914256186545,0.5983505154639175,0.0013318933184117063,Bottleneck,Maintain Higher Safety Stock
Product_2079,666.2230461462472,68.36,45543.007434557454,C,26.648921845849888,39.126844004303535,SUP_1438,11,93.19,235,1.28,167.0,461.0,Category_009,68.36,11,1496,14.64,369.0,6.810000000000002,45543.007434557454,0.05989690721649487,0.0013301144932802106,Non-Critical,Automated Replenishment
Product_1751,220.84636203543715,205.67,45421.47127982836,C,6.901448813607411,10.140170226021855,SUP_1633,6,35.54,423,1.28,32.0,74.0,Category_001,205.67,6,4941,6.31,589.0,64.46000000000001,45421.47127982836,0.6542268041237115,0.0013265649472583541,Bottleneck,Maintain Higher Safety Stock
Product_0811,45.034180622915756,1006.15,45311.140833746686,C,3.4641677402242887,1.9442069770806178,SUP_1921,6,53.58,539,1.28,7.0,28.0,Category_001,1006.15,6,2476,1.76,356.0,46.42,45311.140833746686,0.46824742268041236,0.0013233426715754367,Non-Critical,Automated Replenishment
Product_1924,41.699813263188034,1086.58,45310.183095514854,C,1.6679925305275214,1.5717679706895855,SUP_2008,12,66.71,178,1.28,7.0,28.0,Category_001,1086.58,12,2472,1.07,439.0,33.290000000000006,45310.183095514854,0.33288659793814435,0.0013233147001792843,Non-Critical,Automated Replenishment
Product_1753,39.21977168395142,1153.58,45243.144219172675,C,1.4007061315696936,0.9733202305139925,SUP_1997,12,95.17,153,1.28,5.0,22.0,Category_001,1153.58,12,5723,1.16,623.0,4.829999999999998,45243.144219172675,0.03948453608247421,0.0013213567842211848,Non-Critical,Automated Replenishment
Product_1783,175.2589169799961,255.14,44715.5600782762,C,10.30934805764683,13.985190529649286,SUP_1666,11,76.61,278,1.28,60.0,174.0,Category_018,255.14,11,3100,9.67,336.0,23.39,44715.5600782762,0.23082474226804126,0.0013059483307228173,Non-Critical,Automated Replenishment
Product_1054,166.26929468366978,267.31,44445.445161891774,C,4.890273373049111,4.4027348016834456,SUP_1733,3,65.4,58,1.28,10.0,25.0,Category_024,267.31,3,2621,3.3,514.0,34.599999999999994,44445.445161891774,0.3463917525773195,0.0012980594409596551,Non-Critical,Automated Replenishment
Product_1928,75.80223610273589,584.36,44295.79468899475,C,2.4452334226689,1.9388257032087186,SUP_1907,9,80.44,580,1.28,8.0,31.0,Category_001,584.36,9,4808,1.81,635.0,19.560000000000002,44295.79468899475,0.19134020618556705,0.0012936887971629627,Non-Critical,Automated Replenishment
Product_1916,224.66612636949014,196.92,44241.253604679994,C,17.28200972073001,11.89150973545977,SUP_1557,10,76.58,177,1.28,49.0,222.0,Category_009,196.92,10,4502,11.7,416.0,23.42,44241.253604679994,0.23113402061855673,0.0012920958877173025,Non-Critical,Automated Replenishment
Product_0540,52.94421574453641,829.42,43912.99142283339,C,3.781729696038315,2.547286882730056,SUP_1925,2,80.01,145,1.28,5.0,13.0,Category_022,829.42,2,1044,2.43,214.0,19.989999999999995,43912.99142283339,0.1957731958762886,0.0012825087675365074,Non-Critical,Automated Replenishment
Product_0609,165.98823766008886,261.5,43405.924148113234,C,1.3069939973235343,1.6175490972654092,SUP_1855,6,42.07,369,1.28,6.0,14.0,Category_001,261.5,6,2929,1.2,901.0,57.93,43405.924148113234,0.5869072164948453,0.001267699523062643,Bottleneck,Maintain Higher Safety Stock
Product_0704,375.8768276601466,115.0,43225.83518091686,C,6.370793689155027,6.4384220242567425,SUP_1627,3,56.13,366,1.28,15.0,35.0,Category_001,115.0,3,3971,4.74,794.0,43.87,43225.83518091686,0.4419587628865979,0.0012624399023471696,Non-Critical,Automated Replenishment
Product_1673,219.65242090634754,196.36,43130.949369170405,C,3.4320690766616804,7.099507978983744,SUP_1851,6,62.1,196,1.28,23.0,44.0,Category_026,196.36,6,1497,1.14,760.0,37.9,43130.949369170405,0.3804123711340206,0.0012596686977096197,Non-Critical,Automated Replenishment
Product_0152,285.03619968751116,150.97,43031.91506682356,C,15.835344427083953,26.86114809622398,SUP_1580,11,88.79,72,1.28,115.0,290.0,Category_021,150.97,11,3461,15.52,357.0,11.209999999999994,43031.91506682356,0.10525773195876281,0.0012567763335838487,Non-Critical,Automated Replenishment
Product_1098,142.2433362545315,302.16,42980.246482669245,C,6.465606193387796,6.767843392755946,SUP_1840,13,22.0,237,1.28,32.0,117.0,Category_032,302.16,13,3599,1.94,727.0,78.0,42980.246482669245,0.7938144329896908,0.0012552673174581642,Bottleneck,Maintain Higher Safety Stock
Product_0667,519.1155318170786,82.36,42754.35520045459,C,15.2681038769729,62.96892380348295,SUP_1473,6,83.24,514,1.28,198.0,290.0,Category_011,82.36,6,803,12.86,255.0,16.760000000000005,42754.35520045459,0.16247422680412377,0.0012486700089951448,Non-Critical,Automated Replenishment
Product_0742,839.0079978512774,50.59,42445.414611296124,C,44.15831567638302,31.817573648883677,SUP_1384,5,68.97,1362,1.28,92.0,313.0,Category_001,50.59,5,2575,18.31,486.0,31.03,42445.414611296124,0.30958762886597935,0.001239647189064057,Non-Critical,Automated Replenishment
Product_0323,651.801374314463,65.02,42380.12535792639,C,8.250650307778013,20.841938593717206,SUP_1587,4,71.32,361,1.28,54.0,88.0,Category_007,65.02,4,2536,5.27,793.0,28.680000000000007,42380.12535792639,0.2853608247422681,0.0012377403720343007,Non-Critical,Automated Replenishment
Product_2145,219.0,193.21,42312.990000000005,C,73.0,103.14552825983296,SUP_1420,14,34.13,624,1.28,494.0,1516.0,Category_009,193.21,14,3235,34.17,204.0,65.87,42312.990000000005,0.6687628865979383,0.0012357796382659444,Bottleneck,Maintain Higher Safety Stock
Product_1062,523.9480040767266,80.68,42272.124968910306,C,18.067172554369883,18.45333136002043,SUP_1507,8,95.25,736,1.28,67.0,212.0,Category_032,80.68,8,4896,11.66,664.0,4.75,42272.124968910306,0.03865979381443299,0.0012345861472520087,Non-Critical,Automated Replenishment
Product_0721,119.22345264827652,354.36,42248.02268044327,C,3.3117625735632368,3.2049674977596685,SUP_1856,12,78.67,66,1.28,15.0,55.0,Category_001,354.36,12,3318,1.92,642.0,21.33,42248.02268044327,0.20958762886597937,0.0012338822235320546,Non-Critical,Automated Replenishment
Product_1712,186.8961315337719,225.81,42203.01546164103,C,4.062959381168954,3.584301864045163,SUP_1773,12,33.33,609,1.28,16.0,65.0,Category_026,225.81,12,1142,3.19,366.0,66.67,42203.01546164103,0.6770103092783506,0.0012325677571100224,Bottleneck,Maintain Higher Safety Stock
Product_0135,93.04027376449312,451.54,42011.40521561923,C,5.81501711028082,5.580583760129624,SUP_1816,14,38.14,91,1.28,27.0,109.0,Category_021,451.54,14,5579,2.81,608.0,61.86,42011.40521561923,0.6274226804123711,0.0012269716496140295,Bottleneck,Maintain Higher Safety Stock
Product_1853,217.46156590855963,191.28,41596.04832698929,C,2.899487545447462,7.412196101853268,SUP_1754,14,52.88,133,1.28,36.0,77.0,Category_001,191.28,14,5034,1.53,1197.0,47.12,41596.04832698929,0.47546391752577316,0.0012148408693126993,Non-Critical,Automated Replenishment
Product_0912,252.1189338243015,164.71,41526.5095902007,C,31.51486672803769,19.021234375674965,SUP_1538,10,88.03,266,1.28,77.0,393.0,Category_023,164.71,10,2278,11.31,319.0,11.969999999999999,41526.5095902007,0.11309278350515461,0.0012128099432308019,Non-Critical,Automated Replenishment
Product_2059,177.77405877796286,233.48,41506.687243478766,C,19.75267319755143,19.381972875219827,SUP_1531,14,45.12,469,1.28,93.0,370.0,Category_021,233.48,14,5926,15.0,375.0,54.88,41506.687243478766,0.5554639175257733,0.0012122310181191137,Bottleneck,Maintain Higher Safety Stock
Product_0484,100.0,413.98,41398.0,C,100.0,,SUP_1528,12,61.62,555,1.28,0.0,1200.0,Category_013,413.98,12,3260,45.78,120.0,38.38,41398.0,0.385360824742268,0.0012090567332853,Non-Critical,Automated Replenishment
Product_1778,284.1685286729414,145.11,41235.695195730535,C,9.166726731385207,20.01432069100959,SUP_1509,13,69.27,471,1.28,93.0,213.0,Category_010,145.11,13,3569,5.99,582.0,30.730000000000004,41235.695195730535,0.3064948453608248,0.001204316511138178,Non-Critical,Automated Replenishment
Product_1918,66.3999332679981,620.49,41200.494593460135,C,2.5538435872306957,2.5142167882526674,SUP_1909,12,70.39,134,1.28,12.0,43.0,Category_018,620.49,12,4584,2.03,548.0,29.61,41200.494593460135,0.2949484536082474,0.0012032884536187151,Non-Critical,Automated Replenishment
Product_1771,114.49645085674109,358.01,40990.87437122188,C,1.6126260684048042,1.6351080436989094,SUP_1894,4,51.98,115,1.28,5.0,12.0,Category_001,358.01,4,1444,1.22,521.0,48.02,40990.87437122188,0.4847422680412371,0.0011971663525237365,Non-Critical,Automated Replenishment
Product_0324,248.24708677013226,164.57,40854.02306976066,C,8.56024437138387,11.787701712808696,SUP_1726,4,60.36,218,1.28,31.0,66.0,Category_007,164.57,4,3528,3.97,665.0,39.64,40854.02306976066,0.39835051546391753,0.0011931695172299895,Non-Critical,Automated Replenishment
Product_1663,121.61368454352096,330.01,40133.73203620735,C,5.06723685598004,6.806708705481253,SUP_1801,10,73.22,1090,1.28,28.0,79.0,Category_026,330.01,10,1073,2.28,339.0,26.78,40133.73203620735,0.26577319587628867,0.001172132927925128,Non-Critical,Automated Replenishment
Product_1759,247.05130327383802,162.05,40034.66369552545,C,2.600540034461453,5.0014551074856,SUP_1828,5,89.08,256,1.28,15.0,29.0,Category_001,162.05,5,3296,1.27,1133.0,10.920000000000002,40034.66369552545,0.10226804123711342,0.0011692395696866417,Non-Critical,Automated Replenishment
Product_1660,115.96884655973561,345.19,40031.286143955134,C,2.319376931194712,2.4615974510576426,SUP_1897,13,55.31,116,1.28,12.0,43.0,Category_026,345.19,13,1254,1.1,515.0,44.69,40031.286143955134,0.45041237113402055,0.0011691409259968956,Non-Critical,Automated Replenishment
Product_0136,110.86253119110533,357.27,39607.8565186462,C,3.695417706370178,2.9852583245286497,SUP_1873,8,53.08,827,1.28,11.0,41.0,Category_021,357.27,8,4890,1.17,963.0,46.92,39607.8565186462,0.4734020618556701,0.0011567743759328287,Non-Critical,Automated Replenishment
Product_1749,182.65765269120013,213.97,39083.25794633609,C,1.9640607816258078,1.6301065940441974,SUP_1876,14,74.62,410,1.28,8.0,36.0,Category_001,213.97,14,5492,1.49,1161.0,25.379999999999995,39083.25794633609,0.25134020618556696,0.0011414531179946821,Non-Critical,Automated Replenishment
Product_0482,64.12640841405778,607.2,38937.55518901588,C,2.4664003236176066,3.951507146791,SUP_1958,7,83.87,88,1.28,14.0,32.0,Category_015,607.2,7,3599,1.07,657.0,16.129999999999995,38937.55518901588,0.15597938144329893,0.0011371977699151559,Non-Critical,Automated Replenishment
Product_1805,82.17641827163212,472.74,38848.079973731365,C,2.162537322937687,1.8868673342973115,SUP_1868,13,53.64,293,1.28,9.0,38.0,Category_006,472.74,13,4278,1.49,687.0,46.36,38848.079973731365,0.4676288659793814,0.001134584585425521,Non-Critical,Automated Replenishment
Product_1116,78.45046578312721,487.82,38269.70621832512,C,6.537538815260601,7.501113132876396,SUP_1803,11,56.71,499,1.28,32.0,104.0,Category_007,487.82,11,5780,4.58,445.0,43.29,38269.70621832512,0.43597938144329895,0.0011176927867074808,Non-Critical,Automated Replenishment
Product_2164,132.9066684814332,286.06,38019.28158579878,C,5.316266739257328,5.9336495796520605,SUP_1717,10,60.12,120,1.28,25.0,79.0,Category_024,286.06,10,2130,4.84,343.0,39.88,38019.28158579878,0.4008247422680412,0.001110378965070289,Non-Critical,Automated Replenishment
Product_0917,418.95552925439927,90.07,37735.32451994374,C,26.184720578399954,19.574302526847532,SUP_1421,5,73.51,49,1.28,57.0,188.0,Category_023,90.07,5,2243,16.13,342.0,26.489999999999995,37735.32451994374,0.2627835051546391,0.0011020858059216352,Non-Critical,Automated Replenishment
Product_1646,143.8327535806248,261.24,37574.86854540242,C,2.713825539257072,3.174116905439802,SUP_1788,12,62.64,440,1.28,15.0,48.0,Category_024,261.24,12,1197,2.27,390.0,37.36,37574.86854540242,0.37484536082474224,0.0010973995801035997,Non-Critical,Automated Replenishment
Product_1852,52.75370805510302,711.07,37511.57918674211,C,2.1980711689626258,2.719647413294757,SUP_1947,12,75.05,133,1.28,13.0,40.0,Category_001,711.07,12,951,1.16,295.0,24.950000000000003,37511.57918674211,0.2469072164948454,0.0010955511713584053,Non-Critical,Automated Replenishment
Product_0165,103.49330340059078,360.89,37349.6982642392,C,6.4683314625369235,6.5199132803810524,SUP_1752,2,69.87,75,1.28,12.0,25.0,Category_021,360.89,2,2405,3.64,370.0,30.129999999999995,37349.6982642392,0.3003092783505154,0.0010908233289664401,Non-Critical,Automated Replenishment
Product_0396,65.0,574.24,37325.6,C,8.125,18.255625356115775,SUP_1904,7,57.25,88,1.28,62.0,119.0,Category_007,574.24,7,3545,2.51,429.0,42.75,37325.6,0.4304123711340206,0.0010901195227767957,Non-Critical,Automated Replenishment
Product_1828,197.33498500030626,188.83,37262.76521760783,C,8.579781956535054,12.328856675744502,SUP_1679,3,87.47,165,1.28,28.0,54.0,Category_018,188.83,3,3135,6.74,429.0,12.530000000000001,37262.76521760783,0.11886597938144329,0.0010882843902405436,Non-Critical,Automated Replenishment
Product_0265,42.683047460369814,867.72,37036.9339423121,C,1.471829222771373,1.0178845743001153,SUP_2019,7,46.04,52,1.28,4.0,15.0,Category_001,867.72,7,1870,1.12,378.0,53.96,37036.9339423121,0.545979381443299,0.0010816888343203853,Bottleneck,Maintain Higher Safety Stock
Product_0347,140.05871125072315,261.35,36604.344185376496,C,2.593679837976355,3.1454718047055215,SUP_1799,5,90.27,1005,1.28,10.0,23.0,Category_021,261.35,5,5389,1.72,937.0,9.730000000000004,36604.344185376496,0.09000000000000004,0.0010690547563848994,Non-Critical,Automated Replenishment
Product_1683,105.22016919563823,343.74,36168.380959308684,C,3.188489975625401,4.031364401427346,SUP_1779,13,70.34,237,1.28,19.0,61.0,Category_021,343.74,13,4543,3.68,510.0,29.659999999999997,36168.380959308684,0.2954639175257731,0.0010563221539900479,Non-Critical,Automated Replenishment
Product_0799,133.48311672737816,268.64,35858.904477642864,C,3.422644018650722,2.419611518061362,SUP_1781,13,57.98,225,1.28,12.0,57.0,Category_001,268.64,13,5153,3.94,591.0,42.02,35858.904477642864,0.4228865979381443,0.0010472836829539711,Non-Critical,Automated Replenishment
Product_0866,138.81762963350008,256.15,35558.13583062104,C,2.2389940263467754,1.5775563579746157,SUP_1890,2,65.4,306,1.28,3.0,8.0,Category_001,256.15,2,4661,0.89,1206.0,34.599999999999994,35558.13583062104,0.3463917525773195,0.0010384995301484527,Non-Critical,Automated Replenishment
Product_0947,23.154833027062082,1530.18,35431.06240134986,C,0.9647847094609201,0.35973767346744356,SUP_2060,13,70.04,79,1.28,2.0,15.0,Category_018,1530.18,13,3752,0.75,482.0,29.959999999999994,35431.06240134986,0.29855670103092774,0.0010347882642592317,Non-Critical,Automated Replenishment
Product_1686,103.8124327679199,340.41,35338.79023852762,C,3.244138523997497,2.995572571660606,SUP_1771,12,84.6,155,1.28,14.0,53.0,Category_021,340.41,12,2482,3.1,408.0,15.400000000000006,35338.79023852762,0.14845360824742274,0.0010320933930153303,Non-Critical,Automated Replenishment
Product_1877,60.50362568771119,580.05,35095.12808015687,C,2.3270625264504305,1.568087006921631,SUP_1987,9,51.64,328,1.28,7.0,28.0,Category_001,580.05,9,916,1.36,286.0,48.36,35095.12808015687,0.4882474226804123,0.0010249770740331336,Non-Critical,Automated Replenishment
Product_1096,125.12153371536544,280.21,35060.30496238255,C,6.256076685768273,4.202002752925534,SUP_1785,5,66.87,411,1.28,13.0,45.0,Category_032,280.21,5,5932,4.24,592.0,33.129999999999995,35060.30496238255,0.3312371134020618,0.001023960041205001,Non-Critical,Automated Replenishment
Product_0868,213.1051207719069,163.34,34808.590426883275,C,26.638140096488364,19.154984614950344,SUP_1511,8,39.66,341,1.28,70.0,284.0,Category_023,163.34,8,2417,28.35,191.0,60.34,34808.590426883275,0.6117525773195877,0.0010166085470745799,Bottleneck,Maintain Higher Safety Stock
Product_1644,68.16298470638131,510.02,34764.48545994859,C,2.350447748495907,2.371313184138558,SUP_1951,6,63.7,150,1.28,8.0,23.0,Category_024,510.02,6,1824,1.25,447.0,36.3,34764.48545994859,0.3639175257731958,0.0010153204315317104,Non-Critical,Automated Replenishment
Product_1850,116.60707792484976,296.62,34587.991454068935,C,4.85862824686874,5.677368327944316,SUP_1701,13,41.32,848,1.28,27.0,91.0,Category_001,296.62,13,1709,4.35,303.0,58.68,34587.991454068935,0.594639175257732,0.0010101658041054267,Bottleneck,Maintain Higher Safety Stock
Product_0444,158.50971600866478,218.17,34582.0647416104,C,26.41828600144413,50.10787648197026,SUP_1631,10,49.14,410,1.28,203.0,468.0,Category_015,218.17,10,2085,11.65,239.0,50.86,34582.0647416104,0.514020618556701,0.0010099927104389637,Bottleneck,Maintain Higher Safety Stock
Product_0659,124.00105437365382,278.72,34561.5738750248,C,6.200052718682691,6.917550032380834,SUP_1896,6,88.92,283,1.28,22.0,60.0,Category_011,278.72,6,2838,1.02,831.0,11.079999999999998,34561.5738750248,0.10391752577319585,0.0010093942607501823,Non-Critical,Automated Replenishment
Product_2096,90.07471238763071,383.2,34516.62978694009,C,22.518678096907678,18.354921612955092,SUP_1731,2,63.03,426,1.28,34.0,80.0,Category_009,383.2,2,5636,13.46,275.0,36.97,34516.62978694009,0.3708247422680412,0.001008081638103673,Non-Critical,Automated Replenishment
Product_1762,184.0251008226778,187.43,34491.8246471945,C,2.7882591033739064,3.2271709051641935,SUP_1841,10,66.69,25,1.28,14.0,42.0,Category_001,187.43,10,2826,1.5,833.0,33.31,34491.8246471945,0.33309278350515464,0.0010073571871343152,Non-Critical,Automated Replenishment
Product_1925,384.6386280463739,89.41,34390.53973362629,C,48.07982850579674,28.610051965631662,SUP_1446,10,76.81,31,1.28,116.0,597.0,Category_001,89.41,10,4013,33.27,305.0,23.189999999999998,34390.53973362629,0.22876288659793811,0.0010043990923778083,Non-Critical,Automated Replenishment
Product_0763,342.2550658062598,99.54,34068.0692503551,C,4.503356129029734,4.24294306703031,SUP_1729,4,79.17,343,1.28,11.0,30.0,Category_001,99.54,4,5291,1.69,1464.0,20.83,34068.0692503551,0.20443298969072163,0.0009949811226912344,Non-Critical,Automated Replenishment
Product_0579,78.37105761680866,434.32,34038.11774413234,C,39.18552880840433,1.1518362053167748,SUP_1691,4,48.62,131,1.28,3.0,160.0,Category_012,434.32,4,4917,10.67,269.0,51.38,34038.11774413234,0.5193814432989691,0.0009941063685902952,Bottleneck,Maintain Higher Safety Stock
Product_1614,120.97436777940408,280.14,33889.759389722254,C,10.997669798127644,12.206558062297843,SUP_1768,3,45.26,532,1.28,28.0,61.0,Category_005,280.14,3,1351,3.24,318.0,54.74,33889.759389722254,0.554020618556701,0.000989773461992425,Bottleneck,Maintain Higher Safety Stock
Product_1076,150.0,224.18,33627.0,C,75.0,106.06601717798213,SUP_1387,4,54.49,311,1.28,272.0,572.0,Category_020,224.18,4,2273,85.7,90.0,45.51,33627.0,0.45886597938144325,0.0009820993953858828,Non-Critical,Automated Replenishment
Product_0520,195.34224528576644,171.68,33536.35667066038,C,6.104445165180201,8.952282101045371,SUP_1777,5,61.0,385,1.28,26.0,57.0,Category_022,171.68,5,5487,2.72,888.0,39.0,33536.35667066038,0.3917525773195876,0.000979452095331159,Non-Critical,Automated Replenishment
Product_2158,114.72064059512053,291.93,33490.39660893354,C,6.748272976183561,6.551766668384723,SUP_1613,9,78.05,377,1.28,26.0,87.0,Category_022,291.93,9,3936,9.76,305.0,21.950000000000003,33490.39660893354,0.215979381443299,0.0009781098004837496,Non-Critical,Automated Replenishment
Product_0326,87.39105220672279,380.52,33254.043185702154,C,3.7996109655096864,3.185648136974711,SUP_1757,11,43.54,390,1.28,14.0,56.0,Category_021,380.52,11,5392,3.06,555.0,56.46,33254.043185702154,0.5717525773195876,0.0009712069380799394,Bottleneck,Maintain Higher Safety Stock
Product_1960,187.6743689749983,176.95,33208.97959012594,C,5.072280242567521,4.238894470356349,SUP_1798,6,56.96,51,1.28,14.0,45.0,Category_029,176.95,6,4951,1.9,989.0,43.04,33208.97959012594,0.43340206185567004,0.0009698908251358972,Non-Critical,Automated Replenishment
Product_1803,264.95341160615885,124.85,33079.43343902893,C,3.4409533974825823,6.089419625422692,SUP_1730,3,60.16,237,1.28,14.0,25.0,Category_006,124.85,3,5737,2.77,1048.0,39.84,33079.43343902893,0.4004123711340206,0.0009661073417247411,Non-Critical,Automated Replenishment
Product_1941,40.895299602563824,792.1,32393.166815190805,C,1.7039708167734926,0.9791991943111162,SUP_2030,9,18.04,270,1.28,4.0,20.0,Category_001,792.1,9,3511,1.02,531.0,81.96000000000001,32393.166815190805,0.834639175257732,0.0009460644584361654,Bottleneck,Maintain Higher Safety Stock
Product_1761,220.7500287651807,145.51,32121.33668562144,C,2.12259643043443,4.184863189432985,SUP_1795,4,71.11,102,1.28,11.0,20.0,Category_001,145.51,4,5506,1.39,1323.0,28.89,32121.33668562144,0.28752577319587624,0.0009381254747058969,Non-Critical,Automated Replenishment
Product_0765,154.1096149024997,206.88,31882.197131029134,C,3.758771095182919,3.4118602770078565,SUP_1872,14,89.51,146,1.28,17.0,70.0,Category_001,206.88,14,3676,1.49,873.0,10.489999999999995,31882.197131029134,0.09783505154639169,0.0009311412414416166,Non-Critical,Automated Replenishment
Product_0352,161.56867469861356,197.06,31838.72303610879,C,5.98402498883754,11.269107424328073,SUP_1710,9,70.96,478,1.28,44.0,98.0,Category_021,197.06,9,970,5.06,249.0,29.040000000000006,31838.72303610879,0.28907216494845367,0.0009298715509448069,Non-Critical,Automated Replenishment
Product_0750,174.40122102752252,180.97,31561.38896935075,C,7.2667175428134385,6.990307119163944,SUP_1714,6,60.2,260,1.28,22.0,66.0,Category_001,180.97,6,1511,2.76,437.0,39.8,31561.38896935075,0.39999999999999997,0.0009217718209872437,Non-Critical,Automated Replenishment
Product_1869,169.28150449683025,185.62,31422.032864701632,C,1.8602363131519808,3.1010324643677842,SUP_1849,6,61.46,246,1.28,10.0,22.0,Category_001,185.62,6,1355,1.26,604.0,38.54,31422.032864701632,0.3870103092783505,0.0009177018312135728,Non-Critical,Automated Replenishment
Product_0565,67.29895122091001,466.68,31407.074555774285,C,3.542050064258422,4.561120336490769,SUP_1922,14,51.75,180,1.28,22.0,72.0,Category_015,466.68,14,1626,1.24,421.0,48.25,31407.074555774285,0.48711340206185566,0.0009172649636323571,Non-Critical,Automated Replenishment
Product_0537,70.93117226877848,439.65,31184.889887968457,C,5.910931022398207,8.302508409063543,SUP_1862,7,56.93,97,1.28,29.0,71.0,Category_022,439.65,7,2172,3.39,302.0,43.07,31184.889887968457,0.43371134020618557,0.0009107759093629867,Non-Critical,Automated Replenishment
Product_1940,102.89895296217547,300.9,30962.294946318598,C,2.6384346913378325,3.125169867934829,SUP_1933,4,62.74,91,1.28,9.0,20.0,Category_001,300.9,4,2453,0.79,800.0,37.26,30962.294946318598,0.3738144329896907,0.0009042748727670881,Non-Critical,Automated Replenishment
Product_0594,376.41457081871897,81.88,30820.825058636707,C,34.21950643806536,19.556227728365506,SUP_1564,13,72.24,281,1.28,91.0,536.0,Category_032,81.88,13,4022,7.89,620.0,27.760000000000005,30820.825058636707,0.27587628865979386,0.0009001431485229481,Non-Critical,Automated Replenishment
Product_0057,71.86928894349367,427.74,30741.369652689984,C,0.9582571859132489,0.49284288332723014,SUP_1952,2,68.6,312,1.28,1.0,3.0,Category_019,427.74,2,4176,0.81,861.0,31.400000000000006,30741.369652689984,0.31340206185567016,0.000897822599376714,Non-Critical,Automated Replenishment
Product_1070,64.36601168794812,474.34,30531.37398406131,C,32.18300584397406,2.8252035343867252,SUP_1736,5,68.79,1125,1.28,9.0,170.0,Category_020,474.34,5,4710,16.33,193.0,31.209999999999994,30531.37398406131,0.3114432989690721,0.0008916895331146663,Non-Critical,Automated Replenishment
Product_1927,35.0,867.94,30377.9,C,2.3333333333333335,2.126924898488314,SUP_1960,12,52.96,368,1.28,10.0,38.0,Category_001,867.94,12,5431,1.72,471.0,47.04,30377.9,0.4746391752577319,0.0008872072210751126,Non-Critical,Automated Replenishment
Product_0666,347.341069207985,87.15,30270.774181475896,C,6.679635946307404,13.763642966137416,SUP_1700,9,51.39,111,1.28,53.0,114.0,Category_011,87.15,9,2802,2.95,813.0,48.61,30270.774181475896,0.49082474226804124,0.0008840785387185913,Non-Critical,Automated Replenishment
Product_1942,197.93427015494856,152.92,30268.108592094733,C,5.075237696280732,7.26247785443053,SUP_1734,12,21.22,543,1.28,33.0,94.0,Category_001,152.92,12,3314,4.3,553.0,78.78,30268.108592094733,0.8018556701030928,0.0008840006883685873,Bottleneck,Maintain Higher Safety Stock
Product_1883,142.10748827098095,212.95,30261.789627305392,C,5.921145344624207,13.434571546609542,SUP_1770,2,64.26,58,1.28,25.0,37.0,Category_006,212.95,2,3282,3.27,535.0,35.739999999999995,30261.789627305392,0.35814432989690714,0.0008838161387061411,Non-Critical,Automated Replenishment
Product_0509,165.0,181.53,29952.45,C,16.5,12.176936305071887,SUP_1602,2,79.87,65,1.28,23.0,56.0,Category_015,181.53,2,1249,16.58,158.0,20.129999999999995,29952.45,0.19721649484536077,0.0008747816645946973,Non-Critical,Automated Replenishment
Product_0629,33.31591453542592,897.78,29910.36175161468,C,1.9597596785544658,2.0477190457203256,SUP_1990,14,62.27,311,1.28,10.0,38.0,Category_001,897.78,14,3727,1.38,425.0,37.73,29910.36175161468,0.37865979381443293,0.0008735524486880725,Non-Critical,Automated Replenishment
Product_0578,80.81909727589321,369.49,29861.848252469783,C,4.489949848660734,5.13551649829102,SUP_1852,9,66.87,550,1.28,20.0,61.0,Category_012,369.49,9,1210,1.46,367.0,33.129999999999995,29861.848252469783,0.3312371134020618,0.0008721355789649852,Non-Critical,Automated Replenishment
Product_2151,57.5923685751104,516.96,29772.950858589073,C,3.5995230359444,2.4096917283282075,SUP_1963,9,58.71,212,1.28,10.0,43.0,Category_019,516.96,9,3396,1.29,551.0,41.29,29772.950858589073,0.415360824742268,0.0008695392701422646,Non-Critical,Automated Replenishment
Product_0263,89.5935861740699,329.44,29515.711029185586,C,1.8665330452931228,1.9479133428178914,SUP_1893,10,80.06,97,1.28,8.0,27.0,Category_001,329.44,10,5595,1.5,818.0,19.939999999999998,29515.711029185586,0.19525773195876286,0.0008620264060471525,Non-Critical,Automated Replenishment
Product_0637,18.991603671285905,1542.23,29289.420929967262,C,1.055089092849217,0.6081046936735467,SUP_2073,5,66.55,65,1.28,2.0,8.0,Category_007,1542.23,5,4679,0.77,481.0,33.45,29289.420929967262,0.3345360824742268,0.0008554174498624162,Non-Critical,Automated Replenishment
Product_0927,450.0,65.03,29263.5,C,112.5,131.49778198382919,SUP_1341,7,19.14,550,1.28,446.0,1234.0,Category_023,65.03,7,5402,25.54,437.0,80.86,29263.5,0.8232989690721649,0.0008546604114810951,Bottleneck,Maintain Higher Safety Stock
Product_1620,74.0694833209185,394.71,29235.96576159974,C,1.3716570985355276,1.23698600089492,SUP_1973,7,27.65,105,1.28,5.0,15.0,Category_006,394.71,7,1474,1.28,414.0,72.35,29235.96576159974,0.7355670103092783,0.000853856255330225,Bottleneck,Maintain Higher Safety Stock
Product_0585,186.0,156.09,29032.74,C,18.6,18.64403389827427,SUP_1476,7,53.65,403,1.28,64.0,195.0,Category_032,156.09,7,834,24.05,114.0,46.35,29032.74,0.4675257731958763,0.0008479209088052915,Non-Critical,Automated Replenishment
Product_1111,65.86983921182328,439.37,28941.231254498794,C,1.6889702362005967,1.9751355768654373,SUP_1940,4,37.02,83,1.28,6.0,13.0,Category_007,439.37,4,4617,1.29,687.0,62.98,28941.231254498794,0.6389690721649485,0.0008452483336832392,Bottleneck,Maintain Higher Safety Stock
Product_1715,160.53527762571807,179.77,28859.42685877534,C,3.733378549435304,4.065469498055613,SUP_1688,10,44.5,86,1.28,17.0,55.0,Category_026,179.77,10,1592,4.6,334.0,55.5,28859.42685877534,0.5618556701030928,0.0008428591806936798,Bottleneck,Maintain Higher Safety Stock
Product_1774,178.1360437649067,161.55,28777.87787022068,C,4.814487669321803,7.399857222287056,SUP_1800,11,28.29,148,1.28,32.0,85.0,Category_024,161.55,11,4214,2.17,832.0,71.71000000000001,28777.87787022068,0.7289690721649486,0.0008404774870441166,Bottleneck,Maintain Higher Safety Stock
Product_1694,54.15485113541509,523.24,28335.984308094594,C,1.7469306817875836,1.7638881711944339,SUP_1938,10,87.07,522,1.28,8.0,26.0,Category_021,523.24,10,3156,1.28,517.0,12.930000000000007,28335.984308094594,0.12298969072164954,0.0008275716851531081,Non-Critical,Automated Replenishment
Product_0655,74.29229670174934,380.65,28279.362739520882,C,3.9101208790394386,3.429863694475222,SUP_1918,7,75.85,553,1.28,12.0,40.0,Category_011,380.65,7,4528,1.01,817.0,24.150000000000006,28279.362739520882,0.23865979381443306,0.0008259180137503055,Non-Critical,Automated Replenishment
Product_0269,49.62384740428924,567.85,28178.901748525648,C,1.459524923655566,0.8418785480336801,SUP_2006,8,63.13,268,1.28,4.0,16.0,Category_001,567.85,8,2467,1.09,474.0,36.87,28178.901748525648,0.36979381443298964,0.0008229839822126635,Non-Critical,Automated Replenishment
Product_0494,35.15918966930024,789.52,27758.883427705925,C,3.1962899699363856,5.632657860962338,SUP_2044,12,86.32,101,1.28,25.0,64.0,Category_015,789.52,12,1136,1.16,263.0,13.680000000000007,27758.883427705925,0.13072164948453616,0.0008107170616152851,Non-Critical,Automated Replenishment
Product_2146,75.65615829834485,365.51,27653.082419628026,C,12.609359716390808,12.300015402555285,SUP_1575,14,32.51,12,1.28,59.0,236.0,Category_009,365.51,14,1744,16.95,125.0,67.49000000000001,27653.082419628026,0.6854639175257733,0.0008076270712484811,Bottleneck,Maintain Higher Safety Stock
Product_0784,635.4635842097988,43.49,27636.311277284152,C,12.96864457571018,16.755719061407557,SUP_1537,14,18.9,229,1.28,81.0,263.0,Category_001,43.49,14,3941,7.12,839.0,81.1,27636.311277284152,0.8257731958762886,0.0008071372586349309,Bottleneck,Maintain Higher Safety Stock
Product_1679,73.53045985262561,375.26,27593.040364296285,C,2.3719503178266326,4.053031087837063,SUP_1870,4,73.0,197,1.28,11.0,21.0,Category_021,375.26,4,5383,2.1,614.0,27.0,27593.040364296285,0.26804123711340205,0.0008058735022045869,Non-Critical,Automated Replenishment
Product_0716,420.7496996197973,65.18,27424.465421218392,C,8.249994110192103,13.670754983738213,SUP_1571,9,69.83,487,1.28,53.0,128.0,Category_001,65.18,9,5648,8.5,748.0,30.17,27424.465421218392,0.30072164948453606,0.0008009501563909845,Non-Critical,Automated Replenishment
Product_0665,347.33651034867995,78.86,27390.9572060969,C,7.39013851805702,10.254265707450598,SUP_1634,10,85.47,1173,1.28,42.0,116.0,Category_011,78.86,10,3766,3.85,825.0,14.530000000000001,27390.9572060969,0.13948453608247424,0.000799971526188728,Non-Critical,Automated Replenishment
Product_1664,109.27912585483807,249.49,27264.049109523552,C,7.285275056989205,14.084306868391488,SUP_1774,9,66.78,229,1.28,55.0,121.0,Category_026,249.49,9,3822,3.8,469.0,33.22,27264.049109523552,0.3321649484536082,0.000796265088953344,Non-Critical,Automated Replenishment
Product_0461,83.81426676229478,323.05,27076.19887755933,C,4.656348153460821,7.357646564568033,SUP_1834,2,99.0,1122,1.28,14.0,24.0,Category_015,323.05,2,3521,2.48,488.0,1.0,27076.19887755933,0.0,0.0007907787952240444,Non-Critical,Automated Replenishment
Product_0804,151.71981736802113,177.68,26957.577149949993,C,10.114654491201408,5.378204553699197,SUP_1741,3,57.7,241,1.28,12.0,43.0,Category_001,177.68,3,5994,5.09,598.0,42.3,26957.577149949993,0.4257731958762886,0.000787314367027513,Non-Critical,Automated Replenishment
Product_1767,106.86891662923563,251.12,26836.922343933653,C,1.5051960088624736,1.1816431104490768,SUP_1912,14,21.22,494,1.28,6.0,28.0,Category_001,251.12,14,4129,1.03,926.0,78.78,26836.922343933653,0.8018556701030928,0.000783790561393973,Bottleneck,Maintain Higher Safety Stock
Product_0946,81.42972999607467,326.62,26596.57841131791,C,1.1801410144358648,0.8711145620330345,SUP_1945,12,95.64,542,1.28,4.0,19.0,Category_018,326.62,12,1121,0.8,478.0,4.359999999999999,26596.57841131791,0.034639175257731955,0.0007767711534507552,Non-Critical,Automated Replenishment
Product_1837,127.95260738863048,201.76,25815.718066730085,C,3.4581785780710943,4.874065097982629,SUP_1877,11,76.48,164,1.28,21.0,60.0,Category_031,201.76,11,4415,1.65,828.0,23.519999999999996,25815.718066730085,0.23216494845360822,0.0007539655962407598,Non-Critical,Automated Replenishment
Product_1939,53.246614066465874,483.47,25743.140502714257,C,2.047946694864072,1.1270821297774436,SUP_2004,5,83.33,165,1.28,4.0,15.0,Category_001,483.47,5,5805,0.75,908.0,16.67,25743.140502714257,0.16154639175257735,0.000751845919143828,Non-Critical,Automated Replenishment
Product_0501,194.1109108765749,131.79,25581.876944423806,C,5.882148814441663,5.721085444150915,SUP_1709,3,75.65,716,1.28,13.0,31.0,Category_015,131.79,3,4226,4.75,588.0,24.349999999999994,25581.876944423806,0.24072164948453603,0.0007471361072933856,Non-Critical,Automated Replenishment
Product_1881,90.21284146605085,282.71,25504.072410867233,C,2.3740221438434435,1.9242863133040096,SUP_1898,12,58.23,87,1.28,9.0,38.0,Category_007,282.71,12,4292,1.41,742.0,41.77,25504.072410867233,0.42030927835051546,0.0007448637729976056,Non-Critical,Automated Replenishment
Product_1170,52.931724497564865,480.28,25422.048641690453,C,6.616465562195608,6.115879474477863,SUP_1760,12,99.0,633,1.28,28.0,108.0,Category_024,480.28,12,4928,5.04,322.0,1.0,25422.048641690453,0.0,0.000742468213057207,Non-Critical,Automated Replenishment
Product_0256,62.15957277466181,408.83,25412.698137464988,C,1.294991099472121,1.7349112401969644,SUP_1964,10,69.04,620,1.28,8.0,21.0,Category_001,408.83,10,2130,0.97,523.0,30.959999999999994,25412.698137464988,0.3088659793814432,0.0007421951252246206,Non-Critical,Automated Replenishment
Product_0350,74.80953071581806,333.39,24940.74944534658,C,2.3377978348693143,1.9546696115712516,SUP_1916,4,78.93,599,1.28,6.0,16.0,Category_021,333.39,4,2842,1.93,470.0,21.069999999999993,24940.74944534658,0.2069072164948453,0.0007284115428300375,Non-Critical,Automated Replenishment
Product_1961,24.0,1031.79,24762.96,C,3.0,1.4142135623730951,SUP_2067,2,35.65,93,1.28,3.0,9.0,Category_001,1031.79,2,3484,0.87,439.0,64.35,24762.96,0.6530927835051547,0.0007232190812134535,Bottleneck,Maintain Higher Safety Stock
Product_1859,74.63211986447608,330.66,24677.856754387663,C,1.2037438687818722,1.3967043492870608,SUP_1913,5,49.85,460,1.28,4.0,11.0,Category_001,330.66,5,1103,1.13,382.0,50.15,24677.856754387663,0.506701030927835,0.0007207335830702575,Bottleneck,Maintain Higher Safety Stock
Product_1874,86.4025014876355,285.32,24652.361724452163,C,1.5709545725024636,1.1985444943929697,SUP_1953,13,39.76,225,1.28,6.0,27.0,Category_001,285.32,13,5600,0.83,1080.0,60.24,24652.361724452163,0.6107216494845361,0.0007199889833889003,Bottleneck,Maintain Higher Safety Stock
Product_0640,96.27143432949013,254.22,24474.12403524298,C,2.8315127743967685,2.3626692389411286,SUP_1929,12,90.45,548,1.28,11.0,45.0,Category_019,254.22,12,4010,1.41,740.0,9.549999999999997,24474.12403524298,0.08814432989690718,0.0007147834305055829,Non-Critical,Automated Replenishment
Product_1895,76.6629580587537,317.35,24328.98973994549,C,5.897150619904131,8.268032066843984,SUP_1836,2,83.86,304,1.28,15.0,27.0,Category_021,317.35,2,1914,3.54,288.0,16.14,24328.98973994549,0.15608247422680413,0.0007105446847458832,Non-Critical,Automated Replenishment
Product_0651,90.2784325273544,268.39,24229.828506016645,C,1.8808006776532167,2.2343277875655074,SUP_1901,2,66.06,165,1.28,5.0,9.0,Category_011,268.39,2,1471,1.73,392.0,33.94,24229.828506016645,0.3395876288659793,0.000707648613496969,Non-Critical,Automated Replenishment
Product_0641,60.708364732734225,395.41,24004.694498970443,C,1.8971363978979445,3.4861366324855085,SUP_1928,13,74.03,150,1.28,17.0,42.0,Category_019,395.41,13,3391,1.23,579.0,25.97,24004.694498970443,0.2574226804123711,0.0007010734217700568,Non-Critical,Automated Replenishment
Product_1615,56.53919937176542,421.79,23847.668903016936,C,1.615405696336155,0.90580637033174,SUP_1986,6,46.01,167,1.28,3.0,13.0,Category_019,421.79,6,1103,1.2,323.0,53.99,23847.668903016936,0.5462886597938145,0.0006964873824907263,Bottleneck,Maintain Higher Safety Stock
Product_0106,60.0,394.03,23641.8,C,60.0,,SUP_1630,8,66.95,141,1.28,0.0,480.0,Category_032,394.03,8,2335,44.6,80.0,33.05,23641.8,0.33041237113402055,0.000690474841223837,Non-Critical,Automated Replenishment
Product_1174,168.3206742981403,140.28,23612.02419054312,C,12.02290530701002,8.594868839806965,SUP_1607,3,69.65,38,1.28,20.0,57.0,Category_026,140.28,3,3208,12.85,290.0,30.349999999999994,23612.02419054312,0.3025773195876288,0.0006896052184663884,Non-Critical,Automated Replenishment
Product_0354,179.39647212000014,131.54,23597.811942664815,C,5.7869829716129075,7.9236846693770335,SUP_1716,4,83.38,280,1.28,21.0,45.0,Category_021,131.54,4,1403,4.07,352.0,16.620000000000005,23597.811942664815,0.1610309278350516,0.0006891901401052988,Non-Critical,Automated Replenishment
Product_1800,46.0,512.31,23566.26,C,4.6,5.3374983736661585,SUP_1863,12,41.03,407,1.28,24.0,80.0,Category_017,512.31,12,1231,3.61,178.0,58.97,23566.26,0.5976288659793815,0.0006882686441700573,Bottleneck,Maintain Higher Safety Stock
Product_0751,73.20086768560128,316.44,23163.68257043167,C,3.4857556040762514,3.8978432681048654,SUP_1753,12,51.77,433,1.28,18.0,60.0,Category_001,316.44,12,2516,3.24,338.0,48.23,23163.68257043167,0.4869072164948453,0.0006765110966583833,Non-Critical,Automated Replenishment
Product_1083,86.04397546275167,267.28,22997.833761684265,C,6.1459982473394055,2.9135886274471696,SUP_1883,4,70.69,181,1.28,8.0,33.0,Category_016,267.28,4,3313,2.75,456.0,29.310000000000002,22997.833761684265,0.29185567010309277,0.0006716673694511898,Non-Critical,Automated Replenishment
Product_0580,54.0,421.77,22775.579999999998,C,18.0,18.0,SUP_1748,12,58.64,1009,1.28,80.0,296.0,Category_012,421.77,12,2138,10.73,147.0,41.36,22775.579999999998,0.4160824742268041,0.0006651762972481281,Non-Critical,Automated Replenishment
Product_1095,102.32494149363534,222.54,22771.392479993607,C,4.263539228901473,5.954776561138322,SUP_1859,5,75.43,664,1.28,18.0,40.0,Category_024,222.54,5,3785,1.7,676.0,24.569999999999993,22771.392479993607,0.24298969072164942,0.0006650539978795718,Non-Critical,Automated Replenishment
Product_0059,54.90047578053828,414.02,22729.894982658458,C,1.0166754774173756,0.7016904818304922,SUP_1994,8,99.0,124,1.28,3.0,12.0,Category_019,414.02,8,5626,0.81,874.0,1.0,22729.894982658458,0.0,0.0006638420352589729,Non-Critical,Automated Replenishment
Product_1124,334.439608487974,67.76,22661.62787114512,C,16.7219804243987,21.080088684236404,SUP_1470,9,59.73,408,1.28,81.0,232.0,Category_007,67.76,9,2782,17.33,328.0,40.27,22661.62787114512,0.40484536082474226,0.0006618482478577183,Non-Critical,Automated Replenishment
Product_2122,439.5186594120679,51.43,22604.444653562652,C,25.85403878894517,21.264261731354754,SUP_1428,6,47.07,225,1.28,67.0,223.0,Category_009,51.43,6,3133,15.65,420.0,52.93,22604.444653562652,0.5353608247422681,0.0006601781731137935,Bottleneck,Maintain Higher Safety Stock
Product_2126,200.0,112.05,22410.0,C,66.66666666666667,76.37626158259734,SUP_1443,5,78.73,315,1.28,219.0,553.0,Category_009,112.05,5,4436,60.47,172.0,21.269999999999996,22410.0,0.20896907216494842,0.0006544992848186765,Non-Critical,Automated Replenishment
Product_0339,127.25676344224686,171.89,21874.165068087812,C,5.532902758358559,12.7884791591758,SUP_1703,3,81.01,164,1.28,29.0,46.0,Category_021,171.89,3,4433,6.69,411.0,18.989999999999995,21874.165068087812,0.18546391752577315,0.0006388498613596229,Non-Critical,Automated Replenishment
Product_1720,45.67934217983479,476.57,21769.404102643864,C,3.262810155702485,2.167989591328937,SUP_1972,12,31.5,114,1.28,10.0,50.0,Category_003,476.57,12,2288,2.6,284.0,68.5,21769.404102643864,0.6958762886597938,0.0006357902461449875,Bottleneck,Maintain Higher Safety Stock
Product_0813,37.67575699281227,577.74,21766.79184502736,C,3.7675756992812266,1.6838347080699014,SUP_1931,2,51.86,196,1.28,4.0,12.0,Category_001,577.74,2,2812,3.05,264.0,48.14,21766.79184502736,0.48597938144329894,0.0006357139533854265,Non-Critical,Automated Replenishment
Product_0446,143.40445153491387,149.41,21426.05910383148,C,11.950370961242823,16.482376290526414,SUP_1713,13,62.65,425,1.28,77.0,233.0,Category_015,149.41,13,5288,5.81,511.0,37.35,21426.05910383148,0.3747422680412371,0.0006257626220410709,Non-Critical,Automated Replenishment
Product_1807,127.40334203299966,167.42,21329.8675231648,C,2.403836642132069,2.805041500492535,SUP_1844,13,29.72,370,1.28,13.0,45.0,Category_024,167.42,13,3645,1.9,700.0,70.28,21329.8675231648,0.7142268041237114,0.0006229532815345149,Bottleneck,Maintain Higher Safety Stock
Product_0457,85.27175787899854,248.71,21207.938902085727,C,5.015985757588149,4.606335150582055,SUP_1943,8,80.03,172,1.28,17.0,58.0,Category_015,248.71,8,1157,1.59,353.0,19.97,21207.938902085727,0.19556701030927834,0.0006193922732660998,Non-Critical,Automated Replenishment
Product_0251,243.41493776315383,86.99,21174.665436016752,C,5.795593756265568,8.356318209633372,SUP_1668,2,73.43,412,1.28,16.0,28.0,Category_007,86.99,2,1505,3.42,463.0,26.569999999999993,21174.665436016752,0.2636082474226803,0.0006184204990695097,Non-Critical,Automated Replenishment
Product_0800,94.63982979385946,222.39,21046.951747856405,C,3.6399934536099794,2.748299030856096,SUP_1845,8,49.47,603,1.28,10.0,40.0,Category_001,222.39,8,1967,2.5,386.0,50.53,21046.951747856405,0.510618556701031,0.0006146905339841683,Bottleneck,Maintain Higher Safety Stock
Product_0160,52.050110931591384,403.86,21020.957800832497,C,3.0617712312700816,3.204058111966483,SUP_1745,2,91.45,382,1.28,6.0,13.0,Category_021,403.86,2,2234,5.79,201.0,8.549999999999997,21020.957800832497,0.07783505154639171,0.000613931363090069,Non-Critical,Automated Replenishment
Product_1775,203.54223456519006,102.95,20954.67304848632,C,8.849662372399568,8.808475684455187,SUP_1665,4,14.48,336,1.28,23.0,59.0,Category_010,102.95,4,2429,6.86,380.0,85.52,20954.67304848632,0.871340206185567,0.0006119954718359434,Bottleneck,Maintain Higher Safety Stock
Product_2125,11.0,1895.44,20849.84,C,11.0,,SUP_2017,9,99.0,153,1.28,0.0,99.0,Category_009,1895.44,9,4764,4.14,160.0,1.0,20849.84,0.0,0.000608933751387052,Non-Critical,Automated Replenishment
Product_0270,41.3355741746595,501.46,20728.13702562475,C,1.4762705062378392,0.9515317406748376,SUP_2023,14,21.34,326,1.28,5.0,26.0,Category_001,501.46,14,1172,1.21,283.0,78.66,20728.13702562475,0.8006185567010309,0.0006053793332840218,Bottleneck,Maintain Higher Safety Stock
Product_1964,49.669481486917135,414.0,20563.165335583693,C,2.365213404138911,2.9191089110235775,SUP_2010,2,79.0,147,1.28,6.0,11.0,Category_001,414.0,2,4601,1.21,615.0,21.0,20563.165335583693,0.2061855670103093,0.0006005612229249321,Non-Critical,Automated Replenishment
Product_1814,180.581174475867,113.59,20512.21560871373,C,8.208235203448499,8.47271367839323,SUP_1780,4,43.53,671,1.28,22.0,55.0,Category_018,113.59,4,1761,2.46,509.0,56.47,20512.21560871373,0.5718556701030928,0.0005990732015149321,Bottleneck,Maintain Higher Safety Stock
Product_1893,45.91644623965557,445.31,20447.052674981023,C,6.559492319950796,7.064430034028612,SUP_1820,10,66.86,234,1.28,29.0,95.0,Category_021,445.31,10,1841,4.65,191.0,33.14,20447.052674981023,0.331340206185567,0.0005971700737360503,Non-Critical,Automated Replenishment
Product_2098,53.59079535778943,380.5,20391.29763363888,C,4.465899613149119,3.9763606073436093,SUP_1136,12,23.53,170,1.28,18.0,72.0,Category_009,380.5,12,1306,97.01,38.0,76.47,20391.29763363888,0.7780412371134021,0.0005955417098501302,Bottleneck,Maintain Higher Safety Stock
Product_1866,44.63538972903388,448.13,20002.457199271954,C,1.59412106175121,0.8556908888653539,SUP_2026,3,45.91,124,1.28,2.0,7.0,Category_001,448.13,3,2225,1.04,438.0,54.09,20002.457199271954,0.547319587628866,0.0005841853606220295,Bottleneck,Maintain Higher Safety Stock
Product_0328,59.80401969091541,332.72,19897.993431561375,C,2.847810461472162,4.623674081080355,SUP_1949,8,51.09,165,1.28,17.0,40.0,Category_021,332.72,8,2320,2.53,332.0,48.91,19897.993431561375,0.49391752577319586,0.0005811344252692388,Non-Critical,Automated Replenishment
Product_2094,95.45407920277482,207.64,19820.08500566416,C,11.931759900346853,5.846572298420094,SUP_1737,12,88.58,306,1.28,26.0,170.0,Category_009,207.64,12,5957,5.51,455.0,11.420000000000002,19820.08500566416,0.10742268041237114,0.0005788590567270222,Non-Critical,Automated Replenishment
Product_0507,140.92058379625848,138.38,19500.59038572625,C,5.032877992723518,5.814957357440161,SUP_1671,12,76.91,193,1.28,26.0,87.0,Category_012,138.38,12,3549,7.36,369.0,23.090000000000003,19500.59038572625,0.22773195876288663,0.0005695279991521548,Non-Critical,Automated Replenishment
Product_0156,38.10780789011486,508.73,19386.585107938135,C,3.4643461718286237,4.099119511853872,SUP_1976,9,55.34,306,1.28,16.0,48.0,Category_021,508.73,9,5731,2.26,440.0,44.66,19386.585107938135,0.4501030927835051,0.000566198397511018,Non-Critical,Automated Replenishment
Product_0266,101.8408636694222,189.35,19283.567535805094,C,1.885941919804115,3.672023243332259,SUP_1885,5,64.82,259,1.28,11.0,21.0,Category_001,189.35,5,932,2.06,304.0,35.18000000000001,19283.567535805094,0.3523711340206186,0.0005631896992832255,Non-Critical,Automated Replenishment
Product_1956,58.919080787803594,322.0,18971.944013672757,C,1.8412212746188623,1.4082755214149179,SUP_1927,3,71.46,65,1.28,4.0,10.0,Category_001,322.0,3,3497,2.17,436.0,28.540000000000006,18971.944013672757,0.2839175257731959,0.0005540885224707181,Non-Critical,Automated Replenishment
Product_1711,46.59081118225683,402.83,18768.176468548518,C,1.7919542762406473,1.0947976986625598,SUP_1970,9,69.94,110,1.28,5.0,22.0,Category_026,402.83,9,1757,0.77,462.0,30.060000000000002,18768.176468548518,0.2995876288659794,0.0005481373527896349,Non-Critical,Automated Replenishment
Product_1110,89.0,210.57,18740.73,C,3.56,6.526101439603893,SUP_1826,14,70.66,200,1.28,32.0,82.0,Category_007,210.57,14,5385,3.08,558.0,29.340000000000003,18740.73,0.29216494845360824,0.0005473357600169529,Non-Critical,Automated Replenishment
Product_1962,58.661827838192046,315.24,18492.55460771166,C,1.892317027038453,1.7307243949555022,SUP_1908,8,74.63,95,1.28,7.0,23.0,Category_001,315.24,8,5524,1.35,693.0,25.370000000000005,18492.55460771166,0.2512371134020619,0.0005400876289699956,Non-Critical,Automated Replenishment
Product_1806,78.06414537317471,234.91,18338.04838961247,C,2.296004275681609,1.7357305396967935,SUP_1899,9,70.1,142,1.28,7.0,28.0,Category_006,234.91,9,1731,1.73,396.0,29.900000000000006,18338.04838961247,0.29793814432989696,0.0005355751698336298,Non-Critical,Automated Replenishment
Product_0777,23.320791490229784,781.56,18226.59779710399,C,2.120071953657253,1.8090423223678642,SUP_1967,10,28.06,69,1.28,8.0,30.0,Category_001,781.56,10,5614,2.3,338.0,71.94,18226.59779710399,0.731340206185567,0.0005323201795128169,Bottleneck,Maintain Higher Safety Stock
Product_0539,45.507985598961255,397.95,18109.90286910663,C,5.688498199870157,4.350398707456577,SUP_1833,9,50.09,396,1.28,17.0,69.0,Category_022,397.95,9,1776,4.42,192.0,49.91,18109.90286910663,0.5042268041237113,0.0005289120248088348,Bottleneck,Maintain Higher Safety Stock
Product_1955,30.743892768156446,588.56,18094.625527626155,C,2.04959285121043,2.4639871077676134,SUP_2045,4,63.74,252,1.28,7.0,16.0,Category_001,588.56,4,1012,0.94,258.0,36.26,18094.625527626155,0.3635051546391752,0.0005284658396650195,Non-Critical,Automated Replenishment
Product_2152,65.59944942194282,273.81,17961.785246222164,C,2.186648314064761,2.2819005655056652,SUP_1955,2,75.67,433,1.28,5.0,10.0,Category_021,273.81,2,1594,1.08,441.0,24.33,17961.785246222164,0.24051546391752573,0.0005245861489388247,Non-Critical,Automated Replenishment
Product_0455,57.910590373225375,307.95,17833.566305434753,C,4.136470740944669,2.6671313422077305,SUP_1854,11,81.9,427,1.28,12.0,58.0,Category_015,307.95,11,4169,2.38,451.0,18.099999999999994,17833.566305434753,0.1762886597938144,0.0005208414276070278,Non-Critical,Automated Replenishment
Product_0447,103.09425202885518,170.2,17546.64169531115,C,6.064367766403246,10.13049248318084,SUP_1791,12,48.38,148,1.28,45.0,118.0,Category_015,170.2,12,5620,4.99,482.0,51.62,17546.64169531115,0.5218556701030928,0.0005124615993106076,Bottleneck,Maintain Higher Safety Stock
Product_1665,66.41451579702424,262.22,17415.214332295698,C,2.6565806318809693,2.284234878820497,SUP_1968,2,90.11,134,1.28,5.0,11.0,Category_026,262.22,2,1891,1.34,433.0,9.89,17415.214332295698,0.09164948453608247,0.0005086231738264837,Non-Critical,Automated Replenishment
Product_0616,94.32605828745439,181.74,17142.81783316196,C,2.0961346286100975,2.1735491094924835,SUP_1837,2,66.58,126,1.28,4.0,9.0,Category_001,181.74,2,3031,1.36,649.0,33.42,17142.81783316196,0.3342268041237113,0.000500667648888057,Non-Critical,Automated Replenishment
Product_0393,47.10632572952022,357.26,16829.205930128395,C,2.6170180960844567,3.1025699563323146,SUP_1980,12,38.05,630,1.28,14.0,46.0,Category_007,357.26,12,3093,1.23,487.0,61.95,16829.205930128395,0.6283505154639176,0.0004915084000595834,Bottleneck,Maintain Higher Safety Stock
Product_2103,82.76114974732427,201.55,16680.509731573205,C,8.276114974732426,8.013226234196472,SUP_1529,5,85.37,38,1.28,23.0,65.0,Category_009,201.55,5,5453,14.21,253.0,14.629999999999995,16680.509731573205,0.14051546391752573,0.0004871656264937812,Non-Critical,Automated Replenishment
Product_1953,89.45880017067888,186.34,16669.752823804305,C,2.555965719162254,2.498931071458512,SUP_1930,7,43.11,185,1.28,9.0,27.0,Category_001,186.34,7,3979,0.95,866.0,56.89,16669.752823804305,0.5761855670103093,0.00048685146368960424,Bottleneck,Maintain Higher Safety Stock
Product_0828,71.0,232.11,16479.81,C,3.227272727272727,5.281881142005033,SUP_1823,13,67.03,570,1.28,25.0,67.0,Category_008,232.11,13,3865,4.7,342.0,32.97,16479.81,0.32958762886597937,0.00048130405439302426,Non-Critical,Automated Replenishment
Product_1178,43.300707110578536,379.13,16416.59708683364,C,2.165035355528927,3.096866553158369,SUP_1889,5,67.87,312,1.28,9.0,20.0,Category_024,379.13,5,4984,1.69,506.0,32.129999999999995,16416.59708683364,0.3209278350515463,0.00047945787829045005,Non-Critical,Automated Replenishment
Product_0797,116.03977295301974,140.83,16341.881224973771,C,2.7628517369766605,2.820464217355941,SUP_1782,12,53.34,233,1.28,13.0,47.0,Category_001,140.83,12,3311,3.38,477.0,46.66,16341.881224973771,0.47072164948453604,0.0004772757507513204,Non-Critical,Automated Replenishment
Product_0807,49.59163240658351,327.33,16232.829035646979,C,4.95916324065835,5.774946730703983,SUP_1981,11,60.5,100,1.28,25.0,80.0,Category_001,327.33,11,2396,1.37,417.0,39.5,16232.829035646979,0.39690721649484534,0.00047409080742591674,Non-Critical,Automated Replenishment
Product_1915,108.85773317708629,148.5,16165.373376797314,C,15.551104739583755,11.219339596644357,SUP_1296,10,77.82,295,1.28,46.0,202.0,Category_009,148.5,10,5802,58.67,147.0,22.180000000000007,16165.373376797314,0.2183505154639176,0.0004721207190513483,Non-Critical,Automated Replenishment
Product_0456,79.20173867873201,203.58,16123.889960216264,C,3.443553855597044,2.7568089745189828,SUP_1878,2,28.38,149,1.28,5.0,12.0,Category_015,203.58,2,5227,2.68,556.0,71.62,16123.889960216264,0.7280412371134022,0.00047090916766874536,Bottleneck,Maintain Higher Safety Stock
Product_1690,41.12613061456834,390.18,16046.593643192275,C,1.9583871721223018,1.0927252753216916,SUP_1982,11,53.28,219,1.28,5.0,27.0,Category_021,390.18,11,873,1.23,242.0,46.72,16046.593643192275,0.471340206185567,0.0004686516761822965,Non-Critical,Automated Replenishment
Product_0675,69.1090722580494,232.0,16033.30476386746,C,2.0942143108499818,2.208790837392261,SUP_1954,13,74.43,274,1.28,11.0,39.0,Category_011,232.0,13,3382,0.92,713.0,25.569999999999993,16033.30476386746,0.25329896907216487,0.00046826356542753824,Non-Critical,Automated Replenishment
Product_0656,126.45173066221116,125.04,15811.524402002884,C,4.683397431933747,4.80194661774621,SUP_1809,7,38.72,56,1.28,17.0,50.0,Category_011,125.04,7,4689,2.54,684.0,61.28,15811.524402002884,0.6214432989690722,0.00046178631918803836,Bottleneck,Maintain Higher Safety Stock
Product_0521,73.60497114696553,208.55,15350.31673269966,C,7.360497114696552,6.677465876314806,SUP_1874,13,31.19,561,1.28,31.0,127.0,Category_022,208.55,13,5919,3.72,484.0,68.81,15350.31673269966,0.6990721649484537,0.00044831643566676,Bottleneck,Maintain Higher Safety Stock
Product_1946,57.90534731559647,259.92,15050.757874269835,C,1.5650093869080128,1.273681701727709,SUP_1957,4,87.2,65,1.28,4.0,11.0,Category_001,259.92,4,4950,0.98,765.0,12.799999999999997,15050.757874269835,0.12164948453608244,0.0004395676155595123,Non-Critical,Automated Replenishment
Product_0334,110.17933271528722,136.17,15003.119735840659,C,4.790405770229879,6.866661546309392,SUP_1827,11,67.53,174,1.28,30.0,83.0,Category_021,136.17,11,5073,3.49,566.0,32.47,15003.119735840659,0.3244329896907216,0.00043817631134121743,Non-Critical,Automated Replenishment
Product_1894,91.95201256941512,161.75,14873.238033102894,C,6.130134171294341,8.999762810278298,SUP_1936,13,38.22,270,1.28,42.0,122.0,Category_021,161.75,13,2480,1.54,545.0,61.78,14873.238033102894,0.62659793814433,0.0004343830279162777,Bottleneck,Maintain Higher Safety Stock
Product_1937,40.49484912176104,365.07,14783.454568881303,C,2.131307848513739,1.5260202849744466,SUP_2002,4,76.91,166,1.28,4.0,13.0,Category_001,365.07,4,2641,1.14,434.0,23.090000000000003,14783.454568881303,0.22773195876288663,0.00043176084080688126,Non-Critical,Automated Replenishment
Product_2051,35.204455531068234,417.76,14707.013342659066,C,5.867409255178039,2.0940051036024054,SUP_1988,8,55.05,287,1.28,8.0,55.0,Category_021,417.76,8,2334,2.77,244.0,44.95,14707.013342659066,0.45309278350515464,0.00042952832282860736,Non-Critical,Automated Replenishment
Product_1099,24.42496246964302,599.62,14645.695996047349,C,3.4892803528061456,2.3957163848628418,SUP_2043,6,53.75,87,1.28,8.0,29.0,Category_032,599.62,6,1116,2.17,159.0,46.25,14645.695996047349,0.4664948453608247,0.00042773750803591,Non-Critical,Automated Replenishment
Product_1171,67.82444907793227,211.72,14359.792358779821,C,2.712977963117291,5.48530162516408,SUP_1786,9,60.96,591,1.28,22.0,47.0,Category_024,211.72,9,3094,2.65,398.0,39.04,14359.792358779821,0.3921649484536082,0.0004193874979458317,Non-Critical,Automated Replenishment
Product_1097,199.0871695737341,71.91,14316.358364047217,C,14.220512112409578,13.324373188095356,SUP_1550,12,2.0,191,1.28,60.0,231.0,Category_032,71.91,12,4358,13.95,353.0,98.0,14316.358364047217,1.0,0.000418118978602266,Bottleneck,Maintain Higher Safety Stock
Product_1856,41.88852869327004,341.51,14305.35143403865,C,1.745355362219585,2.0265216768492373,SUP_2021,9,68.15,204,1.28,8.0,24.0,Category_001,341.51,9,4175,1.43,495.0,31.849999999999994,14305.35143403865,0.318041237113402,0.0004177975137286089,Non-Critical,Automated Replenishment
Product_1868,122.76990696719055,116.03,14244.99230540312,C,1.9487286820188976,1.5810845582216877,SUP_1887,4,50.58,72,1.28,5.0,13.0,Category_001,116.03,4,4592,1.25,950.0,49.42,14244.99230540312,0.49917525773195875,0.00041603468434332406,Non-Critical,Automated Replenishment
Product_1923,36.07701780191051,394.06,14216.509635020855,C,1.717953228662405,1.2560057392007828,SUP_1979,3,94.57,168,1.28,3.0,9.0,Category_001,394.06,3,2436,2.04,294.0,5.430000000000007,14216.509635020855,0.045670103092783576,0.0004152028285916543,Non-Critical,Automated Replenishment
Product_1769,51.78687758777342,273.07,14141.442662893287,C,1.9918029841451315,2.0130360951104236,SUP_1977,7,68.79,165,1.28,7.0,21.0,Category_001,273.07,7,3639,1.01,611.0,31.209999999999994,14141.442662893287,0.3114432989690721,0.00041301044663846396,Non-Critical,Automated Replenishment
Product_0112,60.0,232.94,13976.4,C,30.0,42.42640687119285,SUP_1720,8,39.58,131,1.28,154.0,394.0,Category_032,232.94,8,2037,15.36,127.0,60.42,13976.4,0.612577319587629,0.0004081902634689759,Bottleneck,Maintain Higher Safety Stock
Product_1089,89.35675955141448,154.88,13839.574919323075,C,17.871351910282897,13.670012163568485,SUP_1797,11,47.15,432,1.28,59.0,256.0,Category_020,154.88,11,4676,5.15,403.0,52.85,13839.574919323075,0.5345360824742268,0.00040419419397105956,Bottleneck,Maintain Higher Safety Stock
Product_1864,60.99837378746164,225.32,13744.153581790855,C,1.326051604075253,0.9825412945870461,SUP_1983,9,61.86,67,1.28,4.0,16.0,Category_001,225.32,9,2721,1.15,538.0,38.14,13744.153581790855,0.38288659793814434,0.000401407348938874,Non-Critical,Automated Replenishment
Product_1952,40.29415039682281,340.0,13700.011134919754,C,1.831552290764673,2.851282393808869,SUP_2033,13,61.96,187,1.28,14.0,38.0,Category_001,340.0,13,5981,1.29,612.0,38.04,13700.011134919754,0.38185567010309274,0.00040011813876898185,Non-Critical,Automated Replenishment
Product_0442,17.18008695263709,755.19,12974.229865762005,C,3.436017390527418,2.803660526506936,SUP_2034,7,64.39,255,1.28,10.0,35.0,Category_015,755.19,7,4177,1.44,316.0,35.61,12974.229865762005,0.3568041237113402,0.0003789212034009079,Non-Critical,Automated Replenishment
Product_1919,23.676195784321326,541.98,12832.024591186473,C,1.8212458295631788,1.1816362264620572,SUP_2042,5,41.03,113,1.28,4.0,14.0,Category_001,541.98,5,3866,1.15,399.0,58.97,12832.024591186473,0.5976288659793815,0.00037476800168260673,Bottleneck,Maintain Higher Safety Stock
Product_0624,38.157423829612725,328.08,12518.687610019342,C,1.413237919615286,1.0731316035594753,SUP_2014,11,51.74,107,1.28,5.0,21.0,Category_001,328.08,11,2568,0.98,448.0,48.26,12518.687610019342,0.4872164948453608,0.0003656167821341404,Non-Critical,Automated Replenishment
Product_1858,82.12764270416326,152.07,12489.150626022107,C,1.8665373341855287,2.9429958396370486,SUP_1866,7,52.31,122,1.28,10.0,24.0,Category_001,152.07,7,3784,1.47,651.0,47.69,12489.150626022107,0.48134020618556694,0.0003647541344365995,Non-Critical,Automated Replenishment
Product_1146,75.7482250103244,161.13,12205.311495913571,C,2.3671320315726376,2.547906736979189,SUP_1920,9,19.21,151,1.28,10.0,32.0,Category_028,161.13,9,3961,1.89,564.0,80.78999999999999,12205.311495913571,0.8225773195876288,0.00035646441968159766,Bottleneck,Maintain Higher Safety Stock
Product_0435,60.0,202.34,12140.4,C,60.0,,SUP_1622,6,54.43,116,1.28,0.0,360.0,Category_032,202.34,6,5371,28.88,150.0,45.57,12140.4,0.4594845360824742,0.00035456863531515664,Non-Critical,Automated Replenishment
Product_0511,30.0,403.78,12113.4,C,30.0,,SUP_1804,6,56.23,126,1.28,0.0,180.0,Category_022,403.78,6,5368,11.22,170.0,43.77,12113.4,0.4409278350515464,0.0003537800819599534,Non-Critical,Automated Replenishment
Product_1714,99.77817090750251,121.23,12096.10765911653,C,3.5635061038393756,4.09477773363559,SUP_1888,14,31.65,214,1.28,20.0,70.0,Category_026,121.23,14,4946,1.82,737.0,68.35,12096.10765911653,0.6943298969072165,0.000353275047388732,Bottleneck,Maintain Higher Safety Stock
Product_0965,22.44917388729661,537.37,12063.51257181658,C,1.0204169948771187,0.7332673515437835,SUP_2052,6,25.76,184,1.28,3.0,10.0,Category_006,537.37,6,4293,0.79,494.0,74.24,12063.51257181658,0.7550515463917525,0.0003523230857052684,Bottleneck,Maintain Higher Safety Stock
Product_0861,150.31242628922217,79.82,11997.937866405713,C,6.012497051568887,11.840613082151167,SUP_1766,4,63.63,159,1.28,31.0,56.0,Category_019,79.82,4,1030,3.25,309.0,36.37,11997.937866405713,0.36463917525773193,0.00035040793185459426,Non-Critical,Automated Replenishment
Product_2119,33.0,363.36,11990.880000000001,C,11.0,9.539392014169456,SUP_1978,13,51.87,90,1.28,45.0,188.0,Category_009,363.36,13,4339,2.83,319.0,48.13,11990.880000000001,0.4858762886597938,0.00035020180206812016,Non-Critical,Automated Replenishment
Product_1873,11.426099949526096,1025.37,11715.980105245571,C,1.269566661058455,0.43697332644543435,SUP_2094,5,84.09,87,1.28,2.0,9.0,Category_001,1025.37,5,5378,0.92,366.0,15.909999999999997,11715.980105245571,0.15371134020618554,0.0003421731637587269,Non-Critical,Automated Replenishment
Product_0945,24.22821155608873,475.67,11524.633390884726,C,1.153724359813749,1.1017176847854349,SUP_2058,11,85.16,130,1.28,5.0,18.0,Category_018,475.67,11,2384,0.91,357.0,14.840000000000003,11524.633390884726,0.14268041237113407,0.00033658475288404695,Non-Critical,Automated Replenishment
Product_1898,82.80200280563155,136.41,11295.0212027162,C,3.6000870785057195,5.23727124789685,SUP_1966,9,64.55,213,1.28,21.0,54.0,Category_024,136.41,9,4033,0.8,914.0,35.45,11295.0212027162,0.35515463917525775,0.0003298787728330897,Non-Critical,Automated Replenishment
Product_1943,75.35189199785273,149.67,11277.917675318617,C,3.276169217297945,3.3808158228967,SUP_1961,7,81.33,62,1.28,12.0,35.0,Category_001,149.67,7,4448,1.18,754.0,18.67,11277.917675318617,0.18216494845360828,0.0003293792526880832,Non-Critical,Automated Replenishment
Product_0499,39.841019980145866,282.42,11251.900862792796,C,3.064693844626605,3.218493321188955,SUP_2003,3,71.48,457,1.28,8.0,18.0,Category_015,282.42,3,2579,2.08,315.0,28.519999999999996,11251.900862792796,0.2837113402061855,0.00032861941399145623,Non-Critical,Automated Replenishment
Product_1119,66.9171245344833,164.11,10981.769307354056,C,3.0416874788401502,2.9193005989951284,SUP_1905,13,78.69,302,1.28,14.0,54.0,Category_007,164.11,13,4722,1.88,580.0,21.310000000000002,10981.769307354056,0.2093814432989691,0.00032073003827340124,Non-Critical,Automated Replenishment
Product_1854,11.587337254036463,946.28,10964.865496749624,C,0.8913336349258818,0.7082728720203668,SUP_2084,5,83.14,206,1.28,3.0,8.0,Category_001,946.28,5,2914,1.5,213.0,16.86,10964.865496749624,0.16350515463917525,0.0003202363509931107,Non-Critical,Automated Replenishment
Product_1965,23.98277261839157,456.05,10937.343452617477,C,1.2622511904416616,0.7522588177302119,SUP_2061,12,47.16,78,1.28,4.0,20.0,Category_001,456.05,12,4863,1.24,434.0,52.84,10937.343452617477,0.5344329896907217,0.00031943255098413085,Bottleneck,Maintain Higher Safety Stock
Product_0262,52.44203993817824,208.33,10925.250180320674,C,2.0976815975271297,1.7106697476962622,SUP_1944,5,31.52,223,1.28,5.0,16.0,Category_001,208.33,5,1046,0.95,340.0,68.48,10925.250180320674,0.6956701030927835,0.00031907935874542605,Bottleneck,Maintain Higher Safety Stock
Product_0331,29.94921700947375,362.43,10854.49472074357,C,1.99661446729825,1.8516866246874895,SUP_2041,4,77.3,160,1.28,5.0,13.0,Category_021,362.43,4,1775,1.36,280.0,22.700000000000003,10854.49472074357,0.2237113402061856,0.0003170128974473345,Non-Critical,Automated Replenishment
Product_1616,102.15741532341232,104.42,10667.277308070716,C,3.783607974941197,4.083005923357551,SUP_1839,7,99.0,595,1.28,14.0,41.0,Category_024,104.42,7,2859,2.66,469.0,1.0,10667.277308070716,0.0,0.0003115450856356439,Non-Critical,Automated Replenishment
Product_2157,124.04820530313788,84.85,10525.490219971249,C,7.296953253125757,10.379896328787352,SUP_1657,4,76.55,227,1.28,27.0,57.0,Category_022,84.85,4,4508,4.78,484.0,23.450000000000003,10525.490219971249,0.2314432989690722,0.00030740409733766874,Non-Critical,Automated Replenishment
Product_0362,28.020998447482206,365.72,10247.839552213194,C,1.6482940263224828,0.6071238738999752,SUP_2056,11,71.67,198,1.28,3.0,22.0,Category_030,365.72,11,2357,0.9,384.0,28.33,10247.839552213194,0.2817525773195876,0.00029929512083266764,Non-Critical,Automated Replenishment
Product_1936,42.250719231529715,241.95,10222.561518068615,C,1.1736310897647142,0.8197136120015859,SUP_2018,12,79.23,542,1.28,4.0,19.0,Category_001,241.95,12,3865,1.04,561.0,20.769999999999996,10222.561518068615,0.20381443298969068,0.0002985568586609028,Non-Critical,Automated Replenishment
Product_0340,43.420121693514126,233.44,10135.993208133938,C,3.1014372638224375,4.508045846393791,SUP_1959,8,37.16,327,1.28,17.0,42.0,Category_021,233.44,8,3415,1.0,545.0,62.84,10135.993208133938,0.6375257731958763,0.0002960285723181894,Bottleneck,Maintain Higher Safety Stock
Product_0515,69.0,145.63,10048.47,C,17.25,6.898067362191626,SUP_1778,7,68.83,225,1.28,24.0,145.0,Category_022,145.63,7,5072,9.82,267.0,31.17,10048.47,0.31103092783505154,0.00029347239752440545,Non-Critical,Automated Replenishment
Product_1975,11.0,900.6,9906.6,C,0.9166666666666666,0.7929614610987591,SUP_2089,9,44.76,175,1.28,4.0,13.0,Category_006,900.6,9,1449,0.82,198.0,55.24,9906.6,0.5591752577319589,0.00028932898772800983,Bottleneck,Maintain Higher Safety Stock
Product_0500,11.793974617576428,824.43,9723.306493968534,C,1.6848535167966325,0.6994253060224375,SUP_2068,13,14.07,90,1.28,4.0,26.0,Category_015,824.43,13,2222,0.98,232.0,85.93,9723.306493968534,0.8755670103092784,0.0002839757762773404,Bottleneck,Maintain Higher Safety Stock
Product_1855,41.184271421960524,233.19,9603.760252886974,C,3.43202261849671,3.207176623066126,SUP_1884,3,44.78,478,1.28,8.0,19.0,Category_001,233.19,3,3074,3.9,255.0,55.22,9603.760252886974,0.5589690721649485,0.0002804843470363479,Bottleneck,Maintain Higher Safety Stock
Product_0498,16.609438614178398,576.64,9577.66668247983,C,1.186388472441314,1.614478866794188,SUP_2054,8,71.43,221,1.28,6.0,16.0,Category_015,576.64,8,3396,1.06,327.0,28.569999999999993,9577.66668247983,0.28422680412371126,0.0002797222665736151,Non-Critical,Automated Replenishment
Product_2127,84.66319102487054,112.48,9522.915726477439,C,28.22106367495685,23.19903279407387,SUP_1776,6,55.67,440,1.28,73.0,243.0,Category_009,112.48,6,2041,6.79,226.0,44.33,9522.915726477439,0.44670103092783503,0.0002781232276826422,Non-Critical,Automated Replenishment
Product_2058,51.57225252049282,183.87,9482.590070943015,C,25.78612626024641,8.182818230843587,SUP_1746,5,99.0,207,1.28,24.0,153.0,Category_021,183.87,5,3694,16.0,155.0,1.0,9482.590070943015,0.0,0.00027694548949847773,Non-Critical,Automated Replenishment
Product_0694,71.02130735747576,131.65,9349.955113611684,C,4.177723962204457,4.385739272624767,SUP_1926,3,33.13,95,1.28,10.0,23.0,Category_001,131.65,3,5565,1.85,654.0,66.87,9349.955113611684,0.6790721649484537,0.00027307179540140896,Bottleneck,Maintain Higher Safety Stock
Product_0525,28.255681664872967,325.64,9201.180177349232,C,2.354640138739414,3.0155049019789986,SUP_2047,12,98.74,108,1.28,14.0,43.0,Category_022,325.64,12,1194,1.02,258.0,1.2600000000000051,9201.180177349232,0.002680412371134073,0.0002687267222473385,Non-Critical,Automated Replenishment
Product_0626,42.578258717827595,215.47,9174.337405930311,C,1.468215817856124,1.4374389954537952,SUP_1956,3,52.78,262,1.28,4.0,9.0,Category_001,215.47,3,1222,1.87,236.0,47.22,9174.337405930311,0.4764948453608247,0.0002679427608597332,Non-Critical,Automated Replenishment
Product_0402,73.44644690506746,124.51,9144.81710414995,C,4.896429793671164,8.255961592363724,SUP_1810,5,68.76,184,1.28,24.0,49.0,Category_024,124.51,5,2691,3.1,358.0,31.239999999999995,9144.81710414995,0.31175257731958755,0.00026708060037767704,Non-Critical,Automated Replenishment
Product_0163,70.12933385062567,129.65,9092.268133733618,C,14.025866770125134,17.36622043792281,SUP_1831,5,43.59,291,1.28,50.0,121.0,Category_021,129.65,5,1327,3.52,230.0,56.41,9092.268133733618,0.5712371134020618,0.00026554587197270395,Bottleneck,Maintain Higher Safety Stock
Product_0449,44.0,199.3,8769.2,C,3.142857142857143,3.3016812234222277,SUP_1946,9,82.16,219,1.28,13.0,42.0,Category_015,199.3,9,1188,1.69,249.0,17.840000000000003,8769.2,0.17360824742268044,0.00025611044749807845,Non-Critical,Automated Replenishment
Product_0812,36.442669446571315,239.25,8718.908665092187,C,2.6030478176122367,1.6844743376900229,SUP_1993,3,67.84,138,1.28,4.0,12.0,Category_001,239.25,3,3910,1.82,396.0,32.16,8718.908665092187,0.3212371134020618,0.0002546416548729227,Non-Critical,Automated Replenishment
Product_2117,29.65024624744175,292.72,8679.22008155115,C,29.65024624744175,,SUP_1880,11,80.59,274,1.28,0.0,327.0,Category_009,292.72,11,1999,10.22,108.0,19.409999999999997,8679.22008155115,0.18979381443298965,0.0002534825228094209,Non-Critical,Automated Replenishment
Product_0268,50.80818360701341,169.62,8618.084103421616,C,1.6936061202337804,1.117578620884308,SUP_2012,11,67.63,152,1.28,5.0,24.0,Category_001,169.62,11,3918,0.76,724.0,32.370000000000005,8618.084103421616,0.3234020618556701,0.00025169700500654406,Non-Critical,Automated Replenishment
Product_1976,62.69768724243943,137.33,8610.273389004207,C,1.6076330062163957,1.328255604626685,SUP_1985,3,60.44,96,1.28,3.0,8.0,Category_007,137.33,3,3415,1.09,627.0,39.56,8610.273389004207,0.3975257731958763,0.0002514688877820855,Non-Critical,Automated Replenishment
Product_1857,10.080069609780523,849.35,8561.507123067087,C,1.0080069609780522,0.025320233826734435,SUP_2101,6,72.5,115,1.28,1.0,8.0,Category_001,849.35,6,3064,0.96,254.0,27.5,8561.507123067087,0.27319587628865977,0.0002500446358329948,Non-Critical,Automated Replenishment
Product_1696,58.33400314345579,146.34,8536.59802001332,C,2.536261006237208,4.083931549501931,SUP_1971,4,59.18,77,1.28,11.0,22.0,Category_021,146.34,4,2566,1.05,534.0,40.82,8536.59802001332,0.41051546391752575,0.00024931714854454476,Non-Critical,Automated Replenishment
Product_1949,16.651825231198472,509.77,8488.600948108045,C,0.8764118542736038,0.39400624852302535,SUP_2069,6,62.61,329,1.28,2.0,8.0,Category_001,509.77,6,2903,0.84,340.0,37.39,8488.600948108045,0.3751546391752577,0.0002479153614300694,Non-Critical,Automated Replenishment
Product_0264,47.65473693679148,177.15,8442.03664835261,C,1.1623106569949142,0.9791402356126857,SUP_1989,6,70.18,252,1.28,4.0,11.0,Category_001,177.15,6,1121,1.11,311.0,29.819999999999993,8442.03664835261,0.2971134020618556,0.00024655541940026064,Non-Critical,Automated Replenishment
Product_1870,43.34431207373453,194.76,8441.738219480536,C,1.884535307553675,1.4157494949462894,SUP_1992,7,57.25,174,1.28,5.0,19.0,Category_001,194.76,7,2410,1.39,388.0,42.75,8441.738219480536,0.4304123711340206,0.00024654670358217304,Non-Critical,Automated Replenishment
Product_1876,32.07488416727334,260.34,8350.37534410794,C,3.5638760185859266,5.262972511291926,SUP_1911,2,13.08,144,1.28,10.0,18.0,Category_001,260.34,2,3604,2.23,322.0,86.92,8350.37534410794,0.8857731958762887,0.00024387838869639254,Bottleneck,Maintain Higher Safety Stock
Product_1117,30.0720892849147,274.64,8258.998601208972,C,1.6706716269397055,1.520359459508544,SUP_1769,2,64.4,336,1.28,3.0,7.0,Category_007,274.64,2,5959,3.86,305.0,35.599999999999994,8258.998601208972,0.35670103092783495,0.00024120966880007683,Non-Critical,Automated Replenishment
Product_0825,11.238269483197847,732.68,8234.055284949398,C,1.6054670690282637,1.2886137439175591,SUP_2080,12,55.28,214,1.28,6.0,26.0,Category_024,732.68,12,4918,1.28,294.0,44.72,8234.055284949398,0.450721649484536,0.0002404811822916923,Non-Critical,Automated Replenishment
Product_1950,17.910634673753478,450.83,8074.65142996828,C,1.990070519305942,1.0847735523855078,SUP_2075,2,93.37,173,1.28,2.0,6.0,Category_001,450.83,2,2803,1.05,310.0,6.6299999999999955,8074.65142996828,0.05804123711340201,0.00023582568434066682,Non-Critical,Automated Replenishment
Product_1867,48.58886872855585,164.08,7972.461580981445,C,1.6754782320191672,1.3092080272630395,SUP_2000,9,13.56,143,1.28,6.0,22.0,Category_001,164.08,9,2326,0.82,526.0,86.44,7972.461580981445,0.8808247422680412,0.00023284116033006386,Bottleneck,Maintain Higher Safety Stock
Product_1974,24.387776708264646,317.12,7733.851749724885,C,0.9379914118563325,0.5426284799289345,SUP_2057,2,82.31,169,1.28,1.0,3.0,Category_006,317.12,2,905,1.07,204.0,17.689999999999998,7733.851749724885,0.17206185567010307,0.0002258723979959218,Non-Critical,Automated Replenishment
Product_1681,53.1808008905513,145.36,7730.361217450538,C,2.5324190900262527,2.431584105972779,SUP_1895,9,42.11,99,1.28,10.0,33.0,Category_021,145.36,9,3622,2.26,413.0,57.89,7730.361217450538,0.5864948453608247,0.00022577045462790764,Bottleneck,Maintain Higher Safety Stock
Product_0473,47.62568053878043,162.17,7723.4566129740215,C,2.070681762555671,1.7615774770199475,SUP_1984,13,43.76,303,1.28,9.0,36.0,Category_015,162.17,13,3431,1.88,417.0,56.24,7723.4566129740215,0.5694845360824743,0.0002255688009602666,Bottleneck,Maintain Higher Safety Stock
Product_2097,30.0,252.2,7566.0,C,15.0,21.213203435596427,SUP_1347,2,51.04,191,1.28,39.0,69.0,Category_009,252.2,2,1410,66.91,36.0,48.96,7566.0,0.49443298969072164,0.00022097017353583698,Non-Critical,Automated Replenishment
Product_1709,62.32690940035292,120.78,7527.844117374625,C,3.8954318375220574,5.158972590602241,SUP_1950,3,18.83,86,1.28,12.0,24.0,Category_021,120.78,3,3599,1.74,508.0,81.17,7527.844117374625,0.8264948453608247,0.00021985580504454142,Bottleneck,Maintain Higher Safety Stock
Product_0824,47.47071732036258,156.71,7439.136111274021,C,15.823572440120861,12.299149406746762,SUP_1969,6,67.86,83,1.28,39.0,134.0,Category_017,156.71,6,4053,3.29,342.0,32.14,7439.136111274021,0.32103092783505155,0.00021726502742068884,Non-Critical,Automated Replenishment
Product_0271,25.934285520622748,285.72,7409.944058952332,C,1.1788311600283068,0.6812724583391281,SUP_2048,12,75.75,305,1.28,4.0,19.0,Category_001,285.72,12,1404,1.1,258.0,24.25,7409.944058952332,0.23969072164948454,0.00021641245368722456,Non-Critical,Automated Replenishment
Product_1772,88.14051070608706,83.92,7396.751658454826,C,1.4939069611201197,1.7978539546723389,SUP_1919,10,41.42,383,1.28,8.0,23.0,Category_024,83.92,10,1122,0.87,477.0,58.58,7396.751658454826,0.5936082474226804,0.0002160271606622063,Bottleneck,Maintain Higher Safety Stock
Product_0611,30.146219018376605,243.49,7340.30286878452,C,2.740565365306964,3.571036039765424,SUP_1965,7,65.05,361,1.28,13.0,33.0,Category_001,243.49,7,3673,2.83,280.0,34.95,7340.30286878452,0.35,0.00021437853538473664,Non-Critical,Automated Replenishment
Product_1909,122.3472923805993,59.82,7318.81503020745,C,1.5293411547574913,1.6300448475319778,SUP_1814,11,99.0,64,1.28,7.0,24.0,Category_019,59.82,11,3248,2.29,590.0,1.0,7318.81503020745,0.0,0.00021375096845118057,Non-Critical,Automated Replenishment
Product_1945,23.42520721691405,312.24,7314.2867014092435,C,1.2329056429954763,1.1300280388678368,SUP_2032,5,93.81,120,1.28,4.0,11.0,Category_001,312.24,5,3652,1.13,390.0,6.189999999999998,7314.2867014092435,0.05350515463917523,0.00021361871553016986,Non-Critical,Automated Replenishment
Product_2120,8.467774693955821,842.13,7130.967103021016,C,1.4112957823259702,1.618332200917466,SUP_1670,5,74.79,524,1.28,5.0,13.0,Category_009,842.13,5,1120,9.07,46.0,25.209999999999994,7130.967103021016,0.24958762886597932,0.000208264742034483,Non-Critical,Automated Replenishment
Product_1091,52.14500388805824,136.07,7095.370679048085,C,6.51812548600728,10.831787732814908,SUP_1906,9,69.86,87,1.28,42.0,101.0,Category_024,136.07,9,1255,1.73,276.0,30.14,7095.370679048085,0.3004123711340206,0.00020722512427310925,Non-Critical,Automated Replenishment
Product_1933,26.447925465782763,264.73,7001.559308556672,C,1.2021784302628529,0.6507638764313914,SUP_2059,10,45.77,174,1.28,3.0,16.0,Category_001,264.73,10,2454,1.46,299.0,54.23,7001.559308556672,0.5487628865979381,0.00020448529942284198,Bottleneck,Maintain Higher Safety Stock
Product_1708,40.7963731234371,168.49,6873.780907567917,C,2.399786654319829,1.5204742908552775,SUP_1892,7,76.59,96,1.28,6.0,23.0,Category_021,168.49,7,2367,2.99,255.0,23.409999999999997,6873.780907567917,0.23103092783505152,0.00020075344435535364,Non-Critical,Automated Replenishment
Product_1768,44.93805430152291,151.55,6810.362129395798,C,1.182580376355866,1.022645639000431,SUP_1996,8,73.5,332,1.28,4.0,14.0,Category_001,151.55,8,1897,1.24,371.0,26.5,6810.362129395798,0.2628865979381443,0.0001989012558253346,Non-Critical,Automated Replenishment
Product_0864,27.47161218963896,243.69,6694.5571744931185,C,1.716975761852435,1.090313426955003,SUP_2027,6,73.62,151,1.28,4.0,15.0,Category_019,243.69,6,3749,1.18,418.0,26.379999999999995,6694.5571744931185,0.2616494845360824,0.00019551909339060624,Non-Critical,Automated Replenishment
Product_0167,70.44902380788004,94.22,6637.707023178457,C,6.404456709807277,12.491955296856025,SUP_1751,6,83.29,486,1.28,40.0,79.0,Category_021,94.22,6,3739,7.9,259.0,16.709999999999994,6637.707023178457,0.16195876288659788,0.00019385874607345856,Non-Critical,Automated Replenishment
Product_1951,13.393769119317778,493.87,6614.780754957471,C,0.9566977942369841,0.2774507133575146,SUP_2086,7,81.33,195,1.28,1.0,8.0,Category_001,493.87,7,2996,1.23,256.0,18.67,6614.780754957471,0.18216494845360828,0.0001931891688242753,Non-Critical,Automated Replenishment
Product_1963,30.288906241265337,218.22,6609.645119968922,C,1.009630208042178,0.3882243795206442,SUP_2040,14,51.84,120,1.28,2.0,17.0,Category_001,218.22,14,4117,1.23,451.0,48.16,6609.645119968922,0.48618556701030924,0.00019303917911311534,Non-Critical,Automated Replenishment
Product_1756,21.828000253405566,300.33,6555.603316105294,C,1.2840000149062099,1.0195136004537957,SUP_2013,9,32.38,499,1.28,4.0,16.0,Category_001,300.33,9,4428,1.33,382.0,67.62,6555.603316105294,0.6868041237113403,0.00019146085149245243,Bottleneck,Maintain Higher Safety Stock
Product_0149,106.59000029043877,60.81,6481.737917661581,C,3.230000008801175,4.086648992558873,SUP_1843,6,63.65,173,1.28,13.0,33.0,Category_008,60.81,6,3257,1.6,659.0,36.35,6481.737917661581,0.36443298969072163,0.00018930356231555568,Non-Critical,Automated Replenishment
Product_1584,21.848210618894157,296.15,6470.347574785505,C,1.8206842182411798,1.898468409094771,SUP_2038,6,68.22,75,1.28,6.0,17.0,Category_031,296.15,6,3963,1.83,308.0,31.78,6470.347574785505,0.317319587628866,0.0001889708996084503,Non-Critical,Automated Replenishment
Product_1019,20.0,321.88,6437.6,C,20.0,,SUP_1935,12,51.06,323,1.28,0.0,240.0,Category_007,321.88,12,4644,4.14,212.0,48.94,6437.6,0.4942268041237113,0.00018801448442430665,Non-Critical,Automated Replenishment
Product_0450,39.95465073904766,159.78,6383.954095085035,C,2.663643382603177,3.0550824373090477,SUP_1999,9,63.87,79,1.28,12.0,36.0,Category_015,159.78,9,4594,0.88,646.0,36.13,6383.954095085035,0.36216494845360825,0.0001864477193015804,Non-Critical,Automated Replenishment
Product_0860,21.61422343598109,290.47,6278.283481449427,C,1.350888964748818,2.5087338895282634,SUP_1815,9,71.95,133,1.28,10.0,23.0,Category_019,290.47,9,2161,3.96,154.0,28.049999999999997,6278.283481449427,0.27886597938144325,0.00018336153719310846,Non-Critical,Automated Replenishment
Product_0257,22.647143347313843,276.91,6271.220464304677,C,1.0784353974911354,0.8608596375340212,SUP_2051,7,61.98,320,1.28,3.0,11.0,Category_001,276.91,7,5326,1.15,459.0,38.02,6271.220464304677,0.3816494845360825,0.00018315525697579918,Non-Critical,Automated Replenishment
Product_0862,17.941701909606927,343.42,6161.539269797211,C,1.631063809964266,1.118372010575786,SUP_2037,12,99.0,61,1.28,5.0,25.0,Category_019,343.42,12,3272,1.39,291.0,1.0,6161.539269797211,0.0,0.00017995194312648216,Non-Critical,Automated Replenishment
Product_1693,21.394683516899057,287.83,6158.0317566690555,C,1.1885935287166143,1.2488950348015568,SUP_1932,5,79.19,55,1.28,4.0,10.0,Category_021,287.83,5,5202,1.14,442.0,20.810000000000002,6158.0317566690555,0.20422680412371136,0.00017984950382108857,Non-Critical,Automated Replenishment
Product_1804,29.749726221431494,199.33,5930.01292771794,C,3.718715777678937,3.3258655254669067,SUP_2046,6,92.14,239,1.28,11.0,34.0,Category_006,199.33,6,1740,1.14,302.0,7.859999999999999,5930.01292771794,0.07072164948453608,0.00017319005890927702,Non-Critical,Automated Replenishment
Product_1179,9.0,640.78,5767.0199999999995,C,4.5,3.5355339059327378,SUP_2085,12,66.99,137,1.28,16.0,70.0,Category_024,640.78,12,3455,1.58,199.0,33.010000000000005,5767.0199999999995,0.33,0.00016842973964904077,Non-Critical,Automated Replenishment
Product_0526,27.7563132277048,201.28,5586.790726472423,C,2.5233012025186183,3.4356112222436206,SUP_1991,13,74.97,356,1.28,16.0,49.0,Category_022,201.28,13,1585,2.15,203.0,25.03,5586.790726472423,0.2477319587628866,0.00016316602119178112,Non-Critical,Automated Replenishment
Product_0959,26.630711954179898,208.07,5541.052236306211,C,0.8876903984726633,0.4495831220403386,SUP_2053,4,52.0,88,1.28,2.0,6.0,Category_028,208.07,4,1391,1.31,238.0,48.0,5541.052236306211,0.4845360824742268,0.0001618301974924294,Non-Critical,Automated Replenishment
Product_0530,17.885274174747536,308.35,5514.9242917834035,C,4.471318543686884,4.4221297295713935,SUP_1937,3,60.45,161,1.28,10.0,24.0,Category_022,308.35,3,3105,5.42,144.0,39.55,5514.9242917834035,0.39742268041237105,0.0001610671131102804,Non-Critical,Automated Replenishment
Product_1865,57.46829865945817,95.56,5491.670619897823,C,1.7958843331080678,1.270162859204391,SUP_2009,8,40.74,117,1.28,5.0,20.0,Category_001,95.56,8,2540,1.04,530.0,59.26,5491.670619897823,0.6006185567010309,0.00016038797381449633,Bottleneck,Maintain Higher Safety Stock
Product_0440,11.650351480702613,467.62,5447.937359406155,C,2.912587870175653,2.1128490659683803,SUP_2074,11,57.78,206,1.28,9.0,42.0,Category_012,467.62,11,5865,1.41,312.0,42.22,5447.937359406155,0.4249484536082474,0.00015911071421098962,Non-Critical,Automated Replenishment
Product_1861,13.106434916521124,414.8,5436.549203372962,C,0.6553217458260562,0.4936389715937827,SUP_2071,7,92.19,165,1.28,2.0,7.0,Category_001,414.8,7,5646,0.75,445.0,7.810000000000002,5436.549203372962,0.07020618556701033,0.00015877811537211734,Non-Critical,Automated Replenishment
Product_1172,82.48133804425103,64.19,5294.477089060473,C,9.164593116027893,10.099660837001826,SUP_1638,13,48.12,217,1.28,47.0,167.0,Category_024,64.19,13,4156,17.18,200.0,51.88,5294.477089060473,0.5245360824742269,0.00015462880268982365,Bottleneck,Maintain Higher Safety Stock
Product_0327,29.386066209764408,178.99,5259.811990885732,C,1.4693033104882205,1.013436742569245,SUP_2049,10,99.0,237,1.28,5.0,20.0,Category_021,178.99,10,4995,1.28,479.0,1.0,5259.811990885732,0.0,0.0001536163849315221,Non-Critical,Automated Replenishment
Product_0164,43.76337699585362,119.94,5248.979436882683,C,3.9784888178048745,3.55036477570316,SUP_2025,5,53.14,93,1.28,11.0,31.0,Category_021,119.94,5,5011,1.32,577.0,46.86,5248.979436882683,0.4727835051546391,0.00015330001282765085,Non-Critical,Automated Replenishment
Product_1566,45.24794910873229,115.9,5244.237301702073,C,1.005509980194051,0.3428365384211593,SUP_2020,3,75.94,119,1.28,1.0,5.0,Category_019,115.9,3,3384,1.32,482.0,24.060000000000002,5244.237301702073,0.23773195876288664,0.00015316151554589167,Non-Critical,Automated Replenishment
Product_1685,28.072484167894885,186.79,5243.659317721085,C,1.4774991667313098,2.146365299060082,SUP_1998,10,71.75,119,1.28,9.0,24.0,Category_021,186.79,10,5169,1.01,537.0,28.25,5243.659317721085,0.2809278350515464,0.00015314463513080051,Non-Critical,Automated Replenishment
Product_1781,46.0,113.3,5211.8,C,1.7692307692307692,2.232625222605752,SUP_1923,12,52.51,139,1.28,10.0,32.0,Category_018,113.3,12,5072,1.12,646.0,47.49,5211.8,0.4792783505154639,0.00015221416209808026,Non-Critical,Automated Replenishment
Product_1617,26.574975442485695,193.85,5151.558989525852,C,5.314995088497139,2.1663347837050253,SUP_2007,14,46.07,328,1.28,11.0,86.0,Category_024,193.85,14,2562,2.6,229.0,53.93,5151.558989525852,0.5456701030927835,0.00015045478243399794,Bottleneck,Maintain Higher Safety Stock
Product_1948,22.075041111904497,230.01,5077.480206149153,C,1.1618442690476052,0.6621800085338373,SUP_2066,6,71.87,150,1.28,3.0,10.0,Category_001,230.01,6,5412,1.15,456.0,28.129999999999995,5077.480206149153,0.27969072164948444,0.00014829126120506948,Non-Critical,Automated Replenishment
Product_1860,24.914560396206348,203.57,5071.857059855726,C,1.186407637914588,1.3248908777967014,SUP_2035,7,80.92,209,1.28,5.0,14.0,Category_001,203.57,7,1612,1.09,272.0,19.08,5071.857059855726,0.18639175257731957,0.00014812703339482945,Non-Critical,Automated Replenishment
Product_0319,18.0,280.66,5051.88,C,2.5714285714285716,1.3972762620115438,SUP_2063,2,76.69,100,1.28,3.0,9.0,Category_017,280.66,2,3143,1.72,257.0,23.310000000000002,5051.88,0.23000000000000004,0.00014754358978089137,Non-Critical,Automated Replenishment
Product_0363,19.103590022787234,264.38,5050.607130224489,C,0.8683450010357834,0.35337110360848745,SUP_2072,10,26.05,56,1.28,2.0,11.0,Category_023,264.38,10,2652,0.91,334.0,73.95,5050.607130224489,0.7520618556701032,0.00014750641475377225,Bottleneck,Maintain Higher Safety Stock
Product_1662,47.6237809003584,104.79,4990.496000548556,C,3.6633677615660307,3.5189791393007175,SUP_1941,3,91.43,96,1.28,8.0,19.0,Category_026,104.79,3,3093,3.17,305.0,8.569999999999993,4990.496000548556,0.07804123711340198,0.0001457508283466977,Non-Critical,Automated Replenishment
Product_1697,10.196615022085949,488.27,4978.701216833906,C,1.1329572246762165,0.5657901886836236,SUP_2095,14,80.07,153,1.28,3.0,19.0,Category_021,488.27,14,1486,0.92,182.0,19.930000000000007,4978.701216833906,0.1951546391752578,0.00014540635366995386,Non-Critical,Automated Replenishment
Product_0673,11.543449275956144,429.84,4961.836236776989,C,1.442931159494518,1.5913082227762878,SUP_2092,8,85.76,179,1.28,6.0,18.0,Category_011,429.84,8,3748,1.27,262.0,14.239999999999995,4961.836236776989,0.1364948453608247,0.00014491380046220136,Non-Critical,Automated Replenishment
Product_1862,13.627001003060386,363.1,4947.964064211226,C,1.3627001003060386,0.9502062705426447,SUP_2079,6,62.16,243,1.28,3.0,12.0,Category_001,363.1,6,3143,1.33,254.0,37.84,4947.964064211226,0.3797938144329897,0.00014450865423180543,Non-Critical,Automated Replenishment
Product_1707,7.475261173920032,644.86,4820.496920614072,C,1.2458768623200054,0.41548540164243125,SUP_2108,11,82.61,25,1.28,2.0,16.0,Category_026,644.86,11,2053,1.47,145.0,17.39,4820.496920614072,0.16896907216494847,0.0001407858896480385,Non-Critical,Automated Replenishment
Product_0573,35.0,135.56,4744.6,C,11.666666666666666,6.658328118479393,SUP_1869,9,64.6,148,1.28,26.0,131.0,Category_012,135.56,9,960,8.03,92.0,35.400000000000006,4744.6,0.354639175257732,0.00013856926848508224,Non-Critical,Automated Replenishment
Product_0736,172.34231956042575,26.17,4510.198502896342,C,5.55942966323954,3.4961845791689665,SUP_1694,6,97.43,165,1.28,11.0,45.0,Category_001,26.17,6,4504,4.39,595.0,2.569999999999993,4510.198502896342,0.01618556701030921,0.00013172341341079525,Non-Critical,Automated Replenishment
Product_0617,71.95775643361105,62.17,4473.6137174775995,C,1.8450706777848989,3.5257901864488175,SUP_1875,13,50.53,416,1.28,17.0,41.0,Category_001,62.17,13,5527,1.59,708.0,49.47,4473.6137174775995,0.4996907216494845,0.00013065492988148639,Non-Critical,Automated Replenishment
Product_0432,41.573092117564244,106.78,4439.17477631351,C,1.979671053217345,2.314994954763885,SUP_1942,9,46.65,83,1.28,9.0,27.0,Category_018,106.78,9,1542,2.54,225.0,53.35,4439.17477631351,0.5396907216494846,0.00012964911719242752,Bottleneck,Maintain Higher Safety Stock
Product_1799,23.941443252115185,181.29,4340.344247175962,C,5.985360813028796,4.230895539601949,SUP_1902,9,52.24,108,1.28,17.0,71.0,Category_024,181.29,9,2706,5.22,158.0,47.76,4340.344247175962,0.48206185567010307,0.00012676270440176366,Non-Critical,Automated Replenishment
Product_1808,31.0,137.24,4254.4400000000005,C,2.2142857142857144,2.516975334635768,SUP_2031,9,29.23,123,1.28,10.0,30.0,Category_028,137.24,9,3352,1.35,393.0,70.77,4254.4400000000005,0.7192783505154638,0.00012425381246336325,Bottleneck,Maintain Higher Safety Stock
Product_1086,36.0,115.99,4175.639999999999,C,36.0,,SUP_1721,12,62.89,82,1.28,0.0,432.0,Category_016,115.99,12,3036,33.5,81.0,37.11,4175.639999999999,0.3722680412371134,0.0001219524048933627,Non-Critical,Automated Replenishment
Product_1100,7.894037376304989,517.55,4085.5590441066465,C,1.5788074752609977,0.8829992164754192,SUP_2097,11,29.46,77,1.28,4.0,22.0,Category_032,517.55,11,1220,1.35,120.0,70.53999999999999,4085.5590441066465,0.7169072164948453,0.00011932152933745095,Bottleneck,Maintain Higher Safety Stock
Product_0528,23.978371050733585,167.49,4016.1373672873683,C,3.9963951751222644,3.5753006599671115,SUP_2024,9,28.69,119,1.28,14.0,50.0,Category_022,167.49,9,5949,1.95,383.0,71.31,4016.1373672873683,0.7248453608247423,0.00011729402207153703,Bottleneck,Maintain Higher Safety Stock
Product_1932,19.303735166187643,204.26,3942.9809450454877,C,1.2869156777458428,0.7714515037318249,SUP_2076,7,59.01,280,1.28,3.0,13.0,Category_001,204.26,7,4792,0.95,442.0,40.99,3942.9809450454877,0.4122680412371134,0.00011515743902659264,Non-Critical,Automated Replenishment
Product_1931,29.539914229064276,129.25,3818.033914106558,C,1.0940708973727509,0.9533533344008545,SUP_2039,8,81.93,78,1.28,4.0,13.0,Category_001,129.25,8,2565,1.04,382.0,18.069999999999993,3818.033914106558,0.17597938144329892,0.00011150827604623804,Non-Critical,Automated Replenishment
Product_0148,16.601989094427864,229.03,3802.353562296814,C,1.1067992729618576,1.10812904093961,SUP_2070,3,55.64,141,1.28,3.0,7.0,Category_023,229.03,3,2369,0.99,282.0,44.36,3802.353562296814,0.4470103092783505,0.00011105032071178097,Non-Critical,Automated Replenishment
Product_1922,17.74388261761638,204.08,3621.1715646031507,C,1.1829255078410919,1.182543387190901,SUP_2077,8,48.49,80,1.28,5.0,15.0,Category_001,204.08,8,3496,1.38,300.0,51.51,3621.1715646031507,0.5207216494845361,0.0001057587772975676,Bottleneck,Maintain Higher Safety Stock
Product_1687,57.37723696017892,62.6,3591.8150337072007,C,2.732249379056139,2.9446719872224167,SUP_1857,8,2.0,466,1.28,11.0,33.0,Category_021,62.6,8,838,2.61,192.0,98.0,3591.8150337072007,1.0,0.00010490139985552581,Bottleneck,Maintain Higher Safety Stock
Product_1921,12.031799802520851,294.49,3543.2447238443656,C,0.7519874876575532,0.44846760767349136,SUP_2087,13,11.75,57,1.28,3.0,13.0,Category_001,294.49,13,3344,0.9,300.0,88.25,3543.2447238443656,0.8994845360824743,0.00010348287093679992,Bottleneck,Maintain Higher Safety Stock
Product_0853,16.0703665369436,218.39,3509.6073480031123,C,16.0703665369436,,SUP_1860,13,30.82,624,1.28,0.0,209.0,Category_021,218.39,13,1251,11.06,61.0,69.18,3509.6073480031123,0.7028865979381445,0.0001025004685079165,Bottleneck,Maintain Higher Safety Stock
Product_0259,33.28906171165037,103.88,3458.0677306062403,C,1.4473505092021899,1.1526518725129355,SUP_2036,4,90.81,131,1.28,3.0,9.0,Category_001,103.88,4,1241,1.39,244.0,9.189999999999998,3458.0677306062403,0.08443298969072162,0.00010099521894405747,Non-Critical,Automated Replenishment
Product_1169,24.0,143.45,3442.7999999999997,C,1.1428571428571428,0.72702917999997,SUP_2062,10,39.51,131,1.28,3.0,15.0,Category_007,143.45,10,4938,1.23,439.0,60.49,3442.7999999999997,0.613298969072165,0.00010054931449235784,Bottleneck,Maintain Higher Safety Stock
Product_1935,27.45505319801452,107.56,2953.065521978442,C,1.7159408248759076,1.7409408116144438,SUP_2001,3,51.21,144,1.28,4.0,10.0,Category_001,107.56,3,5312,1.83,400.0,48.79,2953.065521978442,0.49268041237113397,8.624628612929861e-05,Non-Critical,Automated Replenishment
Product_0865,7.0,419.5,2936.5,C,1.4,1.51657508881031,SUP_2102,6,75.75,35,1.28,5.0,14.0,Category_019,419.5,6,5321,1.12,258.0,24.25,2936.5,0.23969072164948454,8.576247879830627e-05,Non-Critical,Automated Replenishment
Product_1071,14.198832856006144,206.47,2931.6330197795883,C,14.198832856006144,,SUP_2028,8,52.95,224,1.28,0.0,114.0,Category_020,206.47,8,5952,4.45,195.0,47.05,2931.6330197795883,0.47474226804123704,8.562033533228726e-05,Non-Critical,Automated Replenishment
Product_1882,53.464179886242626,53.43,2856.5911313219435,C,1.670755621445082,1.3035290854322563,SUP_1975,6,80.4,273,1.28,5.0,16.0,Category_006,53.43,6,1726,1.09,412.0,19.599999999999994,2856.5911313219435,0.19175257731958759,8.342868596472941e-05,Non-Critical,Automated Replenishment
Product_1702,28.370633564561,100.38,2847.844197210633,C,1.41853167822805,1.1781366596065914,SUP_2029,14,55.34,136,1.28,6.0,26.0,Category_026,100.38,14,2657,0.95,399.0,44.66,2847.844197210633,0.4501030927835051,8.317322580764736e-05,Non-Critical,Automated Replenishment
Product_0630,16.237845741095736,174.85,2839.1873278305893,C,0.8546234600576703,0.38129953753144363,SUP_2078,11,49.87,151,1.28,2.0,12.0,Category_001,174.85,11,3645,1.3,302.0,50.13,2839.1873278305893,0.5064948453608248,8.292039605226997e-05,Bottleneck,Maintain Higher Safety Stock
Product_0644,32.588973809391824,82.92,2702.2777082747702,C,1.551855895685325,1.082440690402109,SUP_2015,9,99.0,76,1.28,5.0,19.0,Category_019,82.92,9,5961,1.04,612.0,1.0,2702.2777082747702,0.0,7.89218575389241e-05,Non-Critical,Automated Replenishment
Product_0598,20.0,134.44,2688.8,C,1.1111111111111112,0.9002541398626663,SUP_2064,14,52.94,141,1.28,5.0,21.0,Category_017,134.44,14,3312,1.16,338.0,47.06,2688.8,0.47484536082474227,7.852823190631225e-05,Non-Critical,Automated Replenishment
Product_0527,3.0,856.17,2568.5099999999998,C,1.5,0.7071067811865476,SUP_2115,4,51.98,50,1.28,2.0,8.0,Category_022,856.17,4,3722,1.44,125.0,48.02,2568.5099999999998,0.4847422680412371,7.501508068048276e-05,Non-Critical,Automated Replenishment
Product_0944,13.282576524579575,193.15,2565.529655722545,C,0.7379209180321986,0.5836239956731827,SUP_2065,5,71.95,59,1.28,2.0,6.0,Category_018,193.15,5,3862,1.11,305.0,28.049999999999997,2565.529655722545,0.27886597938144325,7.492803769975507e-05,Non-Critical,Automated Replenishment
Product_0674,9.0,282.07,2538.63,C,1.2857142857142858,0.7559289460184545,SUP_2103,7,99.0,155,1.28,3.0,12.0,Category_011,282.07,7,4662,1.11,275.0,1.0,2538.63,0.0,7.41424149673912e-05,Non-Critical,Automated Replenishment
Product_0466,15.0,168.94,2534.1,C,7.5,6.363961030678928,SUP_2011,13,93.08,148,1.28,30.0,128.0,Category_012,168.94,13,5045,5.25,170.0,6.920000000000002,2534.1,0.06103092783505156,7.401011323779599e-05,Non-Critical,Automated Replenishment
Product_0465,3.0,837.37,2512.11,C,3.0,,SUP_2111,14,38.92,10,1.28,0.0,42.0,Category_012,837.37,14,5365,2.27,120.0,61.08,2512.11,0.619381443298969,7.33678803385027e-05,Bottleneck,Maintain Higher Safety Stock
Product_1947,13.406488141598077,178.44,2392.2537439867606,C,1.2187716492361889,0.8740000703463997,SUP_2088,13,21.19,71,1.28,5.0,21.0,Category_001,178.44,13,3897,0.75,374.0,78.81,2392.2537439867606,0.8021649484536083,6.986739690067541e-05,Bottleneck,Maintain Higher Safety Stock
Product_1934,6.2287762645728995,382.87,2384.811568417026,C,0.7785970330716124,0.4808404748403718,SUP_2100,4,84.71,62,1.28,2.0,6.0,Category_001,382.87,4,2192,1.06,161.0,15.290000000000006,2384.811568417026,0.14731958762886604,6.96500431038041e-05,Non-Critical,Automated Replenishment
Product_1773,8.734165708223934,267.68,2337.961476777383,C,1.2477379583177048,0.429996243237848,SUP_2106,10,11.96,50,1.28,2.0,15.0,Category_024,267.68,10,2842,1.07,216.0,88.03999999999999,2337.961476777383,0.8973195876288659,6.828175432772931e-05,Bottleneck,Maintain Higher Safety Stock
Product_1585,23.0,93.01,2139.23,C,4.6,6.107372593840989,SUP_1995,4,88.93,246,1.28,16.0,35.0,Category_031,93.01,4,5123,3.81,249.0,11.069999999999993,2139.23,0.10381443298969065,6.247766644634794e-05,Non-Critical,Automated Replenishment
Product_1695,6.626337415003393,317.85,2106.1813473588286,C,1.3252674830006785,1.6479763256753075,SUP_2104,2,94.18,107,1.28,3.0,6.0,Category_021,317.85,2,4534,0.96,251.0,5.819999999999993,2106.1813473588286,0.049690721649484466,6.15124580787501e-05,Non-Critical,Automated Replenishment
Product_0075,7.0,288.55,2019.8500000000001,C,1.4,0.5477225575051662,SUP_2110,12,55.72,15,1.28,3.0,20.0,Category_028,288.55,12,4911,1.45,218.0,44.28,2019.8500000000001,0.44618556701030926,5.8991092389156795e-05,Non-Critical,Automated Replenishment
Product_0531,21.0,88.16,1851.36,C,7.0,4.358898943540674,SUP_2050,7,65.4,114,1.28,15.0,64.0,Category_022,88.16,7,2476,1.26,288.0,34.599999999999994,1851.36,0.3463917525773195,5.407022739589044e-05,Non-Critical,Automated Replenishment
Product_1701,44.46739930749524,38.4,1707.5481334078172,C,1.6469407150924165,1.1885168246170092,SUP_2005,12,65.23,188,1.28,6.0,26.0,Category_026,38.4,12,2191,0.78,500.0,34.769999999999996,1707.5481334078172,0.34814432989690713,4.987010406554585e-05,Non-Critical,Automated Replenishment
Product_1863,3.0691859052590162,545.5,1674.2409113187935,C,0.7672964763147541,0.5125696602233334,SUP_2112,11,34.33,10,1.28,3.0,12.0,Category_001,545.5,11,1670,1.5,83.0,65.67,1674.2409113187935,0.6667010309278351,4.889734400144219e-05,Bottleneck,Maintain Higher Safety Stock
Product_0519,13.0,114.23,1484.99,C,3.25,4.573474244670748,SUP_2081,11,86.24,231,1.28,20.0,56.0,Category_022,114.23,11,3699,1.08,299.0,13.760000000000005,1484.99,0.13154639175257737,4.337014247937914e-05,Non-Critical,Automated Replenishment
Product_0518,6.0,236.71,1420.26,C,1.5,1.9148542155126762,SUP_2055,5,76.31,258,1.28,6.0,14.0,Category_022,236.71,5,1733,1.67,112.0,23.689999999999998,1420.26,0.23391752577319586,4.147965882447896e-05,Non-Critical,Automated Replenishment
Product_0597,5.052933866135079,278.65,1408.0000217985396,C,0.6316167332668848,0.5233343842969556,SUP_2093,8,59.82,48,1.28,2.0,8.0,Category_017,278.65,8,2366,1.16,144.0,40.18,1408.0000217985396,0.40391752577319584,4.112159782649822e-05,Non-Critical,Automated Replenishment
Product_0536,4.0,311.51,1246.04,C,2.0,2.8284271247461903,SUP_2105,5,80.15,10,1.28,9.0,19.0,Category_022,311.51,5,2440,1.3,123.0,19.849999999999994,1246.04,0.19432989690721644,3.63914452858306e-05,Non-Critical,Automated Replenishment
Product_0403,7.070884215514463,172.72,1221.283121703658,C,7.070884215514463,,SUP_2090,5,99.0,76,1.28,0.0,36.0,Category_032,172.72,5,3437,2.43,142.0,1.0,1221.283121703658,0.0,3.5668403824906956e-05,Non-Critical,Automated Replenishment
Product_1793,10.0,114.63,1146.3,C,3.3333333333333335,2.3094010767585034,SUP_2099,14,68.9,133,1.28,12.0,59.0,Category_024,114.63,14,2150,1.48,171.0,31.099999999999994,1146.3,0.31030927835051536,3.347847078035024e-05,Non-Critical,Automated Replenishment
Product_0647,11.447349322884717,96.94,1109.7060433604445,C,2.8618373307211793,3.569737015439045,SUP_2082,13,73.87,62,1.28,17.0,55.0,Category_027,96.94,13,5251,1.08,334.0,26.129999999999995,1109.7060433604445,0.25907216494845353,3.240971939930273e-05,Non-Critical,Automated Replenishment
Product_2060,3.488911321864068,253.47,884.3343527528854,C,1.1629704406213561,1.039075595685394,SUP_2091,5,77.1,142,1.28,3.0,9.0,Category_018,253.47,5,5655,2.0,141.0,22.900000000000006,884.3343527528854,0.22577319587628872,2.582758596239851e-05,Non-Critical,Automated Replenishment
Product_0633,9.161347166654709,94.5,865.74730724887,C,1.0179274629616344,0.70914917002995,SUP_2096,2,47.11,58,1.28,2.0,5.0,Category_001,94.5,2,4698,0.82,324.0,52.89,865.74730724887,0.5349484536082475,2.5284738662564946e-05,Bottleneck,Maintain Higher Safety Stock
Product_0467,3.095818243960511,260.18,805.4699907136458,C,0.7739545609901277,0.5179430386593402,SUP_2113,11,96.64,15,1.28,3.0,12.0,Category_013,260.18,11,5025,1.05,173.0,3.3599999999999994,805.4699907136458,0.024329896907216493,2.3524298655287245e-05,Non-Critical,Automated Replenishment
Product_2147,6.0,114.74,688.4399999999999,C,1.2,1.7888543819998317,SUP_2083,3,63.71,62,1.28,4.0,8.0,Category_027,114.74,3,2398,1.32,148.0,36.29,688.4399999999999,0.3638144329896907,2.010635821689289e-05,Non-Critical,Automated Replenishment
Product_0612,6.054581717278173,88.5,535.8304819791183,C,0.7568227146597716,0.4675005923628778,SUP_2107,5,50.13,20,1.28,2.0,6.0,Category_001,88.5,5,4382,1.31,202.0,49.87,535.8304819791183,0.5038144329896908,1.564929349573314e-05,Bottleneck,Maintain Higher Safety Stock
Product_0480,4.278925271215501,101.83,435.72296036787446,C,1.0697313178038752,1.2404569081085919,SUP_2098,9,74.02,124,1.28,5.0,15.0,Category_014,101.83,9,3608,1.07,170.0,25.980000000000004,435.72296036787446,0.25752577319587633,1.2725585271747004e-05,Non-Critical,Automated Replenishment
Product_1647,1.323844216253165,285.96,378.56649207975505,C,1.323844216253165,,SUP_2117,5,38.3,25,1.28,0.0,7.0,Category_024,285.96,5,4053,1.24,94.0,61.7,378.56649207975505,0.6257731958762888,1.1056291759148364e-05,Bottleneck,Maintain Higher Safety Stock
Product_0638,5.0,65.85,329.25,C,1.0,1.0,SUP_2109,11,56.14,50,1.28,5.0,16.0,Category_007,65.85,11,4913,0.96,227.0,43.86,329.25,0.44185567010309273,9.61597008150599e-06,Non-Critical,Automated Replenishment
Product_1944,0.0,256.91,0.0,C,0.0,,SUP_2114,3,54.08,15,1.28,0.0,0.0,Category_001,256.91,3,5745,0.8,0.0,45.92,0.0,0.46309278350515465,0.0,Non-Critical,Automated Replenishment
Product_0404,0.0,256.91,0.0,C,0.0,,SUP_1696,4,52.27,72,1.28,0.0,0.0,Category_001,256.91,4,4573,19.01,0.0,47.73,0.0,0.4817525773195876,0.0,Non-Critical,Automated Replenishment
Product_0438,0.0,256.91,0.0,C,0.0,0.0,SUP_1861,5,75.63,371,1.28,0.0,0.0,Category_012,256.91,5,4432,10.57,0.0,24.370000000000005,0.0,0.24092783505154644,0.0,Non-Critical,Automated Replenishment
Product_1619,0.0,256.91,0.0,C,0.0,0.0,SUP_2016,3,81.82,214,1.28,0.0,0.0,Category_024,256.91,3,3548,4.54,0.0,18.180000000000007,0.0,0.17711340206185575,0.0,Non-Critical,Automated Replenishment
Product_1811,0.0,256.91,0.0,C,0.0,,SUP_0769,12,55.87,411,1.28,0.0,0.0,Category_006,256.91,12,5106,441.76,0.0,44.13,0.0,0.44463917525773194,0.0,Non-Critical,Automated Replenishment
Product_2161,0.0,256.91,0.0,C,0.0,,SUP_1865,9,68.81,567,1.28,0.0,0.0,Category_022,256.91,9,5810,13.97,0.0,31.189999999999998,0.0,0.3112371134020618,0.0,Non-Critical,Automated Replenishment
Product_1698,0.0,256.91,0.0,C,0.0,,SUP_2116,12,87.11,15,1.28,0.0,0.0,Category_021,256.91,12,1737,1.34,0.0,12.89,0.0,0.12257731958762887,0.0,Non-Critical,Automated Replenishment
Product_0575,0.0,256.91,0.0,C,0.0,,SUP_1582,9,40.14,423,1.28,0.0,0.0,Category_012,256.91,9,906,46.23,0.0,59.86,0.0,0.6068041237113402,0.0,Bottleneck,Maintain Higher Safety Stock
Product_0592,0.0,256.91,0.0,C,0.0,0.0,SUP_1288,11,39.62,172,1.28,0.0,0.0,Category_032,256.91,11,4923,92.43,0.0,60.38,0.0,0.6121649484536082,0.0,Bottleneck,Maintain Higher Safety Stock
Product_1631,0.0,256.91,0.0,C,0.0,,SUP_1027,13,85.9,185,1.28,0.0,0.0,Category_019,256.91,13,4251,270.43,0.0,14.099999999999994,0.0,0.1350515463917525,0.0,Non-Critical,Automated Replenishment
Product_0948,0.0,256.91,0.0,C,0.0,,SUP_0847,14,41.11,81,1.28,0.0,0.0,Category_005,256.91,14,5075,298.07,0.0,58.89,0.0,0.5968041237113403,0.0,Bottleneck,Maintain Higher Safety Stock
Product_1433,0.0,256.91,0.0,C,0.0,,SUP_1028,2,99.0,255,1.28,0.0,0.0,Category_019,256.91,2,4279,295.15,0.0,1.0,0.0,0.0,0.0,Non-Critical,Automated Replenishment
Product_1745,0.0,256.91,0.0,C,0.0,0.0,SUP_1223,11,77.77,273,1.28,0.0,0.0,Category_030,256.91,11,1805,120.04,0.0,22.230000000000004,0.0,0.21886597938144334,0.0,Non-Critical,Automated Replenishment
