SKU,Annual_Demand,Unit_Cost,Annual_Consumption_Value,ABC_Category,Avg_Daily_Demand,Demand_Std_Dev,Supplier_ID,Lead_Time_Days,Supplier_Reliability,MOQ,Z_Value,Safety_Stock
Product_1359,56131008.49790945,0.61,34239915.18372476,A,21951.90007739908,65188.0543624767,SUP_0001,4,99.0,9637,2.33,303777.0
Product_0083,29638746.773106664,1.15,34084558.78907266,A,81425.12849754578,219971.7750676826,SUP_0002,14,67.54,9336,2.33,1917728.0
Product_1451,11742165.57469688,2.89,33934858.51087398,A,18092.705045757903,28886.460935507268,SUP_0009,14,41.25,11638,2.33,251834.0
Product_1480,11611219.457364557,2.92,33904760.815504506,A,41174.53708285304,161184.0236985625,SUP_0014,12,44.27,4057,2.33,1300974.0
Product_1248,30809329.17374824,1.1,33890262.09112307,A,29092.85096671222,76717.36139384037,SUP_0003,7,79.29,9755,2.33,472932.0
Product_1286,13759338.970264899,2.46,33847973.86685165,A,10192.102940936962,17288.09410749133,SUP_0007,5,75.78,3914,2.33,90072.0
Product_1274,10765858.886569563,3.14,33804796.90382843,A,9787.144442335966,17586.58562113319,SUP_0010,4,96.61,8473,2.33,81954.0
Product_1287,12743214.028135428,2.65,33769517.174558885,A,10744.699855088895,16444.092456274986,SUP_0008,11,81.91,10084,2.33,127076.0
Product_1378,10816252.91099644,3.12,33746709.082308896,A,6631.669473327063,9781.345251066243,SUP_0011,6,89.0,2382,2.33,55826.0
Product_1264,9464792.378298085,3.56,33694660.86674118,A,15880.524124661217,58661.59530636047,SUP_0016,6,54.26,1620,2.33,334800.0
Product_1241,13860075.321015397,2.43,33679983.030067414,A,16678.79100001853,69868.15910825667,SUP_0006,4,77.72,3691,2.33,325586.0
Product_1016,8091277.50789476,4.16,33659714.4328422,A,10268.118664841066,50424.41482909088,SUP_0021,8,65.18,6397,2.33,332309.0
Product_1341,10215680.355927262,3.29,33609588.37100069,A,37976.50689935785,83573.88242136447,SUP_0015,14,68.17,3980,2.33,728603.0
Product_1452,2690926.5028424114,12.46,33528944.225416448,A,3721.890045425189,5109.363619427428,SUP_0047,11,94.53,3004,2.33,39484.0
Product_1166,3762219.4806252867,8.9,33483753.377565052,A,99005.7758059286,155187.76960592676,SUP_0036,11,23.59,10844,2.33,1199251.0
Product_1152,5994109.568480752,5.58,33447131.3921226,A,124877.28267668234,178727.6059475856,SUP_0028,7,33.59,3023,2.33,1101785.0
Product_1470,3607810.101911903,9.25,33372243.4426851,A,4219.6609379086585,21241.686380269664,SUP_0039,8,59.95,4433,2.33,139988.0
Product_1295,16682962.48493052,2.0,33365924.96986104,A,10472.669482065612,15876.089714445849,SUP_0004,4,79.42,5564,2.33,73983.0
Product_1382,11457340.527530503,2.91,33340860.935113765,A,8006.5272729074095,10075.425609975613,SUP_0012,10,89.29,6938,2.33,74237.0
Product_1570,7325612.285456755,4.55,33331535.898828235,A,28067.480020907107,57383.214576659615,SUP_0024,6,31.63,15303,2.33,327504.0
Product_1157,7325012.028927348,4.54,33255554.61133016,A,49161.15455655938,59429.048622024005,SUP_0027,6,52.79,2807,2.33,339181.0
Product_1263,9077658.567848055,3.66,33224230.358323883,A,50998.081841843006,119882.53345031285,SUP_0018,12,65.46,7296,2.33,967615.0
Product_0931,2602951.2561592422,12.76,33213658.02859193,A,15221.937170521884,12788.638225211376,SUP_0055,6,28.56,3406,2.33,72989.0
Product_1520,1539241.52393473,21.55,33170654.840793435,A,6810.803203251018,10859.135885250587,SUP_0073,6,99.0,921,2.33,61977.0
Product_1278,4470218.301045088,7.41,33124317.610744104,A,15467.883394619683,31661.53548252616,SUP_0032,9,67.22,2915,2.33,221315.0
Product_1403,4902434.373871731,6.75,33091432.02363418,A,9061.801060761054,31910.483743470148,SUP_0030,9,84.91,1749,2.33,223055.0
Product_1360,8257923.445538782,4.0,33031693.782155126,A,11174.456624545035,30184.89350234126,SUP_0023,11,93.53,4761,2.33,233261.0
Product_1355,2253746.963323821,14.65,33017393.012693975,A,8285.834423984636,13700.05163945371,SUP_0054,13,65.1,2222,2.33,115094.0
Product_1245,11726152.807247123,2.81,32950489.388364416,A,293153.82018117805,450554.92774116463,SUP_0013,14,60.76,22029,2.33,3927966.0
Product_1817,1018841.7661081264,32.33,32939154.298275724,A,14765.822697219222,57327.58828029662,SUP_0107,11,62.01,1252,2.33,443013.0
Product_1432,13945579.13918226,2.36,32911566.76847013,A,28635.686117417372,135069.64861939193,SUP_0005,2,59.21,3877,2.33,445071.0
Product_1350,9190470.667077545,3.58,32901884.98813761,A,12729.183749414882,24015.11828457949,SUP_0020,5,68.25,4282,2.33,125120.0
Product_1574,4381364.405738989,7.49,32816419.39898503,A,45168.70521380401,60257.39190076649,SUP_0033,3,99.0,1619,2.33,243180.0
Product_1234,2811739.856480583,11.66,32784886.7265636,A,19941.417421848106,30317.099577557754,SUP_0046,5,71.73,2590,2.33,157954.0
Product_1393,3051058.292119174,10.74,32768366.057359926,A,7229.995952889038,12259.459312111352,SUP_0044,11,47.64,6482,2.33,94738.0
Product_1502,5540467.318507251,5.91,32744161.852377854,A,23778.829693164167,40995.8525419444,SUP_0026,4,59.72,6261,2.33,191041.0
Product_0982,823667.7357920791,39.68,32683135.7562297,A,3431.948899133663,13362.230528936017,SUP_0098,11,51.92,3124,2.33,103260.0
Product_1377,7055849.462509032,4.63,32668583.01141682,A,5529.6625881732225,8224.77729995485,SUP_0025,4,49.14,4409,2.33,38328.0
Product_1394,4141655.5736838155,7.87,32594829.36489163,A,21913.521553882623,41599.75486068043,SUP_0031,2,64.42,1986,2.33,137077.0
Product_1361,3535541.9097177326,9.21,32562340.98850032,A,19533.380716672556,26648.898437461783,SUP_0034,9,45.89,8984,2.33,186276.0
Product_1250,2298939.5119505064,14.15,32529994.094099667,A,2954.935105334841,7364.713239665417,SUP_0051,8,99.0,6451,2.33,48536.0
Product_0071,1733380.8456406693,18.75,32500890.85576255,A,11712.032740815333,23213.831780903973,SUP_0066,10,72.18,9719,2.33,171042.0
Product_1294,9778740.56825106,3.32,32465418.686593518,A,7724.123671604313,10967.815017503426,SUP_0017,8,99.0,5130,2.33,72281.0
Product_1453,9007178.273764368,3.6,32425841.785551727,A,6356.512543235263,9286.521878640882,SUP_0019,5,74.84,6271,2.33,48384.0
Product_1150,1853436.247280157,17.47,32379531.23998434,A,22602.881064392157,31545.28417110203,SUP_0068,9,45.88,4092,2.33,220502.0
Product_0033,5076766.187544433,6.37,32339000.614658043,A,7170.573711220951,20551.38060827618,SUP_0029,6,77.77,2453,2.33,117294.0
Product_0084,1640054.4806677343,19.7,32309073.269154366,A,74547.93093944246,99628.33266492751,SUP_0077,7,50.89,3486,2.33,614169.0
Product_1158,1796390.944014729,17.97,32281145.263944678,A,12740.361305069,23040.158721460975,SUP_0056,9,41.2,3897,2.33,161051.0
Product_0933,1946413.0830158426,16.56,32232600.654742353,A,15088.473511750717,12895.270970446438,SUP_0075,10,57.06,4808,2.33,95014.0
Product_1431,3871335.829553016,8.32,32209514.101881094,A,23181.651673970155,36036.65679570029,SUP_0037,4,86.12,14067,2.33,167931.0
Product_1839,1787744.719410417,17.99,32161527.5021934,A,6101.51781368743,15092.46712936948,SUP_0059,5,53.86,1054,2.33,78633.0
Product_0094,2087881.7202922925,15.39,32132499.67529838,A,27115.34701678302,35637.982981356145,SUP_0050,7,91.35,1701,2.33,219694.0
Product_1430,1162976.5638443537,27.59,32086523.39646572,A,1819.9946226046222,8894.231042317593,SUP_0086,13,55.22,2464,2.33,74720.0
Product_1342,7528416.999090297,4.26,32071056.416124664,A,34220.07726859226,127879.78036644984,SUP_0022,8,82.94,2724,2.33,842758.0
Product_1825,3273402.7631348204,9.78,32013879.02345854,A,10358.869503591204,28086.527468848686,SUP_0041,5,99.0,1636,2.33,146332.0
Product_0936,1754953.9848611765,18.22,31975261.60417063,A,9435.23647774826,16469.16557138385,SUP_0069,11,31.05,1448,2.33,127270.0
Product_1256,467254.8330989662,68.35,31936867.84231434,A,4063.085505208402,12267.135263956698,SUP_0161,10,93.47,749,2.33,90386.0
Product_1267,3790412.2578426753,8.42,31915271.211035326,A,23839.07080404198,36013.547599051184,SUP_0035,7,52.27,10498,2.33,222010.0
Product_1281,2846762.296531679,11.19,31855270.098189488,A,20189.80352150127,43939.47891357269,SUP_0052,7,60.18,3403,2.33,270870.0
Product_1262,1501034.0948922168,21.2,31821922.811714996,A,2117.114379255595,4876.116231642594,SUP_0076,12,83.61,3150,2.33,39357.0
Product_1554,3139970.708877294,10.12,31776503.57383821,A,5740.348645113882,9556.129929056422,SUP_0040,11,99.0,3637,2.33,73848.0
Product_1354,619021.2464639896,51.29,31749599.73113803,A,7369.300553142733,9804.485026879564,SUP_0142,4,89.85,920,2.33,45689.0
Product_1458,566765.1590152637,55.96,31716178.298494156,A,1483.678426741528,2021.4995326967444,SUP_0157,13,42.35,1720,2.33,16983.0
Product_1970,2260804.6047509992,14.01,31673872.5125615,A,4347.701162982691,9324.523738085316,SUP_0053,2,55.01,3919,2.33,30726.0
Product_1290,1891206.9258709997,16.73,31639891.869821824,A,15129.655406967997,13794.224096943737,SUP_0074,14,64.22,3701,2.33,120259.0
Product_1812,649568.5796469615,48.65,31601511.39982468,A,21652.28598823205,63642.12419910047,SUP_0143,10,52.4,1867,2.33,468922.0
Product_0064,1716648.327785235,18.39,31569162.74797047,A,8456.395703375541,18872.839848774373,SUP_0070,12,75.37,2709,2.33,152330.0
Product_1526,3548051.46746748,8.89,31542177.545785896,A,15910.544697163587,25762.38270972032,SUP_0038,8,47.36,1537,2.33,169781.0
Product_0063,1417524.2333405884,22.22,31497388.464827873,A,14318.426599399883,19564.572171352927,SUP_0091,7,46.14,1540,2.33,120608.0
Product_0837,466833.7796100177,67.38,31455260.07012299,A,14588.555612813054,8112.133967331353,SUP_0190,5,71.14,826,2.33,42265.0
Product_1233,952480.003239041,32.98,31412790.50682357,A,15614.426282607228,31750.536388383418,SUP_0089,5,92.69,3666,2.33,165422.0
Product_1375,1534477.0885551416,20.45,31380056.460952643,A,9773.739417548673,12421.274985135056,SUP_0083,3,77.16,797,2.33,50129.0
Product_1496,1979690.5490239472,15.83,31338501.391049083,A,3851.5380331205197,13105.485209720706,SUP_0060,7,87.73,2341,2.33,80791.0
Product_1555,1738146.1925903265,18.01,31304012.928551782,A,4345.3654814758165,6907.092327948127,SUP_0058,10,82.35,5713,2.33,50893.0
Product_1269,1223903.3414261083,25.55,31270730.373437066,A,12748.993139855294,12991.570604603241,SUP_0094,13,53.46,2976,2.33,109142.0
Product_1242,1783183.802381441,17.51,31223548.379699036,A,8960.722625032367,34737.31650113117,SUP_0048,6,99.0,1720,2.33,198257.0
Product_1216,1480515.003518123,21.07,31194451.12412685,A,4935.050011727077,11634.808639319901,SUP_0085,11,74.98,7726,2.33,89911.0
Product_1279,1383181.798058463,22.53,31163085.91025717,A,10891.195260302859,28633.278333005605,SUP_0084,5,94.66,1497,2.33,149181.0
Product_1478,344457.42706205643,90.34,31118283.96078618,A,740.7686603485084,890.2981059257158,SUP_0215,8,75.94,1890,2.33,5868.0
Product_0070,1167565.3939965994,26.62,31080590.788189474,A,12554.466602113971,21522.229212186237,SUP_0097,2,78.24,1197,2.33,70919.0
Product_1539,178907.87541179414,173.53,31045883.620208636,A,547.1188850513582,1327.5241955180388,SUP_0280,6,82.72,2429,2.33,7577.0
Product_1463,1072931.3141973612,28.9,31007714.98030374,A,1332.833930679952,1868.83821570164,SUP_0099,11,57.27,915,2.33,14442.0
Product_1513,1528447.854225065,20.26,30966353.52659982,A,3020.6479332511167,7075.224324729635,SUP_0080,10,75.17,7118,2.33,52132.0
Product_1149,1863973.1263328241,16.6,30941953.897124883,A,21929.09560391558,38635.56826870436,SUP_0065,5,43.55,1152,2.33,201293.0
Product_0093,520848.4242640292,59.32,30896728.52734221,A,7891.642791879231,12321.647016504643,SUP_0162,13,56.49,1760,2.33,103514.0
Product_1465,1028571.4040032449,30.0,30857142.120097347,A,6122.448833352649,9232.140670591933,SUP_0102,8,76.52,2179,2.33,60842.0
Product_1456,2908843.222154016,10.6,30833738.15483257,A,3137.9107035102656,3887.205539735115,SUP_0045,9,78.74,2632,2.33,27172.0
Product_1512,1520978.27323076,20.24,30784600.25019058,A,1954.984927031825,5818.724688856989,SUP_0078,6,99.0,1103,2.33,33210.0
Product_1156,1641295.0424204336,18.73,30741456.144534722,A,25250.69296031436,25714.616959793155,SUP_0072,8,70.23,4976,2.33,169466.0
Product_1466,381667.5638787311,80.46,30708972.189682703,A,4060.2932327524586,9589.260115305931,SUP_0174,5,66.46,794,2.33,49961.0
Product_1479,1234488.890089821,24.85,30677048.918732055,A,5462.340221636377,6982.965310250618,SUP_0093,4,99.0,2128,2.33,32541.0
Product_1788,560209.79661986,54.69,30637873.77714014,A,2106.0518669919547,6265.566780421794,SUP_0154,2,27.46,1736,2.33,20646.0
Product_1159,2013077.4436142487,15.2,30598777.14293658,A,45751.76008214201,69205.96295646466,SUP_0067,4,32.61,8499,2.33,322500.0
Product_1048,1100397.9177680411,27.77,30558050.176418502,A,55019.895888402054,13824.540265601165,SUP_0110,6,75.25,738,2.33,78901.0
Product_1396,1908933.1439202037,15.99,30523840.971284058,A,32912.640412417306,57399.106393172384,SUP_0063,7,77.7,2668,2.33,353843.0
Product_1316,1866253.6842697284,16.34,30494585.20096736,A,3987.72154758489,8122.52353877114,SUP_0061,3,70.05,1577,2.33,32780.0
Product_1356,3188166.379393522,9.55,30446988.92320814,A,7700.8849743804885,21871.683435455747,SUP_0042,4,93.51,6202,2.33,101923.0
Product_0082,1282541.6743924029,23.71,30409063.099843875,A,15833.847832004974,20950.61714905621,SUP_0090,5,88.42,8758,2.33,109154.0
Product_0073,580254.6759488961,52.35,30376332.28592471,A,32236.370886049783,87132.76383014942,SUP_0140,11,79.69,2146,2.33,673339.0
Product_1886,2079564.652497044,14.59,30340848.279931873,A,4252.688450914201,21544.400126336506,SUP_0057,6,31.04,1235,2.33,122961.0
Product_1397,604771.3551314294,50.1,30299044.892084613,A,7854.173443265317,5156.781843605073,SUP_0152,11,79.89,3793,2.33,39851.0
Product_1439,1827674.8486538557,16.56,30266295.493707847,A,4734.908934336414,11757.827911172497,SUP_0064,2,82.21,1356,2.33,38744.0
Product_1410,2493390.13632925,12.12,30219888.452310506,A,3204.8716405260284,6576.598463110281,SUP_0049,11,30.49,3639,2.33,50823.0
Product_1348,999903.6433592632,30.19,30187090.993016157,A,9614.458109223684,16123.572505315866,SUP_0116,12,80.77,1554,2.33,130140.0
Product_1823,1104440.3477244726,27.3,30151221.492878105,A,8061.608377550895,8220.094565675072,SUP_0104,8,23.53,1587,2.33,54173.0
Product_1018,1311796.036245791,22.96,30118836.992203362,A,17036.312159036246,37232.42055718871,SUP_0081,6,49.84,3010,2.33,212498.0
Product_1312,799388.8339951411,37.63,30081001.823237162,A,1561.30631639676,4101.443330248948,SUP_0111,2,70.07,949,2.33,13515.0
Product_1435,1112860.1385354733,26.99,30036095.139072422,A,7782.238731017295,17884.486479010473,SUP_0109,13,46.94,1074,2.33,150247.0
Product_0066,1849933.0956892485,16.22,30005914.81207961,A,77080.54565371868,101811.43848601676,SUP_0062,3,88.62,2041,2.33,410879.0
Product_1787,791635.6350048718,37.85,29963408.784934398,A,6883.788130477145,13229.58235289257,SUP_0125,4,31.88,894,2.33,61650.0
Product_0979,798818.9540790248,37.47,29931746.20934106,A,1504.3671451582388,4155.531630130128,SUP_0120,3,78.18,2147,2.33,16771.0
Product_0089,626285.2901886676,47.73,29892596.900705103,A,6080.439710569588,8753.204832517498,SUP_0150,8,76.15,1301,2.33,57686.0
Product_1548,562716.8865229926,53.05,29852130.830044758,A,2278.206018311711,8048.149040468427,SUP_0130,10,53.9,2693,2.33,59300.0
Product_2043,564186.0530360593,52.85,29817232.902955733,A,28209.302651802962,15430.233547781785,SUP_0168,10,53.52,464,2.33,113692.0
Product_1624,908519.2111976239,32.78,29781259.74305811,A,50473.289510979106,47623.54528562815,SUP_0119,10,99.0,3206,2.33,350896.0
Product_1282,1564764.452963497,19.01,29746172.25083608,A,20321.61627225321,16794.80231639839,SUP_0082,12,59.2,2761,2.33,135557.0
Product_1162,743526.4110637407,39.95,29703880.121996444,A,33796.65504835185,21164.414129332552,SUP_0139,8,89.46,1370,2.33,139479.0
Product_0031,684669.6448558479,43.33,29666735.71160389,A,908.0499268645198,1946.2701346720842,SUP_0131,9,77.27,5058,2.33,13605.0
Product_1508,981222.180970209,30.2,29632909.86530031,A,3467.216187173883,12947.61842113443,SUP_0100,2,55.74,1012,2.33,42664.0
Product_0930,379455.91365909664,77.99,29593766.706272945,A,3328.5606461324264,2911.444941345986,SUP_0224,14,38.32,1492,2.33,25383.0
Product_1521,1611761.6720593353,18.34,29559709.06556821,A,6421.361243264284,8136.315053705148,SUP_0071,8,45.08,3559,2.33,53621.0
Product_0096,810673.9577527881,36.41,29516638.801779013,A,6188.3508225403675,9048.070451800735,SUP_0117,13,77.14,1609,2.33,76013.0
Product_1000,257522.84637072077,114.48,29481215.452520113,A,2829.9213886892394,6653.573389094592,SUP_0244,8,46.9,477,2.33,43849.0
Product_1904,1291523.9140535549,22.8,29446745.240421053,A,11741.126491395953,52235.3739727794,SUP_0087,10,78.17,2738,2.33,384876.0
Product_0016,468441.945891853,62.78,29408785.363090534,A,984.1217350669181,1411.6471053062958,SUP_0163,6,93.4,1392,2.33,8057.0
Product_0943,589188.2443740665,49.85,29371033.982047215,A,2119.382174007433,3420.218770321147,SUP_0149,10,51.81,692,2.33,25201.0
Product_2027,105859.17338668293,277.1,29333576.945449844,A,420.0760848677894,563.0494191190534,SUP_0384,11,74.0,853,2.33,4352.0
Product_1224,648501.512683287,45.18,29299298.343030907,A,2401.8574543825443,3961.5796731932596,SUP_0121,6,99.0,2708,2.33,22610.0
Product_1483,790608.3357409058,37.01,29260414.50577092,A,7751.06211510692,8502.60395173025,SUP_0128,6,63.85,2369,2.33,48528.0
Product_1315,1188430.5745140286,24.59,29223507.827299964,A,2583.54472720441,5579.587418973586,SUP_0088,12,68.51,2159,2.33,45035.0
Product_0424,632119.9674962348,46.17,29184978.899301164,A,15050.47541657702,13104.353288935607,SUP_0141,4,82.18,3247,2.33,61067.0
Product_0829,729695.101205353,39.94,29144022.3421418,A,42923.241247373706,21715.887922697224,SUP_0147,7,82.91,947,2.33,133870.0
Product_0098,852505.4677103912,34.15,29113061.722309858,A,32788.67183501505,22975.275198797655,SUP_0129,5,99.0,865,2.33,119703.0
Product_1429,359910.2998070313,80.78,29073554.018411987,A,823.5933634028175,1135.572464277654,SUP_0194,4,61.08,1062,2.33,5292.0
Product_0929,256177.9927436943,113.34,29035213.697570313,A,1940.7423692704115,2312.8513086921585,SUP_0245,3,36.88,465,2.33,9334.0
Product_0374,435534.9041077669,66.58,28997913.91549512,A,4839.276712308521,9147.011496400686,SUP_0158,4,67.62,6239,2.33,42626.0
Product_1967,242024.53795691367,119.66,28960656.21192429,A,2814.2388134524845,5636.121667354969,SUP_0256,11,92.86,1451,2.33,43555.0
Product_1567,769007.9178250221,37.61,28922387.789399084,A,14509.583355189097,9840.587172558233,SUP_0122,5,74.57,1859,2.33,51270.0
Product_1164,451122.79142705206,64.03,28885392.335074145,A,11871.652405975054,15968.617945418657,SUP_0205,12,42.59,922,2.33,128889.0
Product_1407,1179471.2058565947,24.46,28849865.695252307,A,15938.800079143171,36336.10717053786,SUP_0079,6,96.63,1733,2.33,207382.0
Product_1581,1318096.1369547928,21.86,28813581.55383177,A,4899.985639237148,13276.215750869449,SUP_0092,6,71.98,3899,2.33,75772.0
Product_0109,472357.68962045014,60.92,28776030.45167782,A,9840.785200426044,6016.594182368375,SUP_0184,8,45.57,2435,2.33,39651.0
Product_0108,430065.3768855309,66.82,28736968.48349117,A,15928.3472920567,21465.57051527747,SUP_0187,7,75.04,1511,2.33,132327.0
Product_1215,300966.94108142256,95.36,28700207.501524456,A,7165.87954955768,17452.845941288277,SUP_0243,7,92.37,1455,2.33,107590.0
Product_1835,269892.853912528,106.2,28662621.085510477,A,6133.928498012,5221.862652962474,SUP_0230,6,64.63,1028,2.33,29803.0
Product_1450,1182700.3836486689,24.2,28621349.284297787,A,6719.888543458346,12777.174478317296,SUP_0096,3,75.84,1971,2.33,51565.0
Product_1789,79476.54684359957,359.72,28589303.43057964,A,5298.436456239971,5882.841686110619,SUP_0428,11,40.44,588,2.33,45462.0
Product_1372,546555.4314561564,52.24,28552055.739269614,A,2118.4319048688235,3122.273893645561,SUP_0169,3,99.0,695,2.33,12601.0
Product_1246,1032981.2192893836,27.6,28510281.65238699,A,4471.780170083912,8980.018691928131,SUP_0106,7,97.9,4611,2.33,55359.0
Product_1381,3051020.191761283,9.33,28466018.38913277,A,4019.7894489608475,4810.771616411806,SUP_0043,11,76.23,1387,2.33,37177.0
Product_2042,639765.279724339,44.45,28437566.68374687,A,35542.51554024106,22806.616783481608,SUP_0133,5,34.56,691,2.33,118824.0
Product_1818,403006.9239262379,70.48,28403927.99832125,A,13000.223352459287,15370.382387018071,SUP_0177,3,65.93,1482,2.33,62030.0
Product_1270,772596.0886541499,36.72,28369728.375380382,A,6180.768709233199,6984.239235153527,SUP_0118,13,64.58,894,2.33,58675.0
Product_1357,313306.60579472256,90.42,28329183.295958813,A,3297.9642715233954,7204.610617048459,SUP_0218,2,94.25,1236,2.33,23741.0
Product_1195,730340.0838671876,38.74,28293374.84901485,A,5143.240027233715,8699.949066570134,SUP_0115,13,85.59,1587,2.33,73088.0
Product_2001,246981.1376692399,114.4,28254642.149361044,A,596.5727963025118,1056.5452705961295,SUP_0257,13,48.38,1360,2.33,8876.0
Product_1135,864812.6045645082,32.63,28218835.286939904,A,3680.0536364447157,4163.472220777212,SUP_0105,9,64.07,3527,2.33,29103.0
Product_1408,162204.16806408257,173.73,28179730.117773063,A,1954.2670851094285,5766.1962205203545,SUP_0275,8,79.9,997,2.33,38001.0
Product_0677,315831.05905119627,89.11,28143705.6720521,A,1496.8296637497454,4880.064820466545,SUP_0214,11,52.9,1027,2.33,37712.0
Product_1991,452691.6862398021,62.09,28107626.798629314,A,683.8242994558944,1429.6465814289418,SUP_0165,6,67.34,523,2.33,8160.0
Product_1243,432170.3236501272,64.95,28069462.521075763,A,3964.865354588323,3571.711736264896,SUP_0188,8,75.41,1398,2.33,23539.0
Product_0072,794981.8606984552,35.26,28031060.40822753,A,34564.428726019796,16989.87044734765,SUP_0138,12,99.0,2603,2.33,137132.0
Product_1023,849089.0783604264,32.97,27994466.913543254,A,1235.9375230865012,4970.327999167667,SUP_0113,8,6.31,1771,2.33,32756.0
Product_1392,502158.71544442273,55.67,27955175.688791014,A,879.4373300252587,950.6759471041834,SUP_0173,12,90.16,1521,2.33,7674.0
Product_1388,1093194.6621531912,25.54,27920191.6713925,A,2846.861099357269,7475.460753795783,SUP_0101,14,99.0,4359,2.33,65172.0
Product_1147,302318.7989499713,92.23,27882862.82715585,A,15115.939947498564,18785.693028186175,SUP_0208,7,99.0,1083,2.33,115807.0
Product_1244,314132.1336342473,88.64,27844672.32533968,A,2830.0192219301557,11574.290803620463,SUP_0217,8,94.02,921,2.33,76278.0
Product_2046,209967.0144434613,132.44,27808031.392892014,A,8748.625601810887,5212.636974297891,SUP_0284,11,40.52,601,2.33,40282.0
Product_0065,578393.2840001059,48.01,27768661.564845085,A,8763.53460606221,34159.39517339078,SUP_0175,2,62.44,878,2.33,112560.0
Product_1387,489383.2146842466,56.67,27733346.776156254,A,1099.7375610881945,1992.626036085125,SUP_0160,9,74.81,1071,2.33,13929.0
Product_1438,446641.2370916792,62.01,27696223.112055026,A,5583.01546364599,14417.738107590483,SUP_0182,7,97.77,354,2.33,88880.0
Product_1385,283579.35124457814,97.54,27660329.920396153,A,1955.7196637557113,7911.0940322953265,SUP_0264,11,75.6,728,2.33,61135.0
Product_0941,326849.826352489,84.51,27622078.82504885,A,2351.4375996581944,3232.7107896028106,SUP_0227,9,74.24,1646,2.33,22597.0
Product_1380,479167.6507636041,57.57,27585681.654460687,A,1916.6706030544165,3558.089861234109,SUP_0164,4,72.08,1291,2.33,16581.0
Product_1288,373387.5253085313,73.78,27548531.61726344,A,9825.987508119244,11793.338658088056,SUP_0223,3,48.52,475,2.33,47595.0
Product_1424,267909.5736385104,102.69,27511634.116938636,A,673.1396322575639,1925.1043247931377,SUP_0235,10,69.87,1020,2.33,14185.0
Product_1766,614394.1239610662,44.72,27475705.223538883,A,4179.551863680723,10665.609073375996,SUP_0136,14,76.15,1677,2.33,92984.0
Product_0407,211862.5225890754,129.5,27436196.675285265,A,470.8056057535009,810.032685932883,SUP_0266,12,81.33,688,2.33,6539.0
Product_1347,227316.74842246686,120.53,27398487.68735993,A,6494.76424064191,8108.3955874951835,SUP_0219,12,91.03,1343,2.33,65446.0
Product_1163,473814.3030583115,57.75,27362776.00161749,A,15793.810101943718,21158.981503652416,SUP_0159,12,75.43,958,2.33,170782.0
Product_1047,822221.5012434309,33.23,27322420.486319207,A,16444.43002486862,13348.958084784817,SUP_0135,6,21.51,2514,2.33,76187.0
Product_1402,562474.8830740696,48.51,27285656.577923115,A,2333.9206766558905,4852.492831291188,SUP_0146,3,59.5,653,2.33,19584.0
Product_0998,625651.5709947261,43.55,27247125.91682032,A,3680.303358792507,9756.311097344249,SUP_0148,11,64.15,1921,2.33,75395.0
Product_1514,95905.1372426775,283.75,27213082.692609742,A,1998.0236925557813,2594.779944457912,SUP_0413,6,71.08,898,2.33,14810.0
Product_0202,401651.17902957596,67.66,27175718.77314111,A,1014.2706541150908,2591.6022575611305,SUP_0186,9,56.35,2727,2.33,18116.0
Product_1376,413173.0179474567,65.68,27137203.818788957,A,5738.51413815912,6242.400267809009,SUP_0200,10,99.0,2085,2.33,45995.0
Product_1418,820164.8440256898,33.04,27098246.44660879,A,3629.0479824145564,9254.29018321547,SUP_0124,7,93.13,879,2.33,57050.0
Product_0077,627847.7569555272,43.11,27066516.80235278,A,78480.9696194409,81433.6652658323,SUP_0132,8,65.71,631,2.33,536668.0
Product_1374,419320.788458014,64.45,27025224.816119004,A,3494.3399038167836,5772.894689557644,SUP_0166,3,92.81,1316,2.33,23298.0
Product_0368,215114.7211800411,125.47,26990444.066459756,A,3469.592277097437,6555.061452837548,SUP_0258,11,82.49,1146,2.33,50656.0
Product_1493,510820.41680430056,52.76,26950885.190594897,A,1127.6388891927165,2043.3097424443515,SUP_0145,4,80.07,4206,2.33,9522.0
Product_1299,1067101.2618170665,25.22,26912293.823026415,A,3667.0146454194723,9655.433491805254,SUP_0095,6,76.28,2059,2.33,55107.0
Product_1344,305901.51666679693,87.86,26876507.25434478,A,1416.2107253092452,2305.997421912445,SUP_0231,3,66.05,2723,2.33,9307.0
Product_1821,117983.70700661902,227.49,26840113.50693576,A,6209.668789822053,5643.19552353686,SUP_0376,10,62.07,670,2.33,41580.0
Product_1826,315130.4967020522,85.05,26801848.744509537,A,1760.5055681678894,4437.324393030178,SUP_0221,11,70.15,1671,2.33,34291.0
Product_1524,64679.95022343139,413.82,26765857.001460377,A,5879.995474857399,4915.120745882212,SUP_0389,14,58.15,1190,2.33,42851.0
Product_1832,160135.29292552194,166.91,26728181.742198866,A,5521.906652604204,5573.651560754792,SUP_0301,9,52.05,415,2.33,38960.0
Product_0990,660994.7069609595,40.38,26690966.267083544,A,36721.928164497745,89913.11494991594,SUP_0126,9,49.13,833,2.33,628493.0
Product_1419,245801.175450097,108.44,26654679.46580852,A,680.8896826872493,1853.7493954048782,SUP_0228,9,84.2,1680,2.33,12958.0
Product_1349,436500.873413281,60.98,26617823.260741875,A,2480.1185989390965,3907.3269322888323,SUP_0156,14,73.33,1129,2.33,34065.0
Product_0086,226874.65065238456,117.16,26580634.070433374,A,3719.256568071878,5047.6042746365565,SUP_0252,2,93.78,762,2.33,16633.0
Product_0942,242454.68632632404,109.48,26543939.059005957,A,901.3185365290857,2359.704449392105,SUP_0277,4,54.93,513,2.33,10997.0
Product_1455,466433.9994223904,56.83,26507444.187174447,A,1243.8239984597078,1491.836904197794,SUP_0172,10,61.12,693,2.33,10993.0
Product_1253,337866.54589766427,78.34,26468465.20562302,A,3345.213325719448,4650.542561157742,SUP_0226,12,38.63,2927,2.33,37537.0
Product_0012,451405.93453655794,58.55,26429817.467115466,A,2042.5607897581808,2073.620215473537,SUP_0178,5,96.39,1382,2.33,10804.0
Product_1210,89096.64704784476,296.24,26393990.721453533,A,3712.3602936601983,2904.5426404724926,SUP_0407,13,43.51,611,2.33,24401.0
Product_2032,312811.29999750294,84.26,26357480.1377896,A,20854.086666500196,14497.232202654894,SUP_0247,9,44.51,548,2.33,101336.0
Product_1485,227502.70102900418,115.69,26319787.482045494,A,6319.519473027894,6035.005958733424,SUP_0234,14,76.12,1193,2.33,52614.0
Product_1399,557337.0333472049,47.16,26284014.492654182,A,7961.957619245784,12094.135521272581,SUP_0153,14,79.2,1023,2.33,105438.0
Product_1154,515580.90400436387,50.9,26243068.01382212,A,3555.730372443889,4592.445434180545,SUP_0171,7,42.23,1879,2.33,28311.0
Product_1846,242822.8249076218,107.93,26207867.492279623,A,2357.5031544429303,2912.102306187839,SUP_0239,11,82.64,1505,2.33,22504.0
Product_1637,421098.2441029552,62.15,26171255.870998666,A,7018.304068382587,11116.882513244122,SUP_0185,3,80.39,1245,2.33,44865.0
Product_1031,36070.70947817595,725.02,26151985.78586713,A,414.60585607098795,397.58470973330077,SUP_0587,13,28.84,223,2.33,3341.0
Product_0355,233231.15076595402,112.05,26133550.443325147,A,2844.2823264140734,3042.3683351125833,SUP_0263,5,46.08,2999,2.33,15851.0
Product_1596,33296.425279634175,783.88,26100401.848199636,A,2774.7021066361813,3666.6297095696596,SUP_0582,13,40.4,330,2.33,30804.0
Product_1427,215233.1325010984,121.25,26097017.31575818,A,602.8939285745053,1964.6824847439107,SUP_0295,11,69.54,654,2.33,15183.0
Product_1373,145657.00981290312,178.91,26059495.625626497,A,1968.3379704446368,4934.8530942087455,SUP_0329,12,55.21,784,2.33,39831.0
Product_0975,136373.37320562196,190.81,26021403.341364726,A,1041.01811607345,2779.022278458593,SUP_0302,13,43.0,528,2.33,23347.0
Product_1165,944052.686392741,27.52,25980329.929528233,A,18510.83698809296,15345.335120933541,SUP_0112,11,56.89,1184,2.33,118585.0
Product_1601,166995.47620426884,155.5,25967796.549763806,A,3408.070942944262,4329.509136186571,SUP_0318,9,83.63,488,2.33,30264.0
Product_0831,194282.71117577524,133.56,25948398.904636543,A,5396.741977104868,5838.249843428537,SUP_0290,14,65.56,857,2.33,50899.0
Product_1997,395851.1530170821,65.45,25908457.964968022,A,2040.4698609127943,2320.138058234979,SUP_0207,9,99.0,656,2.33,16218.0
Product_1198,378082.39095373114,68.43,25872178.012963824,A,3437.1126450339193,5107.221537193897,SUP_0192,8,60.38,1418,2.33,33658.0
Product_1289,174093.69572332068,148.4,25835504.44534079,A,1217.4384316316132,1697.4658714444386,SUP_0304,9,99.0,911,2.33,11866.0
Product_1404,352023.4561107493,73.29,25799799.098356817,A,3520.234561107493,7474.299294068707,SUP_0213,8,88.98,1432,2.33,49258.0
Product_1571,402677.3536065384,63.98,25763297.083746325,A,9364.589618756707,7201.691092580435,SUP_0211,8,65.03,1736,2.33,47461.0
Product_1824,341020.9598380694,75.43,25723211.00058558,A,9743.455995373411,6750.397882810236,SUP_0225,5,92.77,517,2.33,35170.0
Product_0209,85271.58630453348,301.24,25687212.658377666,A,592.1637937814826,938.2127269076891,SUP_0385,6,73.25,726,2.33,5355.0
Product_1239,366330.5873978625,70.02,25650467.729598332,A,1189.385024019034,2836.8412982687532,SUP_0203,13,57.23,1018,2.33,23833.0
Product_0366,119757.28928828999,213.87,25612491.46008658,A,9212.099176022308,8870.12186165091,SUP_0283,2,99.0,807,2.33,29229.0
Product_1587,68578.49760077217,373.39,25606525.21915232,A,1399.5611755259627,1314.4090050807297,SUP_0444,2,56.99,405,2.33,4332.0
Product_1461,303682.54395117937,84.22,25576143.851568326,A,1092.3832516229475,2814.0570879469005,SUP_0204,14,51.0,2248,2.33,24534.0
Product_1820,181368.05600545427,140.81,25538435.966128018,A,5667.751750170446,19141.488887566968,SUP_0323,12,19.63,1010,2.33,154498.0
Product_1266,221413.76917132997,115.17,25500223.795462072,A,2306.3934288680207,3783.967521196266,SUP_0240,4,40.89,344,2.33,17634.0
Product_1363,544123.8368044918,46.8,25464995.562450215,A,8776.190916201482,6152.59577906351,SUP_0155,10,86.36,2847,2.33,45333.0
Product_0985,684468.0430695724,37.15,25427987.800034616,A,5951.896026691934,29212.826777655602,SUP_0114,3,59.55,1162,2.33,117894.0
Product_1148,233195.1117974874,108.88,25390283.772510428,A,5979.361840961215,6205.462288158647,SUP_0259,8,51.8,3539,2.33,40896.0
Product_2033,248184.78455627814,102.15,25352075.742423814,A,15511.549034767384,7858.536955159148,SUP_0246,6,50.65,1781,2.33,44852.0
Product_1240,117297.24249861207,215.82,25315090.876050457,A,1096.235911201982,1472.7961162274933,SUP_0346,14,86.08,667,2.33,12840.0
Product_0002,488346.35485575383,51.76,25276807.32733382,A,8567.479909750067,15110.421124355922,SUP_0127,2,67.66,2061,2.33,49791.0
Product_1127,16905.121686680006,1494.82,25270113.999683004,A,4226.2804216700015,902.8595891691942,SUP_0708,11,62.35,383,2.33,6978.0
Product_0081,183598.07196584795,137.48,25241062.933864776,A,1031.4498425047639,1494.5515222614627,SUP_0297,11,65.3,3546,2.33,11550.0
Product_1190,92540.11551126967,272.48,25215330.674510762,A,2891.8786097271773,1856.2987976705099,SUP_0404,4,51.39,455,2.33,8651.0
Product_1454,148630.31804220288,169.57,25203243.030416343,A,725.0259416692824,1060.8388469225251,SUP_0328,10,41.8,1252,2.33,7817.0
Product_1459,447221.91082790407,56.27,25165176.922286164,A,1428.8239962552846,1635.5795720541132,SUP_0183,14,98.69,2491,2.33,14260.0
Product_2006,144860.0181392021,173.47,25128867.346607387,A,588.8618623544801,1097.4602628235066,SUP_0334,7,79.79,449,2.33,6766.0
Product_0069,83149.98667747906,301.76,25091339.979796078,A,654.7243045470792,913.7891293574344,SUP_0458,3,59.38,267,2.33,3688.0
Product_0556,237620.39166106726,105.44,25054694.09674293,A,4320.37075747395,5844.743503540718,SUP_0232,6,95.26,857,2.33,33358.0
Product_0387,282851.6614880598,88.45,25018229.45861889,A,4285.631234667572,7632.522809178545,SUP_0210,9,73.18,826,2.33,53352.0
Product_1416,246313.02365661532,101.42,24981066.859253924,A,682.3075447551671,2479.391334811851,SUP_0278,9,54.52,950,2.33,17331.0
Product_1467,203483.3931392664,122.58,24942994.331011277,A,3130.5137406040985,2203.189556795898,SUP_0288,4,83.75,2043,2.33,10267.0
Product_1906,124677.04440186231,200.0,24935408.88037246,A,2187.316568453725,2645.9411068021154,SUP_0324,7,99.0,623,2.33,16312.0
Product_1398,351350.87026703084,70.89,24907263.193229817,A,6388.197641218742,6988.554968920897,SUP_0220,4,48.03,1555,2.33,32567.0
Product_1629,159933.6726158859,155.49,24868086.755044103,A,1355.3701069142874,4242.09783843572,SUP_0330,2,91.81,403,2.33,13979.0
Product_0018,387279.58662845835,64.12,24832367.094616752,A,1035.5069161188726,1411.319524225461,SUP_0199,7,39.72,2030,2.33,8701.0
Product_1489,181510.6308706366,136.6,24794352.17692896,A,9075.53154353183,18477.426563251953,SUP_0298,8,67.28,519,2.33,121771.0
Product_1284,269610.7177729458,91.82,24755656.105911884,A,1664.2636899564557,6295.984895551054,SUP_0249,2,62.59,3554,2.33,20747.0
Product_1220,219881.14604667027,112.42,24719038.438566674,A,9994.59754757592,8310.226277715095,SUP_0267,2,48.25,799,2.33,27384.0
Product_0019,85543.97309120405,288.94,24717075.5849725,A,397.87894461025144,508.4809994065694,SUP_0402,14,82.64,1844,2.33,4433.0
Product_1481,102369.48977722565,241.14,24685378.76488019,A,1861.2634504950117,1276.4870625188325,SUP_0406,11,58.08,1385,2.33,9865.0
Product_1346,222629.3062630129,110.87,24682911.185380243,A,1886.689036127228,2428.8568701997897,SUP_0248,2,50.44,570,2.33,8004.0
Product_1366,207373.19347537687,118.84,24644230.31261379,A,20737.319347537687,36329.11138415336,SUP_0261,8,87.11,957,2.33,239418.0
Product_1104,110968.31905528015,222.06,24641624.929415513,A,902.181455733985,3581.1665290056276,SUP_0354,12,41.67,272,2.33,28905.0
Product_1486,212515.64894011564,115.79,24607186.99077599,A,11806.424941117535,15332.24142199335,SUP_0305,10,64.42,1448,2.33,112970.0
Product_1593,69171.94136895862,355.58,24596158.911974307,A,1729.2985342239656,1543.4382965578595,SUP_0423,3,73.42,139,2.33,6229.0
Product_1167,262210.33117141534,93.71,24571730.13407333,A,16388.14569821346,17936.949970770704,SUP_0255,2,73.06,315,2.33,59105.0
Product_1838,122679.97349086573,199.98,24533541.09870333,A,4543.702721883916,4788.89326924875,SUP_0347,11,69.6,1211,2.33,37008.0
Product_0021,829012.3747647271,29.55,24497315.674297687,A,2763.37458254909,3993.3485722721884,SUP_0123,6,81.47,824,2.33,22792.0
Product_1021,39722.603631364545,616.7,24496929.659462515,A,584.1559357553609,1152.657019674244,SUP_0532,5,99.0,342,2.33,6006.0
Product_1276,105514.15708443806,231.81,24459236.75374359,A,507.27960136749067,739.0639225772319,SUP_0443,2,44.62,504,2.33,2436.0
Product_0984,299459.67663494416,81.55,24420936.629579697,A,677.5105806220456,2408.6811357195515,SUP_0222,8,25.88,866,2.33,15874.0
Product_1409,204825.3292809466,119.05,24384455.45089669,A,2068.9427200095615,2321.3943504392346,SUP_0293,10,73.46,1281,2.33,17105.0
Product_1833,207321.34850172338,117.44,24347819.16804239,A,5183.033712543084,4771.364659474383,SUP_0281,8,52.16,1082,2.33,31445.0
Product_1460,217063.5101287508,112.0,24311113.13442009,A,2170.635101287508,6773.458967651565,SUP_0233,14,80.81,1183,2.33,59052.0
Product_1623,59130.69214761852,410.5,24273149.126597404,A,1258.0998329280537,902.2079806831008,SUP_0451,6,98.75,646,2.33,5150.0
Product_1232,63221.786982059304,383.35,24236072.039572436,A,2180.0616200710106,1732.8893654528197,SUP_0474,2,78.11,631,2.33,5711.0
Product_1273,446007.45078436186,54.26,24200364.279559474,A,5792.304555641063,7528.147667168482,SUP_0193,5,88.62,1029,2.33,39222.0
Product_1603,220888.37626394382,109.38,24160770.595750175,A,10040.380739270173,16172.311926641562,SUP_0253,14,59.82,1758,2.33,140992.0
Product_1151,1144298.4790664937,21.08,24121811.938721687,A,26611.592536430086,30243.52570444928,SUP_0103,9,3.96,1713,2.33,211403.0
Product_0074,203454.1641210268,118.39,24086938.490288366,A,5498.761192460184,10442.500816645976,SUP_0268,12,76.47,1233,2.33,84286.0
Product_1370,44248.150537055655,544.28,24083383.37430865,A,1580.2910906091306,1918.0456925301744,SUP_0538,3,92.1,176,2.33,7741.0
Product_1275,93514.99872305941,257.18,24050187.371596422,A,505.4864795841049,624.0304943049737,SUP_0393,9,63.89,607,2.33,4362.0
Product_1573,445356.2111214132,53.92,24013606.9036666,A,8402.947379649306,6502.70519567563,SUP_0181,2,77.37,627,2.33,21428.0
Product_1265,67975.80246889712,352.85,23985261.90115035,A,1788.83690707624,2081.5068666829516,SUP_0441,3,85.93,228,2.33,8401.0
Product_1247,441184.0252889628,54.34,23973939.934202243,A,5446.716361592134,13034.700106748356,SUP_0189,2,99.0,1490,2.33,42951.0
Product_0427,199529.69467080853,119.97,23937577.4696569,A,3325.494911180142,5250.301852486671,SUP_0271,3,81.92,725,2.33,21189.0
Product_1268,408159.18602171115,58.56,23901801.933431406,A,9070.204133815803,21170.44019315117,SUP_0201,8,70.23,1651,2.33,139519.0
Product_0832,84630.64073955527,282.36,23896307.719220825,A,1800.6519306288355,2903.3611507016844,SUP_0390,13,84.35,1110,2.33,24391.0
Product_0145,191000.0,124.94,23863540.0,A,12733.333333333334,10918.311399182743,SUP_0289,4,72.11,809,2.33,50880.0
Product_1648,88232.59740005426,270.04,23826330.601910654,A,1446.4360229517092,2349.6018458157155,SUP_0410,5,87.84,2264,2.33,12242.0
Product_1219,115013.9166221997,206.84,23789478.514135785,A,1513.341008186838,1021.509629231041,SUP_0368,11,71.9,985,2.33,7894.0
Product_0401,77751.80017810976,305.49,23752397.43641075,A,7068.34547073725,2470.0247167693096,SUP_0455,3,90.3,303,2.33,9969.0
Product_1345,182360.63944657694,130.04,23714177.553632863,A,2464.332965494283,4100.307144775531,SUP_0321,10,61.91,943,2.33,30212.0
Product_0690,55260.795061230674,428.47,23677592.85988551,A,1726.8998456634586,4107.348265724755,SUP_0488,8,99.0,302,2.33,27069.0
Product_1651,93072.7521411212,254.0,23640479.04384478,A,3002.346843261974,5784.033337515171,SUP_0419,2,56.61,531,2.33,19060.0
Product_1221,140959.56725987856,167.45,23603679.537666664,A,9397.304483991904,7995.593852893999,SUP_0313,8,69.83,314,2.33,52693.0
Product_0079,486042.14052338415,48.49,23568183.393978897,A,15678.778726560779,28650.805569146207,SUP_0195,6,74.43,1114,2.33,163520.0
Product_0206,135345.37727001612,173.84,23528440.3846196,A,468.3231047405402,1175.561479523143,SUP_0503,6,97.27,418,2.33,6710.0
Product_0178,118764.68282648038,197.8,23491654.26307782,A,756.4629479393654,2353.0219147169387,SUP_0322,3,90.82,619,2.33,9497.0
Product_0356,90586.67217828752,258.92,23454701.16040221,A,1742.0513880439908,1774.0599246409436,SUP_0401,9,62.65,433,2.33,12401.0
Product_2034,560880.9359107382,41.75,23416779.074273318,A,20773.367996694007,16730.84524134937,SUP_0144,11,39.88,1078,2.33,129292.0
Product_1225,50670.37559893465,462.12,23415793.971779678,A,2303.198890860666,2459.500143399759,SUP_0509,4,90.57,1147,2.33,11462.0
Product_1437,386939.32338136446,60.42,23378873.91870204,A,4447.578429670856,4541.974375218551,SUP_0209,11,98.7,645,2.33,35100.0
Product_1391,143226.2028152512,162.98,23343006.53482964,A,526.566922114894,758.8962885273885,SUP_0341,9,84.19,744,2.33,5305.0
Product_1280,92326.32357703986,252.43,23305933.860552173,A,2978.2685024851567,5650.994363089546,SUP_0350,9,88.27,1079,2.33,39501.0
Product_1556,550350.0164467548,42.28,23268798.695368793,A,5854.7874090080295,6789.772194161347,SUP_0151,13,23.12,2303,2.33,57041.0
Product_0420,143729.66430781916,161.63,23231025.642072808,A,6533.166559446326,5213.617862866775,SUP_0296,5,88.56,600,2.33,27164.0
Product_1560,61057.384223131965,379.87,23193868.54484114,A,462.5559410843331,642.3681395374216,SUP_0440,7,89.63,267,2.33,3960.0
Product_0996,78951.7966958184,293.46,23169194.258354865,A,6073.215130447569,13656.009237184662,SUP_0365,8,54.3,783,2.33,89997.0
Product_1819,92842.06695970122,249.42,23156668.341088675,A,4886.42457682638,2774.0341795130726,SUP_0414,10,72.81,504,2.33,20440.0
Product_1369,236179.16394853403,97.89,23119578.358921997,A,3525.0621484855824,3132.943058541119,SUP_0262,8,90.32,1771,2.33,20647.0
Product_1652,182093.01996390702,126.76,23082111.210624855,A,4791.921577997553,6219.836384369182,SUP_0310,5,77.93,380,2.33,32406.0
Product_0408,277856.9502264087,82.94,23045455.451778337,A,574.0846079058032,915.8251158065178,SUP_0285,8,69.0,1135,2.33,6036.0
Product_1400,257792.71493364757,89.25,23007999.807828046,A,5155.854298672952,12201.577240977465,SUP_0254,12,51.94,1170,2.33,98484.0
Product_0099,199929.1352834611,114.89,22969858.352716845,A,4543.843983715025,4579.325085580495,SUP_0291,13,77.45,287,2.33,38471.0
Product_1785,110092.19178351386,208.31,22933304.470423773,A,3238.005640691584,3455.313140907011,SUP_0382,11,19.01,826,2.33,26702.0
Product_1523,401374.92384966713,57.04,22894425.656385012,A,4778.272902972228,6470.130575725334,SUP_0197,5,71.09,1003,2.33,33710.0
Product_1421,108892.17840385198,209.92,22858646.090536606,A,561.2998886796494,1317.7159781163682,SUP_0464,3,96.61,418,2.33,5318.0
Product_0997,31573.214692635956,723.62,22847009.61588523,A,956.764081595029,1014.5990459104112,SUP_0499,7,81.76,675,2.33,6255.0
Product_1371,189145.47929451513,120.66,22822293.531676196,A,1099.6830191541578,1966.1183084814936,SUP_0306,8,81.97,753,2.33,12958.0
Product_1235,204074.10761054605,111.65,22784874.11471747,A,8503.087817106085,12896.223509927288,SUP_0270,5,85.96,1335,2.33,67190.0
Product_1107,31392.947427982195,724.91,22757061.520018574,A,327.0098690414812,416.589017856602,SUP_0653,4,53.95,462,2.33,1942.0
Product_1780,32148.276366766553,707.58,22747477.39159668,A,2009.2672729229096,998.6253711129223,SUP_0563,9,54.05,330,2.33,6981.0
Product_1986,55006.14249496195,412.87,22710386.05189494,A,323.56554408801145,361.6807699383428,SUP_0492,5,70.18,535,2.33,1885.0
Product_0146,135682.29806922795,167.16,22680652.945252143,A,9691.592719230568,11451.946242316046,SUP_0287,14,99.0,1036,2.33,99839.0
Product_1472,90577.3394431359,250.32,22673319.60940578,A,1132.2167430391987,2022.8286846958194,SUP_0383,3,67.67,677,2.33,8164.0
Product_1482,94863.80668461592,238.99,22671501.15955636,A,1607.8611302477275,1541.5521440722,SUP_0380,10,87.51,614,2.33,11359.0
Product_2048,145905.88552018814,155.14,22635839.079601984,A,7295.2942760094065,5147.664798639039,SUP_0332,10,62.9,1254,2.33,37929.0
Product_0981,496736.30072186503,45.49,22596534.31983764,A,1419.246573491043,4333.584123181016,SUP_0179,5,61.21,1230,2.33,22579.0
Product_0561,53678.23242338893,420.54,22573843.86333198,A,1533.663783525398,1391.292828411546,SUP_0510,2,73.71,1499,2.33,4585.0
Product_1314,491598.3984682038,45.89,22559450.50570587,A,963.9184283690271,1342.5856673751734,SUP_0167,8,79.82,601,2.33,8848.0
Product_1199,114512.03721384444,196.83,22539404.284801003,A,3578.5011629326386,4023.769565024096,SUP_0351,13,86.42,1816,2.33,33804.0
Product_1101,297660.3330968809,75.67,22523957.405440975,A,7833.1666604442335,11816.678976030937,SUP_0206,13,43.93,257,2.33,99272.0
Product_1300,23546.947733546396,955.91,22508762.807974335,A,386.0155366155147,987.7553166176648,SUP_0664,8,32.74,750,2.33,6510.0
Product_1420,192973.77562264472,116.53,22487234.07330679,A,590.1338704056413,1498.5245352485904,SUP_0272,9,64.06,1062,2.33,10475.0
Product_0553,125945.70025713852,178.25,22449821.070834942,A,3598.4485787753865,9170.276922198658,SUP_0369,2,81.84,354,2.33,30218.0
Product_1972,68431.78480856841,327.66,22422358.610375527,A,963.8279550502593,1232.122792207664,SUP_0420,10,36.88,650,2.33,9079.0
Product_1981,215061.54922813506,104.21,22411564.045063954,A,682.7350769147145,1290.7616724200914,SUP_0273,4,44.59,1373,2.33,6015.0
Product_1468,94883.4609170053,235.82,22375417.75344819,A,1824.6819407116404,1468.7786611399574,SUP_0398,12,67.77,895,2.33,11856.0
Product_1765,162637.63708673808,137.35,22338279.453863475,A,821.4022075087781,1894.5880710400995,SUP_0316,5,71.52,867,2.33,9871.0
Product_1297,109458.00105875057,203.74,22300973.13570984,A,935.5384705876116,1143.0803374881739,SUP_0356,11,71.58,1021,2.33,8834.0
Product_2004,271084.52097527747,82.13,22264171.707699537,A,1531.5509659620195,1604.525071762379,SUP_0229,4,55.9,3402,2.33,7478.0
Product_0107,94401.72659150987,235.45,22226886.525971,A,6742.980470822134,4808.488268970517,SUP_0416,2,57.83,287,2.33,15845.0
Product_0001,60298.03175540278,367.99,22189072.70567067,A,621.6291933546678,987.6433151376581,SUP_0465,5,86.14,338,2.33,5146.0
Product_1237,893586.2024617413,24.79,22152001.959026564,A,18616.379217952945,19370.557617310318,SUP_0108,3,67.08,2875,2.33,78174.0
Product_2015,338568.3474621604,65.32,22115284.456228316,A,2821.4028955180033,4421.296134133944,SUP_0196,7,77.4,817,2.33,27256.0
Product_0415,116518.84251641436,189.48,22077990.28001019,A,2774.258155152723,3961.8447537254788,SUP_0353,2,90.93,1286,2.33,13055.0
Product_1841,223907.10866619603,98.44,22041415.777100336,A,4763.981035450979,5498.950534154961,SUP_0251,6,91.57,356,2.33,31385.0
Product_0385,87999.88874120094,250.04,22003492.18084988,A,3999.9949427818606,6558.391210587462,SUP_0373,7,69.25,385,2.33,40430.0
Product_0038,106566.6024909537,206.13,21966573.771460284,A,2478.2930811849697,2486.3545844544487,SUP_0403,8,93.83,798,2.33,16386.0
Product_0932,461386.1897237146,47.53,21929685.597568154,A,3781.854014128808,3519.432894152192,SUP_0202,2,36.14,503,2.33,11597.0
Product_0937,112314.23464447552,194.91,21891167.474554725,A,1497.523128593007,1230.7652750019226,SUP_0337,8,61.07,1146,2.33,8112.0
Product_1564,82683.97070312861,264.31,21854200.296543922,A,2296.776963975795,3525.7330116283524,SUP_0357,13,81.66,370,2.33,29620.0
Product_1213,246614.99574219142,88.47,21818028.673311673,A,557.9524790547317,963.8351333559287,SUP_0320,8,94.17,557,2.33,6352.0
Product_0013,50721.19748063769,429.84,21801999.525077302,A,277.1650135553972,753.0591174762357,SUP_0564,5,74.2,126,2.33,3924.0
Product_1368,125565.5629959258,173.46,21780602.557273287,A,589.5096854268817,1022.2092552971097,SUP_0326,5,78.84,1182,2.33,5326.0
Product_1635,71763.15514354546,302.98,21742800.745391406,A,598.0262928628788,1216.6800119284826,SUP_0388,11,74.32,943,2.33,9403.0
Product_1610,42507.44428423169,510.63,21705576.27485723,A,2237.2339096964047,2055.5229962108506,SUP_0557,13,61.82,194,2.33,17269.0
Product_0357,199852.97473309177,108.42,21668059.52056181,A,2664.706329774557,3823.7838596037227,SUP_0274,5,48.37,1810,2.33,19923.0
Product_0010,14742.669462548813,1467.47,21634425.156206507,A,234.01062638966368,224.70076325981174,SUP_0806,2,52.72,426,2.33,741.0
Product_1217,147085.8980530853,147.07,21631923.026667252,A,7004.090383480252,8493.143526278123,SUP_0307,12,53.84,774,2.33,68552.0
Product_1503,72477.79227752633,297.94,21594033.431166194,A,1393.803697644737,1284.8733774390205,SUP_0425,6,82.94,129,2.33,7334.0
Product_1001,139987.76806905336,153.99,21556716.40495353,A,1238.8298059208262,3487.9830260847284,SUP_0276,2,56.16,621,2.33,11494.0
Product_1272,129770.05169327818,165.83,21519767.672296323,A,3017.908178913446,3739.978842713646,SUP_0366,11,93.43,463,2.33,28902.0
Product_2035,241276.95366555508,89.04,21483299.954381026,A,8936.183469094633,7520.812603983635,SUP_0237,10,34.39,717,2.33,55415.0
Product_1572,95728.92171513129,224.02,21445193.042623714,A,7977.410142927608,4861.959979333806,SUP_0412,8,74.36,991,2.33,32042.0
Product_1830,16312.992757115768,1312.33,21408029.784945734,A,1812.5547507906408,2759.5240955997033,SUP_0661,12,55.92,282,2.33,22274.0
Product_1352,203167.12176228352,105.19,21371149.538174603,A,2418.6562114557564,2803.7034826295417,SUP_0294,5,71.29,776,2.33,14608.0
Product_1030,123969.192748347,172.09,21333858.38006304,A,911.5381819731398,1833.999066211396,SUP_0343,12,65.1,546,2.33,14803.0
Product_1900,54692.651725099204,390.06,21333415.731892195,A,3646.1767816732804,3773.320785125862,SUP_0497,13,75.91,795,2.33,31700.0
Product_1285,121025.47056568734,175.97,21296852.055444002,A,2814.545827109008,2750.3632049611074,SUP_0344,8,90.58,964,2.33,18126.0
Product_0288,51377.586203508734,413.78,21259017.61928784,A,283.8540674227002,647.1434429223285,SUP_0743,14,66.4,1303,2.33,5642.0
Product_0129,63900.17183292565,332.11,21221886.067432936,A,3363.1669385750342,7784.256575211009,SUP_0478,8,71.08,395,2.33,51301.0
Product_1568,188358.557271715,112.47,21184686.936349783,A,10464.364292873055,9104.316058079577,SUP_0292,3,98.62,352,2.33,36743.0
Product_0618,36601.94680987232,578.51,21174592.248979237,A,110.91499033294643,177.28016885644598,SUP_0706,14,46.3,2096,2.33,1546.0
Product_1510,148777.8944556325,142.14,21147289.9179236,A,11444.453419664038,9933.063430889157,SUP_0361,11,79.38,428,2.33,76761.0
Product_0980,307047.368686784,68.75,21109506.5972164,A,2257.701240344,4474.564800389964,SUP_0212,12,55.63,1431,2.33,36116.0
Product_0080,40582.67345644617,519.77,21093656.182457026,A,541.1023127526156,1089.7753070507624,SUP_0486,3,80.65,565,2.33,4398.0
Product_1735,49000.0,430.06,21072940.0,A,2227.2727272727275,2033.8052110179176,SUP_0500,5,67.79,1979,2.33,10597.0
Product_1153,632811.4823398562,33.24,21034653.67297682,A,20413.27362386633,19905.04914464281,SUP_0137,5,99.0,2085,2.33,103707.0
Product_1128,38170.62438445504,551.04,21033540.860810105,A,3180.8853653712536,2212.966091533324,SUP_0549,4,84.67,514,2.33,10313.0
Product_1440,97655.41468534744,215.03,20998843.81979026,A,1743.8466908097757,1696.8164302944224,SUP_0391,7,82.25,1153,2.33,10461.0
Product_0020,196340.29758887496,106.76,20961290.170588292,A,602.2708514996165,1498.2003137075344,SUP_0282,6,88.99,890,2.33,8551.0
Product_1501,108508.84656100892,192.83,20923760.882359352,A,1261.73077396522,1898.9300873219145,SUP_0387,11,85.35,246,2.33,14675.0
Product_2010,196526.64269090592,106.28,20886851.58518948,A,466.80912753184305,667.3499051098975,SUP_0269,13,49.22,1205,2.33,5607.0
Product_0044,81275.43351547512,256.97,20885348.150471643,A,10159.42918943439,12439.682593545123,SUP_0456,11,99.0,648,2.33,96131.0
Product_1612,43459.45220617768,480.08,20864013.81514178,A,924.6691958761209,1148.5924750344882,SUP_0511,9,51.25,600,2.33,8029.0
Product_0147,19843.463226172527,1050.97,20854884.54681054,A,992.1731613086264,649.3328917764852,SUP_0640,14,68.91,320,2.33,5661.0
Product_1134,336533.5534349393,61.95,20848253.63529449,A,2804.446278624494,9489.848124926806,SUP_0170,7,73.06,1383,2.33,58502.0
Product_1469,479999.8014861104,43.36,20812791.392437745,A,1129.4112976143774,1920.6896830665828,SUP_0176,12,60.33,616,2.33,15503.0
Product_1600,44777.06190184144,464.38,20793572.005977128,A,1279.3446257668984,977.3785057925857,SUP_0493,10,85.45,631,2.33,7202.0
Product_0088,40126.83624498994,517.74,20775268.197481092,A,466.59111912779,649.9136220080502,SUP_0543,7,79.58,268,2.33,4007.0
Product_2044,340000.0,60.99,20736600.0,A,14782.608695652174,8969.476126078078,SUP_0216,5,59.87,891,2.33,46732.0
Product_1519,178801.67266250696,115.78,20701657.660865057,A,987.8545450967235,1994.8075555784271,SUP_0319,7,67.6,441,2.33,12298.0
Product_1309,317442.56299984705,65.09,20662336.425660048,A,1587.2128149992352,4203.378526755834,SUP_0198,2,81.63,2090,2.33,13851.0
Product_1848,41718.438447222885,494.42,20626430.337075938,A,1489.9442302579603,1058.7061110560392,SUP_0516,5,39.21,182,2.33,5516.0
Product_1209,84548.70076541431,243.8,20612973.246608008,A,635.7045170331903,873.3332556823403,SUP_0399,13,88.34,544,2.33,7337.0
Product_1516,61831.508306764386,332.99,20589273.951069474,A,883.3072615252055,906.1664718571302,SUP_0495,7,83.09,497,2.33,5587.0
Product_0418,150274.41962947953,136.76,20551529.62852762,A,2547.024061516602,3482.147245250802,SUP_0241,3,99.0,1582,2.33,14053.0
Product_2047,196962.44525271872,104.16,20515608.297523182,A,7878.497810108749,3907.838944071601,SUP_0303,9,78.16,927,2.33,27316.0
Product_1271,66781.71876741965,307.04,20504658.93034853,A,1669.542969185491,1117.0361853201712,SUP_0445,2,53.58,519,2.33,3681.0
Product_1304,251543.3479539037,81.41,20478143.9569273,A,1445.651425022435,2902.48531306744,SUP_0242,12,99.0,822,2.33,23427.0
Product_1078,159833.8725388172,127.89,20441153.958989333,A,8879.659585489844,9479.782507315807,SUP_0309,12,45.02,1493,2.33,76515.0
Product_0011,194494.05536551477,104.9,20402426.407842502,A,652.6646153205194,1139.11286012893,SUP_0265,6,97.65,1689,2.33,6502.0
Product_1218,42875.96930597943,475.41,20383664.56775568,A,1786.4987210824763,1678.6183163929113,SUP_0479,9,46.54,598,2.33,11734.0
Product_1977,158184.92535271108,128.75,20366309.139161553,A,2396.7412932228954,2263.720297283252,SUP_0299,9,71.86,1636,2.33,15824.0
Product_1630,22103.282218757082,919.72,20328830.722235262,A,460.4850462241059,744.1166472695091,SUP_0619,7,55.26,290,2.33,4588.0
Product_1006,11468.228031459961,1771.13,20311722.713359684,A,1274.2475590511067,2434.46656705813,SUP_0716,12,46.16,239,2.33,19650.0
Product_2036,248813.4771362912,81.55,20290739.060464546,A,13095.446165067959,8463.610069123006,SUP_0250,7,23.86,1526,2.33,52175.0
Product_0200,82588.28646756233,245.25,20254777.256169662,A,170.99024113366943,397.8294218054822,SUP_0643,13,38.84,220,2.33,3343.0
Product_1744,54676.672670595726,369.93,20226541.521033477,A,2733.8336335297863,2195.8099160697375,SUP_0460,3,87.42,166,2.33,8862.0
Product_1905,144215.9345169891,140.19,20217631.859936703,A,2326.063459951437,3133.0388053644906,SUP_0325,11,70.34,1090,2.33,24212.0
Product_1417,27388.128331915766,737.03,20185872.22447188,A,380.39067127660786,801.561002819055,SUP_0589,2,87.19,311,2.33,2642.0
Product_0062,255360.02805213278,79.03,20181103.016960055,A,1434.6068991692853,2636.3154046818618,SUP_0260,14,67.72,707,2.33,22984.0
Product_0379,96210.2867691793,209.36,20142585.63799538,A,3207.0095589726434,3930.7747904310986,SUP_0311,7,54.24,732,2.33,24232.0
Product_0413,83930.90450402244,239.55,20105648.173938576,A,2797.6968168007484,4330.441511856691,SUP_0411,14,61.8,438,2.33,37754.0
Product_1383,108032.31505583589,185.76,20068082.844772074,A,631.7679243031339,681.0885710775392,SUP_0364,5,99.0,498,2.33,3549.0
Product_1980,81538.82195001401,245.86,20047134.764630444,A,4291.516944737579,4370.287479942164,SUP_0418,5,84.09,413,2.33,22770.0
Product_1017,97231.38946040731,206.02,20031610.856633116,A,298.25579589081997,578.2028174520415,SUP_0372,8,72.67,187,2.33,3811.0
Product_0193,57510.77739446485,347.66,19994196.86895965,A,537.4839008828491,901.721015845958,SUP_0457,13,64.33,156,2.33,7576.0
Product_1653,78110.28369231346,255.49,19956396.380549166,A,553.9736432078969,663.4869424120429,SUP_0476,11,99.0,613,2.33,5128.0
Product_1577,107233.54623578521,185.76,19919703.54875946,A,10723.354623578522,8702.04665600153,SUP_0345,3,91.99,666,2.33,35119.0
Product_1507,66994.60231241191,296.78,19882658.074277606,A,1810.664927362484,1458.0370360992913,SUP_0367,9,97.55,812,2.33,10192.0
Product_1002,46685.7156122233,425.08,19845163.99244388,A,2029.8137222705782,2796.0796617882843,SUP_0487,3,55.97,143,2.33,11285.0
Product_1988,162420.3340330807,121.95,19807159.73533419,A,3691.3712280245613,6136.457798477225,SUP_0314,12,77.93,1217,2.33,49530.0
Product_1442,39897.3082711848,496.38,19804225.87965071,A,738.8390420589777,1271.8528943332306,SUP_0550,8,99.0,387,2.33,8382.0
Product_0381,45163.05743546081,437.76,19770580.022947323,A,5018.117492828979,3742.0521364510237,SUP_0525,6,87.77,414,2.33,21358.0
Product_1475,44786.121767820565,440.62,19733660.9733371,A,533.1681162835781,1007.2710296457458,SUP_0524,7,74.49,343,2.33,6210.0
Product_1447,63947.89884793463,308.01,19696592.324152343,A,1937.8151166040798,1413.0180667606937,SUP_0466,9,59.05,362,2.33,9877.0
Product_0122,45367.4128026086,433.33,19659060.989754383,A,333.5839176662397,753.6093058687193,SUP_0577,12,68.61,198,2.33,6083.0
Product_1813,158306.95430199342,123.95,19622146.985732086,A,5863.22052970346,6503.198661405448,SUP_0349,3,53.77,593,2.33,26245.0
Product_1492,83440.22862799857,234.72,19585090.463563826,A,493.7291634792815,713.2623762565154,SUP_0397,2,99.0,944,2.33,2351.0
Product_0036,147641.29168351038,132.4,19547707.018896777,A,1240.6831233908435,1424.835629973023,SUP_0315,8,54.55,1417,2.33,9391.0
Product_0128,78849.51272423951,247.5,19515254.399249278,A,4149.974353907342,5025.733265224512,SUP_0381,12,63.19,342,2.33,40565.0
Product_1303,36651.880931900094,532.31,19510162.738859735,A,502.0805607109602,555.3229808743195,SUP_0521,4,85.56,444,2.33,2588.0
Product_0934,74285.4448838065,262.14,19473186.521841034,A,2396.3046736711776,1443.9558689110754,SUP_0429,9,43.63,496,2.33,10094.0
Product_0078,45510.62129876555,427.46,19453970.180370323,A,989.3613325818599,1656.21643217343,SUP_0520,13,62.74,214,2.33,13914.0
Product_1474,23017.434690054193,844.47,19437533.072710063,A,1353.966746473776,1888.3919157085911,SUP_0601,13,83.75,280,2.33,15865.0
Product_1423,178375.06381455052,108.96,19435746.953233425,A,598.5740396461426,1170.9277214842466,SUP_0286,5,75.97,427,2.33,6101.0
Product_2019,56474.52831422812,343.78,19414813.343865342,A,466.731638960563,593.9877387428061,SUP_0395,4,99.0,609,2.33,2768.0
Product_0085,241708.02644660423,80.26,19399486.202604458,A,4932.816866257229,6638.8093837841425,SUP_0236,13,65.6,3607,2.33,55773.0
Product_1487,28245.24585633889,686.19,19381605.254161183,A,3138.360650704321,2062.253540704031,SUP_0621,8,61.61,141,2.33,13591.0
Product_0035,98251.71281063945,197.06,19361482.52646461,A,496.2207717709063,967.6556932435365,SUP_0409,2,72.06,994,2.33,3189.0
Product_1464,388373.26666430535,49.76,19325453.749215834,A,1106.476543203149,2641.471612364589,SUP_0191,2,81.25,824,2.33,8704.0
Product_1257,31362.58804072695,614.97,19287050.767405853,A,282.5458382047473,334.83501651797445,SUP_0658,7,87.62,288,2.33,2065.0
Product_0214,113165.06133691962,170.1,19249376.933410026,A,544.0627948890367,1494.2269035240465,SUP_0421,6,73.21,686,2.33,8529.0
Product_0552,70557.18133179352,272.67,19238826.63374014,A,1959.921703660931,3406.672360940538,SUP_0400,3,49.99,1878,2.33,13749.0
Product_1810,59292.03665529404,324.03,19212398.637414925,A,3120.6335081733705,2347.3801893182376,SUP_0436,8,81.37,622,2.33,15470.0
Product_0191,161327.89738628478,118.86,19175433.88333381,A,783.14513294313,1346.7907783735816,SUP_0308,7,77.34,653,2.33,8303.0
Product_1222,672697.2309726138,28.45,19138236.22117086,A,1245.7356129122477,3740.0071924784547,SUP_0134,8,66.48,917,2.33,24648.0
Product_1969,464070.6763822576,41.16,19101149.03989372,A,897.622198031446,1759.7611180279544,SUP_0180,13,82.84,3816,2.33,14784.0
Product_1446,44584.460228268894,427.59,19063869.349005494,A,928.8429214222687,380.6804786815363,SUP_0527,11,75.41,338,2.33,2942.0
Product_1992,80869.66784783517,235.27,19026206.75456018,A,467.45472744413394,677.1859736612483,SUP_0504,14,68.21,821,2.33,5904.0
Product_1987,45867.44297612128,414.0,18989121.39211421,A,804.6919820372154,1086.7465680374403,SUP_0506,12,68.49,390,2.33,8772.0
Product_0390,59237.58996192964,319.93,18951882.15652015,A,3484.5641154076256,3588.739406959432,SUP_0484,13,85.3,629,2.33,30149.0
Product_1351,78676.3091137342,240.41,18914571.474032838,A,2537.9454552817483,2887.2215681689804,SUP_0426,4,86.03,758,2.33,13455.0
Product_1173,58478.50716998934,323.44,18914288.359061353,A,5316.227924544485,3536.3481387123234,SUP_0434,5,96.07,258,2.33,18425.0
Product_1999,98216.67937176612,192.2,18877245.77525345,A,1964.3335874353224,2088.8339428804056,SUP_0386,13,89.96,616,2.33,17549.0
Product_1414,69227.94591686895,272.56,18868768.9391018,A,1098.8562843947452,1992.7122162274434,SUP_0450,2,57.63,176,2.33,6567.0
Product_0037,69323.86048772049,271.77,18840145.564747795,A,825.284053425244,932.2696407392547,SUP_0442,12,55.81,1062,2.33,7525.0
Product_1580,143718.53033770787,130.83,18802695.324082322,A,1260.6888626114726,4076.663394756315,SUP_0312,6,59.21,327,2.33,23267.0
Product_1966,72561.840773958,258.65,18768120.116184235,A,321.0700919201681,470.99575211664876,SUP_0424,9,91.31,727,2.33,3293.0
Product_0928,93958.12513358393,199.73,18766256.332930718,A,2185.072677525208,2589.744641223651,SUP_0392,10,88.83,412,2.33,19082.0
Product_1729,58483.837030506686,320.86,18765123.949608374,A,301.4630774768386,463.0388139989128,SUP_0545,6,91.4,782,2.33,2643.0
Product_1445,21558.97680639711,869.89,18753938.334116783,A,1026.617943161767,1596.6394807241638,SUP_0615,5,75.55,347,2.33,8319.0
Product_1626,35132.55865954935,533.09,18728815.695819166,A,428.44583731157746,626.9678308999664,SUP_0544,5,76.07,473,2.33,3267.0
Product_0973,102922.90947877396,181.73,18704180.33957759,A,423.55106781388463,1008.6131503095353,SUP_0374,11,22.26,610,2.33,7795.0
Product_1634,31457.64207442229,594.18,18691501.767780233,A,1014.7626475620093,1277.5014829295353,SUP_0568,9,38.93,436,2.33,8930.0
Product_2013,11666.685682019806,1599.38,18659463.746108837,A,176.76796487908797,162.7861547988148,SUP_0850,3,44.47,560,2.33,657.0
Product_1008,106775.62262246838,174.71,18654769.02837145,A,2885.8276384450915,2326.8284650798005,SUP_0359,12,42.84,770,2.33,18781.0
Product_0017,59423.199316610546,313.93,18654724.96146355,A,385.8649306273412,535.4236846851034,SUP_0470,7,99.0,932,2.33,3301.0
Product_0976,56955.65192346504,326.87,18617093.944223017,A,482.6750163005512,1177.8541832001747,SUP_0454,12,31.03,765,2.33,9507.0
Product_1740,109481.30804718038,169.71,18580072.788686983,A,2105.4097701380842,2181.5707967301773,SUP_0378,10,47.58,360,2.33,16075.0
Product_2031,22216.30090600917,836.13,18575715.676541448,A,716.6548679357797,861.9492263544497,SUP_0635,10,70.67,162,2.33,6351.0
Product_1582,121019.13075457666,153.22,18542551.214216236,A,2689.31401676837,3333.461211562038,SUP_0362,8,68.6,790,2.33,21969.0
Product_1422,125520.17957691813,147.49,18512971.285799656,A,643.6932285995802,1194.1539145178378,SUP_0352,5,49.19,782,2.33,6222.0
Product_1542,60135.30278024116,307.73,18505436.724563614,A,2614.578381749616,2517.617054010815,SUP_0475,7,99.0,321,2.33,15521.0
Product_1443,43274.09237090616,426.78,18468517.14205533,A,865.4818474181233,1708.486261078165,SUP_0526,9,71.96,204,2.33,11943.0
Product_2008,73008.75737994112,252.46,18431790.888139937,A,1089.6829459692703,681.0419703740401,SUP_0447,3,36.25,464,2.33,2749.0
Product_1005,109622.2334604924,168.13,18430786.111712586,A,2383.092031749835,2319.6515884461965,SUP_0360,9,60.14,784,2.33,16215.0
Product_0392,52282.859241056816,351.82,18394155.53818861,A,2751.7294337398325,2695.920529584505,SUP_0482,14,69.19,566,2.33,23504.0
Product_1643,272254.42753981956,67.43,18358116.049010035,A,4003.741581467935,8437.807891196924,SUP_0238,7,68.26,3636,2.33,52016.0
Product_1191,67473.37304851698,271.62,18327117.58743818,A,924.292781486534,655.4649780659234,SUP_0449,14,86.01,321,2.33,5715.0
Product_1733,83444.76017057916,219.54,18319462.64784895,A,1896.4718220586174,1869.9604357057758,SUP_0435,2,99.0,330,2.33,6162.0
Product_1007,28524.434043295787,638.84,18222549.444219083,A,475.4072340549298,648.1134742781543,SUP_0535,5,53.41,501,2.33,3377.0
Product_0606,25008.280937569278,725.24,18137005.667162742,A,94.72833688473212,143.58796845458554,SUP_0822,8,68.13,395,2.33,947.0
Product_1831,34754.83680164338,518.38,18016212.301235896,A,1022.2010824012759,1181.7191456321505,SUP_0471,10,52.16,338,2.33,8708.0
Product_1353,117228.41730679909,148.91,17456483.621155452,A,2859.229690409734,2304.4081035360146,SUP_0340,12,99.0,288,2.33,18600.0
Product_0054,81115.45152138777,214.51,17400075.50585289,A,2616.6274684318637,2990.6818531128074,SUP_0439,12,67.83,595,2.33,24139.0
Product_0425,86847.39388007,198.9,17273946.642745923,A,904.6603529173958,940.9324943253445,SUP_0379,3,95.15,794,2.33,3798.0
Product_2089,14235.451297304358,1210.07,17225892.551329084,A,119.62564115381814,283.50652854368457,SUP_0917,5,99.0,221,2.33,1478.0
Product_0376,59604.166671880535,288.78,17212491.251505658,A,5418.560606534594,3943.027942463369,SUP_0427,5,55.84,1476,2.33,20544.0
Product_1738,56707.30114073455,303.23,17195354.92490494,A,2025.260755026234,1491.6931895961682,SUP_0491,3,99.0,385,2.33,6020.0
Product_2138,61245.6947872744,280.17,17159206.30855067,A,231.11582938594114,538.3143088335744,SUP_0552,12,54.55,488,2.33,4345.0
Product_1515,176283.7712938672,97.04,17106577.166356876,A,3264.514283219763,3170.832047750619,SUP_0300,5,90.75,416,2.33,16521.0
Product_0014,81993.53751436995,207.31,16998080.262104034,A,2216.041554442431,1589.5330375815886,SUP_0417,4,91.92,932,2.33,7408.0
Product_0025,126281.63840679357,134.43,16976040.65102526,A,464.2707294367411,749.3912801957296,SUP_0342,9,68.72,775,2.33,5239.0
Product_1902,22836.15030352846,743.1,16969543.290551998,A,2854.5187879410573,350.00580781644675,SUP_0655,5,92.93,147,2.33,1824.0
Product_1547,41085.85584029561,412.81,16960652.149432432,A,2567.8659900184757,3225.586877656268,SUP_0515,7,63.82,252,2.33,19885.0
Product_1211,54093.496139414616,311.62,16856615.266964383,A,2847.0261126007695,2640.0942171345814,SUP_0448,10,77.17,647,2.33,19453.0
Product_0557,91104.85283782776,184.21,16782424.94125625,A,5359.108990460456,9731.151695185277,SUP_0415,11,62.67,580,2.33,75200.0
Product_2003,15883.7988199119,1042.4,16557271.889876166,A,387.4097273149244,515.1609666448059,SUP_0711,13,56.12,388,2.33,4328.0
Product_1307,36301.17215886028,456.01,16553697.516161876,A,259.294086849002,337.54813433560025,SUP_0592,8,97.26,308,2.33,2225.0
Product_1457,34744.0323936916,474.64,16490907.535341782,A,510.9416528484059,641.7439947978962,SUP_0571,2,86.09,672,2.33,2115.0
Product_1743,18294.625273472302,888.76,16259531.158051243,A,1407.2788671901772,1488.8809368002696,SUP_0583,13,90.61,406,2.33,12508.0
Product_2017,37454.34716958804,433.96,16253688.497714426,B,1248.478238986268,708.8691334140227,SUP_0547,5,98.48,121,1.65,2616.0
Product_0940,70746.64961558668,229.38,16227866.488823272,B,321.57568007084853,470.0208456365865,SUP_0446,6,67.21,888,1.65,1900.0
Product_0004,20505.14588089331,790.94,16218340.083033755,B,310.6840284983835,418.9198515263423,SUP_0616,3,57.16,509,1.65,1198.0
Product_1641,38547.82628328103,420.36,16203964.256440014,B,2409.2391427050643,1625.2279188245543,SUP_0530,10,63.34,739,1.65,8481.0
Product_1488,20129.418484051854,804.21,16188279.639059342,B,1677.4515403376545,1415.5465779568062,SUP_0620,5,99.0,345,1.65,5223.0
Product_1621,35828.662233878786,448.0,16051240.680777695,B,568.7089243472823,770.5850349243132,SUP_0523,14,54.72,507,1.65,4758.0
Product_0550,17441.671366084116,919.64,16040058.655105596,B,1162.7780910722745,749.9652315717007,SUP_0675,6,84.27,408,1.65,3032.0
Product_1557,7263.336536366229,2200.0,15979340.380005702,B,605.2780446971857,1123.8058798071027,SUP_0762,7,73.16,295,1.65,4906.0
Product_2011,75618.36345898584,211.14,15966061.26073027,B,869.1765914825959,1779.275663278017,SUP_0422,2,69.69,310,1.65,4152.0
Product_1155,137770.63501163264,115.32,15887709.629541475,B,9840.759643688045,12487.845590541563,SUP_0355,8,42.98,372,1.65,58280.0
Product_1444,22600.032535283448,695.95,15728492.642930517,B,904.0013014113379,2017.0826072565785,SUP_0633,8,79.27,357,1.65,9414.0
Product_1401,368374.34632044286,42.42,15626439.770913187,B,757.9719060091417,1453.1142677099658,SUP_0279,13,99.0,1402,1.65,8645.0
Product_0123,66605.96623048707,232.68,15497876.222509732,B,228.88648189170814,594.3084419138629,SUP_0680,14,63.65,420,1.65,3670.0
Product_2050,32740.912342504213,472.91,15483504.855893668,B,1023.1535107032566,824.2827100051738,SUP_0553,7,78.08,745,1.65,3599.0
Product_0138,17695.167058485174,872.38,15436909.838481296,B,127.30336013298687,375.80258388561447,SUP_0794,4,47.88,132,1.65,1241.0
Product_2082,31795.234854146896,483.87,15384760.288876059,B,219.27748175273723,536.6743149660768,SUP_0701,7,15.69,448,1.65,2343.0
Product_0416,12979.643653875723,1175.39,15256143.354328986,B,499.2170636106047,826.334043996265,SUP_0693,7,71.68,248,1.65,3608.0
Product_0097,43703.107640638744,348.91,15248451.286895266,B,950.0675574051901,1063.0185651195384,SUP_0508,4,71.73,714,1.65,3508.0
Product_0023,63141.35992598039,241.47,15246744.181326484,B,460.88583887576925,677.2328061782671,SUP_0469,6,47.09,1481,1.65,2738.0
Product_0479,57517.56947808301,264.24,15198442.558888655,B,1106.1071053477501,1910.0287054535731,SUP_0459,8,99.0,190,1.65,8914.0
Product_1106,61160.665775096626,247.85,15158671.012357699,B,582.4825311913964,1802.8389213064675,SUP_0438,10,75.86,547,1.65,9407.0
Product_1746,29275.60312462356,516.75,15128167.914649226,B,2439.63359371863,5150.795371459093,SUP_0607,9,47.24,544,1.65,25497.0
Product_0032,100764.8034541137,149.99,15113712.870082514,B,1199.5809935013535,2607.5306146318057,SUP_0371,14,86.56,1980,1.65,16099.0
Product_0022,30501.964690382483,492.87,15033503.336948814,B,363.11862726645813,437.25471744308174,SUP_0654,6,71.79,434,1.65,1768.0
Product_1003,29400.0,510.8,15017520.0,B,816.6666666666666,1237.162652431534,SUP_0602,3,85.24,122,1.65,3536.0
Product_1505,126548.91501076729,117.77,14903665.720818063,B,2582.6309185870878,4242.831284413395,SUP_0338,13,68.43,714,1.65,25242.0
Product_0961,49537.484064340024,297.08,14716595.765834134,B,325.9045004232896,657.6692000321042,SUP_0656,2,78.68,354,1.65,1535.0
Product_1843,9876.96513051364,1467.09,14490396.773325255,B,897.9059209557854,1044.0537518909061,SUP_0678,8,49.23,202,1.65,4873.0
Product_0183,29613.52841120231,489.18,14486345.828191947,B,240.76039358701067,730.7929131727092,SUP_0593,7,69.73,215,1.65,3191.0
Product_1995,33645.30949870352,430.45,14482623.473716931,B,473.87759857328905,920.9282643603805,SUP_0579,7,97.81,324,1.65,4021.0
Product_1994,21584.127574799906,664.65,14345890.392590757,B,469.2201646695632,997.0916902831387,SUP_0752,8,94.0,1348,1.65,4654.0
Product_0101,24295.042528953247,588.03,14286213.858300377,B,934.4247126520479,864.6776149329027,SUP_0612,13,40.64,328,1.65,5145.0
Product_2028,37896.516024817785,376.33,14261595.875619676,B,390.68573221461634,383.19736720861636,SUP_0729,5,42.77,145,1.65,1414.0
Product_1227,58361.98742960465,243.05,14184881.044765411,B,1241.7444133958436,1107.2587397939049,SUP_0463,4,97.86,355,1.65,3654.0
Product_1495,76666.65890957604,184.81,14168765.233078748,B,461.84734282877133,879.7427279424817,SUP_0375,6,54.85,339,1.65,3556.0
Product_0421,36287.597297390275,390.32,14163774.977117373,B,907.1899324347569,1136.2595143150356,SUP_0561,7,99.0,261,1.65,4961.0
Product_1632,36615.08388654285,385.89,14129394.720978022,B,1144.2213714544641,750.5047044105081,SUP_0559,7,93.99,355,1.65,3277.0
Product_1533,45436.433967661906,309.98,14084385.80129584,B,2839.777122978869,3111.787490381523,SUP_0496,7,76.91,409,1.65,13585.0
Product_1650,28574.485349814462,486.42,13899201.16385675,B,952.4828449938154,1082.2742496100093,SUP_0591,13,99.0,170,1.65,6439.0
Product_1971,35717.12506440861,388.86,13888961.252545932,B,1275.6116094431648,1138.1929231039194,SUP_0566,13,60.53,521,1.65,6772.0
Product_1628,36100.60989078403,382.24,13799097.124653287,B,1002.7947191884452,925.9157081464375,SUP_0514,9,73.14,640,1.65,4584.0
Product_1194,29083.615857151202,472.38,13738518.458601085,B,461.64469614525717,479.6875713318227,SUP_0741,2,99.0,234,1.65,1120.0
Product_2021,48077.59373719825,280.92,13505957.632653734,B,751.2124021437227,1797.2101412314914,SUP_0518,14,53.59,801,1.65,11096.0
Product_0110,13760.11399281267,965.69,13288004.481719268,B,154.6080223911536,191.40501800180368,SUP_0811,5,48.94,412,1.65,707.0
Product_0433,44339.09030411604,298.56,13237878.801196886,B,904.8793939615518,1114.3859091592244,SUP_0539,4,76.28,675,1.65,3678.0
Product_0949,37836.16377331286,348.85,13199145.732320191,B,1513.4465509325144,1578.79018747632,SUP_0502,3,99.0,282,1.65,4512.0
Product_0935,98379.89345868862,134.05,13187824.71813721,B,1561.5856104553748,1427.4412261865207,SUP_0394,10,58.58,1958,1.65,7449.0
Product_0963,36121.98802010236,362.9,13108669.452495147,B,199.5689945862009,527.4548604128412,SUP_0768,7,49.73,608,1.65,2303.0
Product_1739,63377.80314438129,205.79,13042518.109082224,B,1667.8369248521392,1571.1519563405855,SUP_0462,12,64.48,581,1.65,8981.0
Product_1010,39727.437929313295,323.15,12837921.566857591,B,2090.9177857533314,1511.2206611570555,SUP_0551,2,55.69,350,1.65,3527.0
Product_0962,125552.65158576811,100.23,12584142.268441537,B,4185.08838619227,11505.462508498382,SUP_0327,9,82.72,960,1.65,56953.0
Product_1362,141011.54736859497,88.98,12547207.484857582,B,8813.221710537186,3444.971717095704,SUP_0348,6,70.86,306,1.65,13924.0
Product_0100,47296.90280610382,264.7,12519490.17277568,B,2956.0564253814887,3299.1660774625,SUP_0408,13,73.16,259,1.65,19628.0
Product_1968,20765.03677614824,602.4,12508858.1539517,B,1297.814798509265,1385.4868935286931,SUP_0610,3,83.44,376,1.65,3960.0
Product_1983,9331.045528912744,1328.09,12392468.256493725,B,3110.348509637581,1644.8358130296658,SUP_0781,3,46.73,216,1.65,4701.0
Product_1541,104120.92228736218,118.73,12362277.103178512,B,520.6046114368108,993.7679566425,SUP_0336,3,80.16,255,1.65,2841.0
Product_1878,71923.34208934648,171.06,12303206.897803608,B,299.68059203894364,390.6075854855006,SUP_0467,10,56.99,649,1.65,2039.0
Product_1829,29901.755351276337,408.53,12215764.113656921,B,2718.341395570576,1753.0162380133186,SUP_0597,7,70.66,270,1.65,7653.0
Product_1449,27704.69795291099,438.33,12143800.253699474,B,1539.1498862728326,840.7360772630262,SUP_0609,7,94.33,670,1.65,3671.0
Product_2167,48525.96011932634,248.34,12050936.936033502,B,78.90400019402657,182.1109338457946,SUP_0788,11,34.5,433,1.65,997.0
Product_1306,76824.96802628567,156.61,12031558.2425966,B,569.0738372317458,1235.2688524256944,SUP_0473,12,72.51,253,1.65,7061.0
Product_1546,36432.05836400733,329.64,12009463.719111376,B,910.8014591001833,577.6448544455645,SUP_0565,12,57.7,375,1.65,3302.0
Product_0478,43612.72314115902,270.38,11792008.082906576,B,1503.8870048675524,1946.2210640822675,SUP_0548,5,91.39,339,1.65,7181.0
Product_1732,17843.372643719606,654.41,11676881.491776546,B,686.2835632199848,466.79797996574325,SUP_0627,8,77.53,450,1.65,2179.0
Product_0250,37765.41267159111,308.96,11668001.89901479,B,170.88422023344395,389.68350968740896,SUP_0737,12,80.85,101,1.65,2228.0
Product_1203,14389.388500709269,808.72,11636986.2682936,B,306.1572021427504,286.58852143175847,SUP_0731,12,64.15,499,1.65,1639.0
Product_0047,26026.579587578595,443.44,11541226.452315852,B,295.75658622248403,300.97748964940354,SUP_0736,8,62.86,168,1.65,1405.0
Product_1880,37902.80637877241,297.6,11279875.17832267,B,310.6787408096099,358.7827611755659,SUP_0625,8,56.85,405,1.65,1675.0
Product_1509,60080.3734084317,187.56,11268674.83648545,B,488.45832039375364,897.321687453577,SUP_0468,2,89.83,558,1.65,2094.0
Product_1436,127568.48575619308,88.09,11237507.910263048,B,1747.5135035094943,2460.327563697561,SUP_0333,4,88.21,393,1.65,8120.0
Product_1367,106754.94728865138,104.04,11106784.71591129,B,503.5610721162801,479.4120128570229,SUP_0542,3,99.0,248,1.65,1371.0
Product_0188,12788.998376606405,860.83,11009153.472534092,B,199.82809963447508,383.62500726822367,SUP_0861,11,62.97,408,1.65,2100.0
Product_1034,51074.60911791796,215.38,11000449.31181717,B,411.8920090154674,476.5003459720917,SUP_0570,13,62.73,499,1.65,2835.0
Product_1259,31569.102069473203,347.87,10981943.536907643,B,284.406324950209,305.4682416659531,SUP_0689,4,50.58,275,1.65,1009.0
Product_0977,32262.534967166855,338.46,10919577.584987294,B,256.05186481878457,567.8050305316223,SUP_0727,10,45.36,154,1.65,2963.0
Product_1736,34244.96071169267,311.33,10661483.618371278,B,1902.4978173162594,2340.864639827234,SUP_0580,10,75.77,129,1.65,12215.0
Product_0026,36157.86996353942,293.0,10594255.89931705,B,309.04162361999505,533.76380580953,SUP_0704,2,95.29,188,1.65,1246.0
Product_1249,39878.27391543205,264.54,10549398.581588395,B,797.565478308641,974.9065260090283,SUP_0584,9,51.09,251,1.65,4826.0
Product_2109,17046.594185315927,616.88,10515703.021037688,B,210.45178006562872,490.383303879855,SUP_0777,2,43.73,90,1.65,1145.0
Product_0989,45378.28865529155,231.18,10490552.7713303,B,363.0263092423324,557.8046172020971,SUP_0641,14,43.81,607,1.65,3444.0
Product_0213,34258.817799144526,306.21,10490392.598276045,B,195.7646731379687,554.0298999687354,SUP_0588,7,58.9,273,1.65,2419.0
Product_1161,23106.450028362655,452.34,10451971.605829563,B,4621.290005672531,519.7215320418409,SUP_0632,3,33.65,654,1.65,1486.0
Product_2041,23675.117387012277,439.46,10404267.086896414,B,816.3833581728371,647.8966839503894,SUP_0642,5,61.86,2103,1.65,2391.0
Product_2045,147091.25780901953,70.22,10328748.123349352,B,8171.736544945529,3793.839819562293,SUP_0331,6,63.3,728,1.65,15334.0
Product_0986,70989.2666117822,145.43,10323969.043351484,B,606.7458684767709,960.6946234046386,SUP_0433,6,32.66,672,1.65,3883.0
Product_2114,14174.498285613725,726.25,10294229.379926968,B,170.7770877784786,403.2286748016879,SUP_0860,2,87.12,128,1.65,941.0
Product_1847,22562.58474229736,449.44,10140528.086578125,B,309.0765033191419,518.6633992409296,SUP_0637,8,96.47,464,1.65,2421.0
Product_0470,47907.25504076423,211.23,10119449.482260628,B,3685.173464674171,6549.111323669583,SUP_0533,3,99.0,594,1.65,18717.0
Product_2014,76441.3629664733,131.96,10087202.257055817,B,402.3229629814384,600.9348040315,SUP_0483,6,65.2,498,1.65,2429.0
Product_0034,68136.59730677382,147.6,10056961.762479816,B,337.30988765729614,496.3346165540899,SUP_0541,14,82.71,387,1.65,3065.0
Product_0411,73310.39935628229,136.75,10025197.111971602,B,4581.899959767643,5710.021996398342,SUP_0358,12,29.46,857,1.65,32638.0
Product_1236,89181.94981002745,111.46,9940220.125825658,B,1292.492026232282,2300.075026395975,SUP_0363,12,71.62,888,1.65,13147.0
Product_1490,35601.848548270376,278.67,9921167.134946506,B,359.61463180071087,546.1336877613796,SUP_0679,6,80.71,739,1.65,2208.0
Product_1527,76630.116297534,128.13,9818616.801203031,B,2736.7898677690714,3420.1699264281315,SUP_0396,10,90.69,567,1.65,17846.0
Product_0987,57186.09312921081,170.71,9762237.958087577,B,688.9890738459134,1821.3343965516256,SUP_0498,7,54.33,208,1.65,7952.0
Product_1301,10429.785151316826,925.72,9655060.710277013,B,158.02704774722463,288.2175886443444,SUP_0766,12,91.32,283,1.65,1648.0
Product_0052,31337.615284392792,307.93,9649791.874523073,B,505.445407812787,881.2801711389405,SUP_0720,11,67.33,732,1.65,4823.0
Product_1561,52776.89645983644,181.92,9601173.003973445,B,1122.9126906348179,1622.7574316441999,SUP_0461,5,80.17,193,1.65,5988.0
Product_0179,29044.843600075055,330.0,9584798.388024768,B,468.46521935604926,990.8298227897427,SUP_0575,9,13.36,642,1.65,4905.0
Product_2029,37786.6708178326,252.39,9536977.84771277,B,349.87658164659814,423.483762411422,SUP_0649,10,64.99,1910,1.65,2210.0
Product_0195,23595.89840297506,403.65,9524484.390360883,B,436.9610815365752,767.8703310120806,SUP_0556,8,50.29,347,1.65,3584.0
Product_0371,20232.815773365313,470.1,9511446.695059035,B,1839.3468884877557,2092.1352618725077,SUP_0599,6,94.86,242,1.65,8456.0
Product_0194,55774.49269773476,170.06,9485010.228176773,B,845.0680711777993,1240.9037594089962,SUP_0501,5,61.96,565,1.65,4579.0
Product_0055,12967.53161262237,729.71,9462537.49304667,B,997.5024317401823,540.1367962659353,SUP_0735,11,73.52,201,1.65,2956.0
Product_0685,17101.635874435855,552.91,9455665.491334328,B,192.15321207231298,681.480697818629,SUP_0696,5,93.53,370,1.65,2515.0
Product_1540,133127.0506797643,70.41,9373475.638362205,B,566.498087998997,644.4549267489617,SUP_0335,8,99.0,267,1.65,3008.0
Product_0225,66262.83723818313,141.1,9349686.334307639,B,245.41791569697455,629.9701708750225,SUP_0431,2,87.34,274,1.65,1471.0
Product_1633,41056.32869924041,226.22,9287762.678342165,B,1109.630505384876,1010.3307901531754,SUP_0485,9,41.19,572,1.65,5002.0
Product_1132,33091.73824506392,278.86,9227962.127018524,B,1504.1699202301781,3065.837363581179,SUP_0572,7,68.72,950,1.65,13384.0
Product_1308,45738.82564525301,200.21,9157370.282436106,B,371.86037109961796,618.080421398678,SUP_0546,14,91.29,611,1.65,3816.0
Product_0349,29673.64879475639,307.83,9134439.30848986,B,44.421629932270044,113.22017903648398,SUP_0939,14,33.48,174,1.65,699.0
Product_1500,17794.165020233402,513.31,9133922.846536007,B,386.82967435290004,660.593851445186,SUP_0611,5,99.0,126,1.65,2438.0
Product_1842,42740.907458945454,213.49,9124756.333410265,B,5342.613432368182,5180.739291971354,SUP_0569,13,57.42,346,1.65,30822.0
Product_1522,26092.663179532195,346.62,9044238.91128945,B,1242.507770453914,1597.8741896701404,SUP_0567,11,99.0,339,1.65,8745.0
Product_1734,35398.47986645412,254.12,8995461.703663321,B,1539.0643420197446,1336.5632309361242,SUP_0560,6,69.57,242,1.65,5402.0
Product_1636,51381.623375548916,174.19,8950164.975786865,B,484.7322959957445,1134.4213422917867,SUP_0507,13,46.9,910,1.65,6749.0
Product_0974,30956.858673265935,287.31,8894215.065416036,B,573.2751606160358,735.7479097605014,SUP_0594,10,42.2,285,1.65,3839.0
Product_1298,52689.284660238554,168.64,8885520.96510263,B,849.8271719393315,1832.2194130213297,SUP_0405,13,99.0,748,1.65,10901.0
Product_0358,3992.3420442228867,2200.0,8783152.49729035,B,570.3345777461267,533.5147462947215,SUP_0810,11,66.46,68,1.65,2920.0
Product_0287,33772.34941010611,259.53,8764937.842404837,B,222.18650927701387,434.6096366274239,SUP_0694,7,57.77,278,1.65,1898.0
Product_1310,13592.761126088031,644.53,8760942.328597518,B,238.4694934401409,445.762590993215,SUP_0864,14,79.32,185,1.65,2753.0
Product_1511,35525.04747293674,246.41,8753726.947806342,B,1869.7393406808812,1306.69172950458,SUP_0522,11,71.58,736,1.65,7151.0
Product_1013,46036.33002612394,189.01,8701326.738237686,B,3069.088668408263,2059.070242955984,SUP_0430,13,64.29,229,1.65,12250.0
Product_1022,15862.410169874001,545.4,8651358.50664928,B,991.4006356171251,1240.773514340144,SUP_0682,3,35.74,159,1.65,3546.0
Product_0952,34189.9235364707,250.89,8577909.916065132,B,599.8232199380824,790.0564023830356,SUP_0662,6,49.7,282,1.65,3194.0
Product_1795,12807.601607842827,669.22,8571103.148000577,B,191.15823295287802,165.27696084051865,SUP_0928,14,60.06,439,1.65,1021.0
Product_1204,47032.70075217749,179.89,8460712.538309207,B,1679.7393125777674,1056.359855874118,SUP_0505,9,62.38,598,1.65,5229.0
Product_1545,39125.94288298002,215.68,8438683.361001132,B,3260.4952402483354,1845.090287909303,SUP_0576,3,58.92,472,1.65,5274.0
Product_1782,29885.29926338065,280.05,8369378.058709751,B,2298.869174106204,1898.1846446091515,SUP_0562,5,24.35,499,1.65,7004.0
Product_1415,29441.63715509611,283.01,8332277.731263749,B,499.0107992389171,480.17801170722373,SUP_0618,8,58.32,189,1.65,2241.0
Product_0241,5300.287784446286,1566.52,8303006.820090797,B,240.92217202028576,409.13267879406663,SUP_0983,3,44.3,46,1.65,1170.0
Product_1517,4278.260417112452,1881.83,8050958.800734726,B,194.46638259602057,152.69752792881894,SUP_0938,6,43.5,259,1.65,618.0
Product_1504,28252.774934691904,284.88,8048650.52339503,B,504.5138381194983,746.7901573470183,SUP_0629,9,82.52,408,1.65,3697.0
Product_1518,78896.55405256756,101.47,8005633.339714031,B,490.0407084010408,899.499956140175,SUP_0531,12,89.69,3879,1.65,5142.0
Product_1384,31885.460276974667,248.5,7923536.878828205,B,569.3832192316905,1477.3732130455935,SUP_0558,10,85.93,140,1.65,7709.0
Product_0397,8474.065747990768,927.1,7856306.354962241,B,176.54303641647434,185.59212298744762,SUP_0875,2,89.55,29,1.65,434.0
Product_1261,10697.576193908892,734.0,7852020.926329127,B,396.20652570032934,667.0865814303883,SUP_0745,11,66.04,207,1.65,3651.0
Product_0284,7477.176795510487,1043.06,7799144.028325168,B,115.0334891616998,356.95960673235,SUP_0923,6,72.34,585,1.65,1443.0
Product_1588,18682.005835536344,414.03,7734910.876087111,B,1556.8338196280286,1369.2979917484624,SUP_0639,8,64.11,142,1.65,6391.0
Product_1591,11708.453862620556,654.91,7667983.519168828,B,616.2344138221346,485.041445594901,SUP_0657,3,81.91,187,1.65,1387.0
Product_0228,31072.20197055637,243.8,7575402.840421643,B,173.5877205059015,544.1488940662015,SUP_0807,3,47.8,376,1.65,1556.0
Product_0127,19845.16905571612,381.04,7561803.21699007,B,945.0080502721962,739.8733334802655,SUP_0608,2,97.5,272,1.65,1727.0
Product_1553,19938.509681304924,378.66,7549916.075922923,B,214.39257721833252,773.6443901016856,SUP_0645,2,65.09,173,1.65,1806.0
Product_0564,21810.343384623608,342.62,7472659.85043974,B,436.20686769247214,961.3911630379756,SUP_0754,4,90.81,125,1.65,3173.0
Product_1973,60616.31086358925,123.1,7461867.867307836,B,556.1129437026536,542.2886765767885,SUP_0452,6,82.21,405,1.65,2192.0
Product_0968,5801.950696237067,1285.39,7457769.405436164,B,223.1519498552718,209.87918322726222,SUP_0975,4,64.41,85,1.65,693.0
Product_1639,23580.087734865836,311.89,7354393.563627305,B,226.73161283524843,247.04992056980834,SUP_0841,8,74.02,288,1.65,1153.0
Product_0562,14995.424869859242,488.39,7323615.552190555,B,681.6102213572383,735.7561453087211,SUP_0747,5,40.88,161,1.65,2715.0
Product_1532,51732.48423696157,141.0,7294280.277411582,B,338.1208120062848,469.7241879207578,SUP_0540,2,98.89,113,1.65,1097.0
Product_1254,23148.13766996041,311.54,7211570.809699467,B,282.2943618287855,364.8251352686635,SUP_0673,5,59.15,150,1.65,1347.0
Product_0995,28126.64821132628,256.32,7209422.469527151,B,375.02197615101704,843.7574032881203,SUP_0721,10,30.23,653,1.65,4403.0
Product_2002,27965.38755723248,257.34,7196612.833978206,B,345.251698237438,597.4302389373088,SUP_0772,4,94.04,1034,1.65,1972.0
Product_1578,31000.0,231.68,7182080.0,B,3100.0,9453.982112198953,SUP_0317,6,71.56,571,1.65,38210.0
Product_0220,7484.371553372794,958.56,7174219.196201025,B,182.54564764323888,264.4296090380622,SUP_0874,8,5.34,519,1.65,1235.0
Product_1494,48635.16419120835,147.26,7162014.2787973415,B,868.4850748430063,2744.3275406973844,SUP_0432,12,72.02,740,1.65,15686.0
Product_0398,45155.93738175275,158.51,7157667.634381629,B,2822.246086359547,2787.0985296062036,SUP_0437,4,58.59,315,1.65,9198.0
Product_2007,21616.71777429264,330.6,7146486.896181148,B,308.8102539184663,416.5308351030486,SUP_0650,14,72.88,363,1.65,2572.0
Product_1484,59989.58977571312,118.97,7136961.49561659,B,3528.7993985713597,3312.2993035411496,SUP_0480,10,58.5,594,1.65,17283.0
Product_0113,32548.858475675326,217.36,7074819.8782727895,B,1479.4935670761513,1177.0412755899388,SUP_0581,2,74.82,236,1.65,2747.0
Product_0067,7016.32896884627,1004.28,7046358.856832932,B,877.0411211057838,354.4241905707667,SUP_0795,5,66.94,82,1.65,1308.0
Product_1223,18241.332016963002,384.98,7022547.999890417,B,467.7264619734103,723.8116623039185,SUP_0786,13,43.8,287,1.65,4307.0
Product_1528,50314.78341108075,139.52,7019918.581513987,B,3593.9131007914825,5324.336455412475,SUP_0481,14,79.15,579,1.65,32872.0
Product_1884,21463.499305882433,326.47,7007188.618391438,B,306.62141865546334,813.0997686914608,SUP_0726,6,33.63,173,1.65,3287.0
Product_1477,33010.896140836914,208.95,6897626.748627873,B,277.4024885784615,331.49149848882155,SUP_0573,9,87.02,325,1.65,1641.0
Product_0115,9736.566217119205,706.94,6883168.121530252,B,154.54867011300325,300.3773613531492,SUP_0831,11,42.21,269,1.65,1644.0
Product_1014,14911.464700407021,459.8,6856291.469247148,B,372.7866175101755,422.14072673011196,SUP_0771,13,87.27,204,1.65,2512.0
Product_1885,53366.64731738357,128.07,6834666.5219373135,B,4851.513392489415,6433.650993488432,SUP_0477,5,55.16,178,1.65,23738.0
Product_1129,13360.308385356539,510.9,6825781.554078655,B,1908.6154836223627,705.3631848062964,SUP_0750,6,68.6,177,1.65,2851.0
Product_0664,25515.075867027896,263.72,6728835.807652597,B,52.28499153079487,218.846329693568,SUP_0801,4,61.58,212,1.65,723.0
Product_1985,17150.352109740168,389.35,6677489.593927335,B,259.853819844548,276.6338566361903,SUP_0755,10,63.88,110,1.65,1444.0
Product_1731,28723.635137065667,231.47,6648659.82517659,B,308.856291796405,412.09205816139587,SUP_0606,4,99.0,392,1.65,1360.0
Product_0514,9600.717821633298,689.63,6620943.031332971,B,147.70335110205073,172.79497488001874,SUP_0849,8,60.41,74,1.65,807.0
Product_0211,25384.86699013483,258.0,6549295.683454786,B,102.77274085074829,229.4000678233322,SUP_0791,7,41.63,183,1.65,1002.0
Product_1296,13911.417308443892,470.78,6549217.040469215,B,869.4635817777432,822.6707344362549,SUP_0758,4,99.0,203,1.65,2715.0
Product_0140,12888.27928469753,507.71,6543508.275633783,B,91.40623606168461,182.10146205495528,SUP_0956,12,72.98,269,1.65,1041.0
Product_0230,8633.37867672387,752.38,6495581.448793506,B,104.0166105629382,247.29668583772997,SUP_0882,9,26.1,702,1.65,1225.0
Product_1563,13161.52383278827,492.25,6478760.106690026,B,223.0766751320046,284.92523698353006,SUP_0816,3,91.08,222,1.65,815.0
Product_0226,61093.604667234795,105.57,6449651.844719977,B,355.1953759722953,1293.636557038026,SUP_0555,3,61.76,859,1.65,3698.0
Product_0422,136357.02979202458,46.93,6399235.408139713,B,1770.87051677954,2329.0284761621665,SUP_0339,14,77.52,1057,1.65,14379.0
Product_1544,7554.068343788623,846.7,6396029.666685827,B,243.67962399318137,392.55331409280916,SUP_0821,12,99.0,294,1.65,2244.0
Product_1214,19862.26924141109,318.97,6335468.019932896,B,863.5769235396126,1610.6376115937048,SUP_0634,2,62.82,350,1.65,3759.0
Product_1989,4306.9382818494105,1461.35,6293944.258180636,B,1435.6460939498036,512.2736335902449,SUP_0873,11,40.6,571,1.65,2804.0
Product_0061,20200.530186670643,310.67,6275698.713092969,B,492.6958582114791,663.108636421695,SUP_0626,14,66.61,153,1.65,4094.0
Product_0008,56157.7340355905,111.11,6239685.828694461,B,1039.9580376961205,1156.0373668705977,SUP_0472,5,99.0,555,1.65,4266.0
Product_1160,27999.027006463144,222.65,6233983.36298902,B,1399.9513503231572,1789.2217389272155,SUP_0536,8,69.29,781,1.65,8351.0
Product_0053,37633.203776185415,164.94,6207220.630844022,B,917.8830189313516,648.045959352682,SUP_0537,11,78.57,365,1.65,3547.0
Product_1551,4548.095675060837,1363.33,6200555.27668069,B,324.8639767900598,218.460570315515,SUP_0865,14,76.48,266,1.65,1349.0
Product_0095,113915.7296339502,54.31,6186763.276419836,B,2588.99385531705,4297.013149611135,SUP_0377,2,90.18,852,1.65,10027.0
Product_0201,21077.428320927484,291.94,6153344.4240115695,B,376.3826485879908,553.3255632974852,SUP_0695,3,58.85,132,1.65,1582.0
Product_1901,63168.22550384272,96.84,6117210.957792129,B,2256.0080537086683,1420.1749508181317,SUP_0489,6,99.0,776,1.65,5740.0
Product_0143,15000.0,405.37,6080550.0,B,2500.0,1643.1676725154985,SUP_0668,6,80.16,257,1.65,6642.0
Product_0551,18890.238302313126,320.29,6050354.425847871,B,484.36508467469554,658.8651275590755,SUP_0554,11,71.69,310,1.65,3606.0
Product_0879,7189.998717120674,837.97,6025003.224985612,B,342.38089129146067,496.5562243088071,SUP_0714,8,44.09,186,1.65,2318.0
Product_0367,46962.46497812179,127.85,6004151.14745287,B,782.7077496353631,925.7082552369313,SUP_0494,14,99.0,199,1.65,5716.0
Product_0308,16214.540080358784,369.82,5996461.212518285,B,54.04846693452928,156.83305127764334,SUP_0967,9,37.6,153,1.65,777.0
Product_1903,13555.968346639798,434.69,5892643.880600854,B,437.28930150450964,411.93974171304257,SUP_0698,14,83.4,413,1.65,2544.0
Product_1742,18618.857436080925,314.86,5862333.452324441,B,1241.257162405395,555.390274062941,SUP_0648,14,99.0,1366,1.65,3429.0
Product_1105,5196.849993868954,1104.86,5741791.684226052,B,288.71388854827524,441.8109224380294,SUP_0972,2,86.78,616,1.65,1031.0
Product_1899,20183.17397501083,282.6,5703764.965338062,B,672.7724658336944,1003.5227002739674,SUP_0585,10,70.37,1034,1.65,5237.0
Product_0870,21702.99430205048,262.26,5691827.285655758,B,1669.461100157729,2204.9885265334074,SUP_0517,6,63.29,532,1.65,8912.0
Product_0463,11719.697238905634,485.53,5690264.600405852,B,37.32387655702431,70.02204165345638,SUP_1004,2,99.0,155,1.65,164.0
Product_1302,21728.513708366714,260.54,5661146.961577864,B,639.073932599021,1091.6663270063052,SUP_0644,4,27.49,245,1.65,3603.0
Product_1550,22090.516826137806,255.0,5633081.79066514,B,334.70480039602734,282.0160586592666,SUP_0757,5,44.55,761,1.65,1041.0
Product_0090,15535.960645948231,362.18,5626814.22674953,B,913.8800379969548,889.2962554778494,SUP_0665,5,73.86,186,1.65,3282.0
Product_0399,11596.142710259908,485.14,5625752.674455492,B,168.06003927912911,133.89278173442963,SUP_0978,11,45.37,352,1.65,733.0
Product_0015,16257.13471660189,336.66,5473126.973691192,B,956.3020421530523,1179.0746472045735,SUP_0603,13,67.3,314,1.65,7015.0
Product_1009,30064.27074752267,181.37,5452756.785478187,B,400.85694330030225,705.6591722913219,SUP_0605,10,58.94,100,1.65,3682.0
Product_1293,8148.178746868787,653.4,5324019.993204066,B,99.36803349839984,245.22138644901466,SUP_0912,12,99.0,62,1.65,1402.0
Product_0217,21546.497964841565,246.56,5312504.538211336,B,219.86222413103638,396.93101013957,SUP_0677,13,42.73,240,1.65,2362.0
Product_1589,28633.057701939062,185.25,5304273.939284211,B,1908.870513462604,1952.886503515264,SUP_0598,14,44.54,274,1.65,12057.0
Product_0229,4946.23376129938,1066.58,5275554.005126692,B,183.19384301108815,486.91762352653035,SUP_0942,6,74.98,463,1.65,1968.0
Product_0905,34273.00148527661,152.66,5232116.406742327,B,219.69872746972186,479.2417352740638,SUP_0614,5,35.28,111,1.65,1769.0
Product_1386,15156.028761784588,343.85,5211400.489739631,B,606.2411504713835,939.7410321913426,SUP_0672,9,54.12,458,1.65,4652.0
Product_0558,101384.77951632663,51.21,5191914.559031087,B,2896.7079861807606,3901.5649686953866,SUP_0370,12,88.48,337,1.65,22301.0
Product_1565,7614.241779794795,679.62,5174790.998384139,B,237.94505561858733,382.80392430841135,SUP_0826,4,65.32,233,1.65,1264.0
Product_2111,19592.999199280104,262.53,5143750.079787006,B,197.90908282101114,426.08458560568516,SUP_0748,12,47.14,363,1.65,2436.0
Product_0208,7573.049183218251,677.53,5130968.013105861,B,109.7543359886703,182.6128867105182,SUP_1007,6,47.13,272,1.65,739.0
Product_0215,44777.15562088724,113.48,5081311.6198582845,B,258.82748913807654,678.9509930284413,SUP_0534,4,44.26,672,1.65,2241.0
Product_0554,18000.0,280.03,5040539.999999999,B,3600.0,4037.32584763727,SUP_0646,13,73.07,1326,1.65,24019.0
Product_0410,8109.3161590310565,620.6,5032641.608294674,B,20.8465711029076,53.742189259528395,SUP_1104,13,46.76,230,1.65,320.0
Product_1491,12719.473472874957,394.67,5019994.59553956,B,334.72298612828837,296.9110409997258,SUP_0845,9,50.18,210,1.65,1470.0
Product_0076,6465.219351035565,773.12,4998390.384672616,B,380.30702064915084,320.3911338585553,SUP_0903,9,99.0,166,1.65,1586.0
Product_1993,10380.818583796306,477.99,4961927.474868797,B,288.3560717721196,330.7102108117833,SUP_0901,4,67.68,679,1.65,1092.0
Product_2005,13743.574516712393,354.99,4878831.517687732,B,1145.2978763926994,666.7070566422352,SUP_0779,13,92.73,171,1.65,3967.0
Product_1576,11498.523956742336,422.48,4857896.4012445025,B,1149.8523956742335,2035.979720949769,SUP_0699,4,95.92,765,1.65,6719.0
Product_0219,36651.10960203882,131.55,4821453.468148207,B,377.84649074266827,846.4531179555244,SUP_0700,5,55.81,361,1.65,3123.0
Product_1625,14808.418143347379,324.04,4798519.815170285,B,1480.8418143347378,559.5315444686217,SUP_0719,10,53.55,147,1.65,2920.0
Product_1562,7641.665586374087,625.32,4778486.324471445,B,382.08327931870434,295.14880718905556,SUP_0804,13,65.35,302,1.65,1756.0
Product_1737,15973.751368279414,298.96,4775512.709060813,B,1996.7189210349268,1927.2705669207721,SUP_0660,13,65.7,243,1.65,11466.0
Product_0359,21080.821418282172,225.33,4750141.490181522,B,3513.470236380362,2947.0195791600067,SUP_0659,2,72.68,642,1.65,6877.0
Product_0126,61052.50597678618,77.02,4702264.010332071,B,2261.203925066155,2870.8551526133065,SUP_0453,14,52.34,530,1.65,17724.0
Product_1390,23728.80800156354,195.14,4630439.593425109,B,325.05216440498,421.0943312033507,SUP_0624,7,75.97,357,1.65,1839.0
Product_1032,14862.465748372668,311.44,4628766.332673184,B,256.24940945470115,263.36018653133635,SUP_0812,13,73.01,257,1.65,1567.0
Product_1543,38820.26123029346,118.96,4618058.27595571,B,1141.772389126278,878.3289801554604,SUP_0490,7,82.12,540,1.65,3835.0
Product_1133,49641.78237332947,92.81,4607253.822068708,B,1711.7855990803266,2321.5936160432666,SUP_0512,13,74.9,303,1.65,13812.0
Product_0383,17484.041350386447,263.36,4604597.130037775,B,249.77201929123495,347.6049501454296,SUP_0744,8,59.9,419,1.65,1623.0
Product_0563,10400.0,441.2,4588480.0,B,1300.0,860.2325267042627,SUP_0764,9,41.18,570,1.65,4259.0
Product_0007,22220.55123639458,206.04,4578322.376746739,B,233.9005393304693,234.30900619519298,SUP_0683,6,78.19,599,1.65,947.0
Product_1228,29950.02386511942,152.23,4559292.132987129,B,1497.501193255971,944.5800124498144,SUP_0578,9,58.74,1263,1.65,4676.0
Product_2149,5794.341080945574,783.71,4541083.048547856,B,526.7582800859612,756.5989380049307,SUP_0799,11,56.17,903,1.65,4141.0
Product_1343,21000.0,212.28,4457880.0,B,5250.0,4991.65971062398,SUP_0595,7,62.31,339,1.65,21792.0
Product_1252,9836.920054405029,451.38,4440188.974157342,B,281.05485869728653,432.85812014626805,SUP_0870,13,58.45,886,1.65,2576.0
Product_0916,6400.0,688.85,4408640.0,B,711.1111111111111,690.0080514828151,SUP_0825,11,66.42,450,1.65,3777.0
Product_0922,9000.0,486.63,4379670.0,B,750.0,1381.3695443949161,SUP_0803,7,75.72,440,1.65,6031.0
Product_2025,17283.700472438755,250.96,4337517.47056323,B,308.63750843640634,334.5481165181647,SUP_0692,14,65.04,331,1.65,2066.0
Product_1036,18176.476561888063,238.36,4332544.953291639,B,586.3379536092923,1272.3846538180287,SUP_0710,14,46.94,369,1.65,7856.0
Product_1207,19249.0718026889,224.36,4318721.749651282,B,663.7610966444448,659.6870258102717,SUP_0732,7,76.42,439,1.65,2880.0
Product_2000,10788.978953902548,397.76,4291424.268704277,B,234.54302073701191,254.60699886449012,SUP_0888,7,61.74,229,1.65,1112.0
Product_1251,7115.275597267846,602.23,4285032.422942615,B,273.6644460487633,415.164449841962,SUP_0852,8,67.45,1683,1.65,1938.0
Product_0894,18625.414702301634,229.1,4267082.508297305,B,282.2032530651763,878.1452967881158,SUP_0636,3,76.75,297,1.65,2510.0
Product_0889,13146.058512728427,324.09,4260506.103390155,B,657.3029256364214,782.586357165429,SUP_0723,5,79.21,56,1.65,2888.0
Product_1531,8136.0438365593,522.84,4253849.159506665,B,176.87051818607173,185.27783965774523,SUP_0916,11,84.45,270,1.65,1014.0
Product_0950,24592.90839517216,172.33,4238095.903740019,B,630.587394748004,491.48396741403525,SUP_0676,3,27.25,282,1.65,1405.0
Product_1011,10297.928211243114,411.08,4233272.329077819,B,187.23505838623842,229.79093986643156,SUP_0820,6,99.0,115,1.65,929.0
Product_0991,19559.349165576317,216.21,4228926.883089256,B,501.52177347631584,775.7517167945921,SUP_0670,14,29.53,183,1.65,4790.0
Product_1230,5201.60346844706,805.85,4191712.155048063,B,133.37444790889896,121.39555108965963,SUP_0962,12,57.26,1148,1.65,694.0
Product_1015,34834.986566720494,119.32,4156510.597141089,B,338.20375307495624,1028.9729523810797,SUP_0519,12,55.2,510,1.65,5882.0
Product_1840,25117.24315140778,163.94,4117720.8422417915,B,570.8464352592678,472.646822986607,SUP_0596,5,54.73,193,1.65,1744.0
Product_0646,6584.005699979268,624.63,4112567.48037805,B,168.8206589738274,157.1780245261479,SUP_0970,6,72.88,284,1.65,636.0
Product_1226,46443.65284324603,87.48,4062890.750727163,B,540.0424749214654,818.0015111294255,SUP_0663,6,84.19,312,1.65,3307.0
Product_1530,11613.732159554973,345.88,4016957.679346874,B,124.8788404253223,152.89064787147862,SUP_0833,4,99.0,133,1.65,505.0
Product_0043,9920.483405535784,400.45,3972657.5797468047,B,162.63087550058663,158.53413171703815,SUP_0835,2,54.46,204,1.65,370.0
Product_0994,7311.271835970421,540.7,3953204.681709207,B,221.55369199910368,188.7506124416738,SUP_0884,12,52.03,123,1.65,1079.0
Product_0294,2046.539263108518,1930.59,3951028.2359646736,B,21.098342918644516,35.10290786892449,SUP_1161,2,47.62,135,1.65,82.0
Product_2110,4414.775137966708,890.99,3933520.5001769573,B,98.10611417703795,154.3515042975183,SUP_1089,5,44.62,257,1.65,570.0
Product_0384,13923.12643668521,281.69,3922005.4859498567,B,928.2084291123473,593.1606583072776,SUP_0687,9,64.96,955,1.65,2937.0
Product_0243,4194.50679433354,915.47,3839945.1350085256,B,56.682524247750536,65.3932215557513,SUP_0966,6,35.59,841,1.65,265.0
Product_2148,8690.13210101027,439.58,3820008.268962094,B,299.65972762104377,316.5859967423861,SUP_0827,2,99.0,242,1.65,739.0
Product_1188,5440.503965252565,691.62,3762761.3524479787,B,302.25022029180917,244.3779908235049,SUP_0948,8,63.29,341,1.65,1141.0
Product_1229,21443.9452735293,173.17,3713448.003017069,B,420.4695151672412,559.8210838408972,SUP_0630,10,65.41,208,1.65,2922.0
Product_1538,12900.154960360056,285.44,3682220.2318851743,B,537.506456681669,859.397387089625,SUP_0840,4,72.67,594,1.65,2837.0
Product_1535,31192.120389522956,117.72,3671936.412254642,B,311.92120389522955,476.7184809925441,SUP_0671,7,48.71,912,1.65,2082.0
Product_0275,12809.692600820446,285.81,3661138.242240492,B,191.18944180329024,311.700704004886,SUP_0823,9,83.89,370,1.65,1543.0
Product_1998,11710.834396229813,310.97,3641718.1721955854,B,900.833415094601,279.24569513465747,SUP_0740,12,55.07,388,1.65,1597.0
Product_0419,14139.509135993081,256.97,3633429.6626761425,B,744.1846913680569,1137.2422537931977,SUP_0623,5,86.3,215,1.65,4196.0
Product_1305,23805.498240173925,150.8,3589869.1346182283,B,276.8081190717898,583.9445152708369,SUP_0691,4,60.76,209,1.65,1928.0
Product_1212,5454.678198270136,654.18,3568341.383744357,B,160.43171171382753,140.57995645296438,SUP_0869,10,99.0,325,1.65,734.0
Product_0971,6006.254106775994,593.2,3562909.93613952,B,154.0065155583588,188.32309003346927,SUP_0934,7,44.51,832,1.65,823.0
Product_0999,25774.97829110982,137.44,3542513.0163301337,C,3221.8722863887274,1570.426737597067,SUP_0631,11,67.72,521,1.28,6667.0
Product_1497,3737.5825391572594,946.24,3536650.101852165,C,169.89011541623907,251.35790073495258,SUP_0902,9,54.75,299,1.28,966.0
Product_0605,6361.702370079166,553.43,3520756.9426729125,C,276.5957552208333,323.1955744445233,SUP_0897,4,42.64,236,1.28,828.0
Product_0027,3522.0160641865373,993.15,3497890.2541468595,C,100.62903040532963,137.95009796023265,SUP_1044,4,70.13,836,1.28,354.0
Product_1534,15581.78614179688,224.04,3490943.367208173,C,1038.7857427864587,1039.6544008034825,SUP_0690,14,46.08,107,1.28,4980.0
Product_0841,16460.68401987947,211.67,3484232.9864878873,C,155.2894718856554,534.7370203153157,SUP_0702,10,46.72,83,1.28,2165.0
Product_0224,7705.362963384098,452.16,3484056.9175237543,C,148.18005698815574,211.36817267882844,SUP_0941,9,87.71,210,1.28,812.0
Product_0003,17695.822994461127,195.79,3464665.1840855437,C,280.8860792771607,235.34693704771152,SUP_0686,14,83.02,457,1.28,1128.0
Product_0068,24946.95237333906,138.77,3461888.5808482617,C,422.8297012430349,406.6542292882919,SUP_0705,10,90.14,71,1.28,1647.0
Product_0845,48200.84893882111,71.7,3456000.8689134736,C,541.5825723463046,1381.6253839303115,SUP_0513,8,77.03,612,1.28,5003.0
Product_1189,11606.73431739082,297.51,3453119.5267669423,C,429.87904879225255,310.4281359830185,SUP_0817,8,74.46,612,1.28,1124.0
Product_1549,7168.450572870579,477.52,3423078.5175571586,C,2389.483524290193,1395.091531999619,SUP_0838,9,96.71,349,1.28,5358.0
Product_1200,23758.548182736828,144.02,3421706.1092777583,C,431.97360332248775,447.844153174218,SUP_0738,4,72.36,224,1.28,1147.0
Product_1608,6448.841802844915,529.7,3415951.5029669516,C,2149.613934281638,1618.1196448806795,SUP_0830,7,74.66,843,1.28,5480.0
Product_1039,9357.544490696831,364.3,3408953.4579608557,C,176.55744322069492,214.5935364614921,SUP_0918,9,85.75,272,1.28,825.0
Product_1552,6100.0,556.39,3393979.0,C,1220.0,2154.530111184339,SUP_0707,4,76.67,266,1.28,5516.0
Product_2083,4115.350354429906,821.31,3379978.3995968257,C,132.75323723967438,249.21840039502675,SUP_0961,5,85.72,138,1.28,714.0
Product_1499,16663.071750086816,199.67,3327115.5363398343,C,228.26125685050434,355.2890433577483,SUP_0760,11,79.69,496,1.28,1509.0
Product_0246,6841.393709485425,483.83,3310071.518460333,C,195.46839169958355,441.9172906803976,SUP_0931,13,54.93,271,1.28,2040.0
Product_0029,1621.4667821187857,2039.6,3307143.648809475,C,70.49855574429503,59.012997645592655,SUP_1274,5,77.11,96,1.28,169.0
Product_0808,1934.9689849015278,1705.1,3299315.616155595,C,77.39875939606111,144.97029848173693,SUP_1222,5,63.57,267,1.28,415.0
Product_1609,12064.203322196458,271.79,3278929.8209397756,C,1005.3502768497048,426.5855308227114,SUP_0697,4,99.0,1253,1.28,1093.0
Product_0705,3613.6352643994283,906.34,3275182.185535778,C,38.85629316558525,32.06609169299261,SUP_1172,7,82.28,177,1.28,109.0
Product_0620,7396.274897767697,440.29,3256505.8747381396,C,5.294398638344808,12.747512856319364,SUP_1393,3,78.27,93,1.28,29.0
Product_1827,3612.628076476094,894.25,3230592.657388747,C,516.0897252108706,501.75375612869504,SUP_0802,2,30.88,63,1.28,909.0
Product_0871,10719.99385488568,301.17,3228540.5492759207,C,669.999615930355,1086.6462354279745,SUP_0613,8,64.4,298,1.28,3935.0
Product_1313,14926.852651214343,215.37,3214796.2554920334,C,324.4967967655292,861.7504339961861,SUP_0767,11,72.68,233,1.28,3659.0
Product_1283,9917.030917542774,323.28,3205977.7550232275,C,300.51608841038706,250.58758505209096,SUP_0872,4,82.74,129,1.28,642.0
Product_0045,11414.080719340107,280.0,3195942.60141523,C,760.9387146226738,942.9764076287961,SUP_0730,11,48.73,500,1.28,4004.0
Product_1889,28109.71413851086,112.4,3159531.8691686206,C,137.7927163652493,279.99532955410154,SUP_0790,14,67.38,436,1.28,1341.0
Product_0378,13588.13511343913,230.98,3138587.44850217,C,301.9585580764251,297.5122365779905,SUP_0855,13,73.75,504,1.28,1374.0
Product_1291,8382.93165096759,371.88,3117444.622361827,C,106.11305887300747,245.13761013494045,SUP_0969,3,70.55,165,1.28,544.0
Product_0458,3957.758450504801,783.92,3102566.004519724,C,16.629237186994963,47.554451353350956,SUP_1165,11,84.33,105,1.28,202.0
Product_0406,6932.203516890134,443.64,3075402.768233139,C,247.57869703179048,404.5190018175901,SUP_0832,11,35.14,69,1.28,1718.0
Product_0091,6100.0,501.83,3061163.0,C,277.27272727272725,237.4102701309199,SUP_0899,14,94.74,92,1.28,1138.0
Product_0833,12197.81706222521,250.61,3056894.93396426,C,277.2231150505729,410.07098139660076,SUP_0871,2,97.62,217,1.28,743.0
Product_0863,12870.78585402275,231.62,2981131.419508749,C,858.0523902681833,832.6493566248296,SUP_0703,3,69.57,167,1.28,1847.0
Product_1026,4070.701755146031,728.89,2967093.8023083904,C,193.84294072123956,217.80777720305662,SUP_0973,6,63.52,248,1.28,683.0
Product_1730,13531.873263306878,219.24,2966727.8942474,C,466.6163194243751,378.41218483937456,SUP_0722,10,64.22,390,1.28,1532.0
Product_0613,4881.853816072471,607.31,2964798.641038972,C,4.9311654707802735,9.075105389010965,SUP_1363,14,16.78,557,1.28,44.0
Product_1579,11851.147542498155,248.76,2948091.462671841,C,846.5105387498681,316.68616372626036,SUP_0778,9,54.9,330,1.28,1217.0
Product_1879,39160.032411137945,74.68,2924471.220463782,C,218.77113078848015,241.50013553048746,SUP_0749,6,80.49,294,1.28,758.0
Product_1473,30489.261328889508,95.65,2916297.8461082815,C,554.3502059798093,405.3904015877265,SUP_0712,4,81.01,306,1.28,1038.0
Product_0724,4775.289684004245,609.63,2911159.850059508,C,85.27303007150438,101.50244553440665,SUP_1025,11,58.17,788,1.28,431.0
Product_0689,3905.699534854878,745.36,2911152.205299432,C,118.35453135923873,116.5287290984141,SUP_0896,14,40.44,261,1.28,559.0
Product_0130,6880.951305018437,421.57,2900802.6416566223,C,49.86196597839447,89.39434062607285,SUP_1032,14,36.62,445,1.28,429.0
Product_0249,7732.2749775621905,371.95,2876019.6779042566,C,47.7300924540876,119.2192390217679,SUP_1059,5,69.66,147,1.28,342.0
Product_0187,10079.92597519725,284.83,2871065.3155154325,C,197.64560735680882,343.8982487700539,SUP_0824,3,51.87,402,1.28,763.0
Product_0204,30098.86516106027,95.21,2865712.951984548,C,229.7623294737425,445.87652060901104,SUP_0674,10,27.52,1317,1.28,1805.0
Product_1045,10335.787937292165,277.03,2863323.332268048,C,111.1375047020663,112.33167750248553,SUP_1030,11,66.79,293,1.28,477.0
Product_0548,1329.6945229216415,2140.04,2845599.4668332296,C,19.2709351148064,31.65588355014612,SUP_1279,5,85.34,117,1.28,91.0
Product_1606,13005.579331330195,218.68,2844060.088175287,C,867.0386220886796,352.0197040646749,SUP_0709,7,57.94,304,1.28,1193.0
Product_0880,1810.0,1567.32,2836849.1999999997,C,120.66666666666667,171.89974930035183,SUP_0887,13,64.87,409,1.28,794.0
Product_1649,13782.247145902647,205.15,2827428.001981928,C,810.7204203472146,524.6489197371958,SUP_0765,13,56.7,211,1.28,2422.0
Product_0723,4811.597362685145,574.81,2765754.280045048,C,35.641461945815884,30.06597269758504,SUP_1073,2,97.79,93,1.28,55.0
Product_1622,40566.29965243657,68.02,2759319.7023587357,C,460.9806778685974,1441.9749678476217,SUP_0651,8,47.89,395,1.28,5221.0
Product_0227,3188.363570264653,861.92,2748114.3284825096,C,79.70908925661632,180.86515519744913,SUP_0895,10,47.69,333,1.28,733.0
Product_0417,30824.496532344896,88.91,2740605.986690785,C,581.5942741951867,1267.4868622838987,SUP_0574,11,48.58,577,1.28,5381.0
Product_0426,8338.89577265797,328.45,2738910.31652951,C,521.1809857911231,480.5403610567936,SUP_0929,4,91.52,516,1.28,1231.0
Product_1506,6618.196343646959,409.46,2709886.6748696836,C,472.72831026049704,285.65451458122163,SUP_0842,5,88.34,324,1.28,818.0
Product_0914,7581.76447826161,356.63,2703884.665882438,C,583.21265217397,1059.3870181888474,SUP_0789,10,56.2,144,1.28,4289.0
Product_1260,5587.1006306335585,480.87,2686669.080252759,C,169.30607971616843,195.52000743925655,SUP_0986,5,68.03,416,1.28,560.0
Product_0028,7880.255503714869,338.27,2665654.0292416285,C,207.3751448346018,239.36087468178675,SUP_1017,4,76.79,87,1.28,613.0
Product_2076,7687.3629744756145,346.45,2663286.9025070765,C,77.65013105530923,136.68792924913748,SUP_1034,3,70.63,279,1.28,304.0
Product_1365,10213.65733408476,260.53,2660964.1452491023,C,192.7105157374483,312.9237849687652,SUP_0839,9,91.19,260,1.28,1202.0
Product_1196,27237.6517736737,97.63,2659211.942663763,C,267.03580170268333,319.8610668004877,SUP_0773,5,64.77,143,1.28,916.0
Product_0051,21525.065999274993,123.54,2659206.653550433,C,384.376178558482,719.9124228069919,SUP_0685,3,74.53,820,1.28,1597.0
Product_0190,5701.900020001481,463.46,2642602.583269886,C,101.81964321431215,148.79156699820152,SUP_0984,11,35.0,458,1.28,632.0
Product_1379,11500.0,229.75,2642125.0,C,766.6666666666666,923.2447954800245,SUP_0628,6,90.25,338,1.28,2895.0
Product_0453,9162.162359946853,287.78,2636687.0839455053,C,36.50263888425041,84.67152809131493,SUP_1014,6,48.35,262,1.28,266.0
Product_1537,8238.56090172487,319.66,2633538.377845372,C,484.62122951322766,413.1005651557768,SUP_0775,8,76.88,423,1.28,1496.0
Product_0409,7333.970858509173,358.48,2629081.8733583684,C,16.26157618294717,30.530085781931042,SUP_1108,10,53.33,147,1.28,124.0
Product_0650,7274.620964653152,359.85,2617772.354130437,C,134.71520304913244,134.17712688886883,SUP_0927,14,74.36,718,1.28,643.0
Product_2022,11172.120065542065,233.85,2612600.277327012,C,798.0085761101475,916.6478857117186,SUP_0652,4,75.83,532,1.28,2347.0
Product_1602,5220.265206918488,499.32,2606582.8231185395,C,580.0294674353876,780.4460453555969,SUP_0879,9,87.24,144,1.28,2997.0
Product_0429,3931.317951847087,659.85,2594080.1505263005,C,206.91147114984668,52.34313654585689,SUP_0982,7,99.0,350,1.28,178.0
Product_1675,2994.247563374178,861.63,2579933.528030093,C,12.27150640727122,25.49897883187721,SUP_1239,11,50.67,445,1.28,109.0
Product_0087,25279.758069145864,101.45,2564631.456114848,C,328.3085463525437,421.73331296419684,SUP_0617,10,67.55,150,1.28,1708.0
Product_1238,13097.465931840312,195.43,2559637.767059552,C,595.339360538196,708.144959886785,SUP_0647,2,87.56,283,1.28,1282.0
Product_0382,3300.0,774.98,2557434.0,C,220.0,278.25989906663057,SUP_1020,12,94.34,82,1.28,1234.0
Product_1441,10365.04879688591,245.7,2546692.4893948683,C,334.35641280277133,467.6804367027363,SUP_0590,2,78.76,1361,1.28,847.0
Product_1425,12262.790069036919,206.18,2528342.056434032,C,215.1366678778407,251.0107566294004,SUP_0713,6,81.65,256,1.28,788.0
Product_0207,7265.320036783283,345.85,2512710.9347214988,C,302.72166819930345,507.6958791539452,SUP_0814,6,47.56,1281,1.28,1592.0
Product_1197,4272.602951236131,586.37,2505326.19251633,C,251.32958536683122,310.033962477032,SUP_1001,14,74.83,184,1.28,1485.0
Product_1426,6620.091913358622,378.33,2504579.3735809675,C,194.70858568701829,222.41279232030277,SUP_0866,9,19.41,121,1.28,855.0
Product_1536,18452.385379970525,134.59,2483506.548290233,C,527.2110108563007,1505.1628338279227,SUP_0667,10,32.09,136,1.28,6093.0
Product_0983,6033.391698585257,409.7,2471880.5789103797,C,208.04798960638817,173.44770638064156,SUP_0950,13,72.16,708,1.28,801.0
Product_0144,7198.696393782619,343.36,2471744.3937692004,C,553.7458764448169,707.824656258703,SUP_0785,5,67.52,109,1.28,2026.0
Product_0834,2892.3231016741834,847.78,2452053.679137339,C,180.77019385463646,85.740284300037,SUP_1036,13,88.69,90,1.28,396.0
Product_1193,27378.558973706327,89.36,2446548.0298903976,C,408.63520856278103,655.1161372927785,SUP_0529,6,68.03,285,1.28,2055.0
Product_0475,11452.608863406276,213.56,2445819.148869044,C,763.5072575604185,616.8050343277106,SUP_0819,9,66.44,127,1.28,2369.0
Product_0221,4730.3807295375245,516.05,2441112.9754778394,C,57.68756987240884,100.44777673479544,SUP_1085,11,38.91,569,1.28,427.0
Product_0391,20000.0,122.01,2440200.0,C,4000.0,2915.4759474226503,SUP_0669,10,83.51,180,1.28,11802.0
Product_1255,10413.536580110915,234.03,2437079.965843357,C,267.0137584643824,381.99362514052837,SUP_0742,6,72.3,142,1.28,1198.0
Product_0273,7745.3105346332695,313.03,2424514.556656252,C,81.52958457508704,128.81075977243006,SUP_1068,6,58.0,152,1.28,404.0
Product_0477,5463.449838578015,443.27,2421783.4099464766,C,607.049982064224,505.01329076189495,SUP_0815,11,45.05,542,1.28,2144.0
Product_1389,31347.17096228598,76.77,2406522.314774695,C,505.5995316497739,388.76990043359183,SUP_0586,7,84.18,140,1.28,1317.0
Product_2150,10962.603930202522,219.17,2402673.9033824867,C,391.52156893580434,589.3162786622289,SUP_0717,3,82.47,664,1.28,1307.0
Product_1984,15586.371416634896,153.75,2396404.6053076154,C,331.6249237581893,464.5189407658543,SUP_0725,5,83.89,209,1.28,1330.0
Product_0546,2078.5465272131682,1143.04,2375861.8224657397,C,24.169145665269397,42.417909812522375,SUP_1320,4,68.85,112,1.28,109.0
Product_1607,11008.162273485037,214.78,2364333.0930991163,C,1100.8162273485036,737.7463811229885,SUP_0739,14,94.92,402,1.28,3534.0
Product_1604,4669.592117164743,506.32,2364307.8807628527,C,518.8435685738604,503.0294651017126,SUP_0782,11,74.04,2045,1.28,2136.0
Product_1586,7320.049525930604,321.37,2352444.3161483184,C,305.00206358044187,224.68193338089196,SUP_0792,7,88.18,153,1.28,761.0
Product_0892,8963.378570764111,261.91,2347598.4814688284,C,426.8275509887672,386.13588774202015,SUP_0890,5,82.02,245,1.28,1106.0
Product_0830,11427.899822636433,204.98,2342490.905644016,C,394.0655111253942,464.5254701584637,SUP_0763,3,94.7,346,1.28,1030.0
Product_1187,2988.8628525456165,778.98,2328264.3848759844,C,106.74510187662916,121.98934525758746,SUP_0990,5,54.66,119,1.28,350.0
Product_0836,5605.1169932182565,411.29,2305328.568140737,C,350.31981207614103,417.81091809397026,SUP_0856,12,34.34,292,1.28,1853.0
Product_0920,7150.0,320.93,2294649.5,C,510.7142857142857,655.7962193537572,SUP_0805,9,48.77,412,1.28,2519.0
Product_2081,7589.250046172408,299.61,2273815.206333715,C,164.9836966559219,314.49025707745295,SUP_0925,3,69.9,80,1.28,698.0
Product_1258,14307.414141770098,157.35,2251271.615207525,C,213.54349465328505,294.41017160316983,SUP_0818,7,99.0,228,1.28,998.0
Product_0252,9844.0,226.02,2224940.88,C,259.05263157894734,574.8873895543051,SUP_0843,8,86.27,139,1.28,2082.0
Product_0253,4660.304523046903,476.3,2219703.04432724,C,119.49498777043343,245.10606851929046,SUP_0981,6,23.77,263,1.28,769.0
Product_0992,10700.0,207.01,2215007.0,C,1528.5714285714287,1891.61684431977,SUP_0715,7,56.0,348,1.28,6407.0
Product_1672,5697.222618040048,387.14,2205622.764348024,C,15.781780105374093,45.6172778108233,SUP_1158,8,43.69,349,1.28,166.0
Product_0333,3768.2821792866284,582.21,2193931.567602468,C,20.70484713893752,54.1478967656782,SUP_1232,6,67.03,157,1.28,170.0
Product_0654,13660.832344651155,159.99,2185596.5668207384,C,52.541662864042905,172.77175056068975,SUP_0915,10,87.92,292,1.28,700.0
Product_1029,3780.9412751357613,574.55,2172339.8096292517,C,198.99690921767166,372.1465512660135,SUP_0857,9,51.19,105,1.28,1430.0
Product_0560,2000.0,1082.65,2165300.0,C,1000.0,1414.213562373095,SUP_0959,9,81.12,153,1.28,5431.0
Product_1406,4891.0861182266,442.22,2162936.103202167,C,698.7265883180856,750.1669318155936,SUP_0780,13,64.24,135,1.28,3463.0
Product_1434,10296.780095148024,209.07,2152747.8144925972,C,468.0354588703647,445.38410204916124,SUP_0751,4,61.35,295,1.28,1141.0
Product_0901,11067.547099326684,193.52,2141791.7146617,C,72.33690914592604,64.06125828751537,SUP_1009,11,51.43,28,1.28,272.0
Product_0344,6486.528180460066,328.36,2129916.3933358677,C,88.85655041726119,171.33803045905765,SUP_0964,3,88.74,275,1.28,380.0
Product_0739,4495.5372221239,471.44,2119376.0679980917,C,34.581055554799235,35.39113361738272,SUP_1164,6,33.82,207,1.28,111.0
Product_1201,7606.922695401798,278.13,2115713.409272102,C,237.71633423130618,264.4769343950379,SUP_0944,4,53.67,310,1.28,678.0
Product_1669,5010.338499647314,418.52,2096926.8688723939,C,19.270532690951207,24.504066530310524,SUP_1305,10,71.42,108,1.28,100.0
Product_1186,4064.2254761991426,509.84,2072104.7167853708,C,88.35272774345962,154.2874059530807,SUP_0963,4,63.57,130,1.28,395.0
Product_0588,1760.601642573107,1175.05,2068794.9601055293,C,83.83817345586223,80.76285004412829,SUP_1134,5,68.82,156,1.28,232.0
Product_0304,10091.29215110723,204.33,2061953.7252357407,C,77.03276451226894,225.587122086575,SUP_0958,3,72.88,38,1.28,501.0
Product_1676,2300.7157709702637,895.45,2060175.9371153228,C,18.11587221236428,59.75287846611148,SUP_1373,8,92.54,461,1.28,217.0
Product_1598,11490.27194985877,178.66,2052851.9865617678,C,1149.027194985877,306.1271941140148,SUP_0759,9,55.62,351,1.28,1176.0
Product_0700,2297.6931168616807,887.84,2039983.8568744746,C,35.90145495096376,29.942123651374757,SUP_1182,13,69.58,136,1.28,139.0
Product_1231,9332.944656809077,218.24,2036821.8419020132,C,333.3194520288956,150.27064398483265,SUP_0776,14,75.99,122,1.28,720.0
Product_1822,1703.3979945684764,1195.04,2035628.739429112,C,6.840955801479825,9.033750879005618,SUP_1399,9,62.47,256,1.28,35.0
Product_0838,25532.696170166182,79.72,2035466.538685648,C,797.8967553176932,773.6806544575262,SUP_0638,10,91.63,232,1.28,3132.0
Product_2168,4204.774768795521,483.25,2031957.4070204354,C,42.472472412075966,98.43056678515579,SUP_1154,9,58.84,376,1.28,378.0
Product_0181,7719.5377889398715,263.22,2031936.736804753,C,167.8160388899972,255.15192011104654,SUP_0863,11,68.61,120,1.28,1084.0
Product_1887,14747.334232505673,137.77,2031740.2372123066,C,107.64477541974944,115.74585933463815,SUP_0946,4,8.39,180,1.28,297.0
Product_0311,3651.4491606228094,555.92,2029913.617373432,C,26.26941842174683,54.84449179436841,SUP_1225,9,46.99,334,1.28,211.0
Product_0676,2466.734201013334,817.38,2016259.201224279,C,145.10201182431376,169.97312938658544,SUP_1135,9,37.73,151,1.28,653.0
Product_1004,11871.796745018928,164.43,1952079.5387834625,C,456.6075671161126,441.1697811031467,SUP_0770,8,55.62,251,1.28,1598.0
Product_0120,12957.072123848135,150.63,1951723.7740152446,C,152.43614263350747,324.32945354461935,SUP_0851,7,83.46,65,1.28,1099.0
Product_0636,3647.788826281072,533.3,1945365.7810556956,C,110.53905534185067,146.54920381190468,SUP_0960,10,46.22,361,1.28,594.0
Product_0131,3142.868544784242,618.48,1943801.3375781581,C,38.800846231904224,53.250662769646425,SUP_1190,9,49.3,352,1.28,205.0
Product_2132,15691.272685885657,123.63,1939912.0421560437,C,99.94441201201056,261.92747667467546,SUP_0836,8,47.11,68,1.28,949.0
Product_2016,13411.688243656872,143.56,1925381.9642593807,C,1219.2443857869885,745.4032849259041,SUP_0718,10,51.17,512,1.28,3018.0
Product_0297,8171.238166468247,235.34,1923019.1900966372,C,106.11997618789931,395.27174156019504,SUP_0859,9,63.77,204,1.28,1518.0
Product_0185,12013.232782890349,158.65,1905899.381005554,C,222.4672737572287,290.4390221775564,SUP_0862,4,46.53,122,1.28,744.0
Product_0890,3370.0,559.39,1885144.3,C,153.1818181818182,199.22197152772569,SUP_1015,9,44.93,272,1.28,766.0
Product_1448,10532.362176229353,178.75,1882659.7390009968,C,376.1557920081912,475.489935843409,SUP_0734,5,99.0,881,1.28,1361.0
Product_0993,8220.646666038157,227.57,1870772.5617903036,C,117.43780951483082,194.51109039201472,SUP_0985,7,79.09,707,1.28,659.0
Product_0154,1113.9779855875188,1662.04,1851475.9711658796,C,185.6629975979198,113.02269388621801,SUP_1077,2,58.63,360,1.28,205.0
Product_0486,5345.679602573105,345.59,1847413.413853239,C,64.40577834425427,182.10476798343245,SUP_1049,8,52.95,605,1.28,660.0
Product_1569,6608.449828903028,276.23,1825452.0962378834,C,254.17114726550108,186.561913790581,SUP_0891,7,93.79,202,1.28,632.0
Product_1888,17102.38300036728,106.34,1818667.4082590567,C,551.6897742053961,1232.8695050518443,SUP_0728,3,51.55,225,1.28,2734.0
Product_0648,7711.736902786068,235.5,1816114.040606119,C,385.58684513930336,188.92269009002342,SUP_0945,11,68.84,253,1.28,803.0
Product_0276,4413.232311997703,410.18,1810219.6297352177,C,78.80771985710183,131.60819809016195,SUP_0900,5,62.62,203,1.28,377.0
Product_0792,2382.024460467886,750.02,1786565.9858401238,C,18.3232650805222,26.408452808776424,SUP_1236,14,78.1,380,1.28,127.0
Product_0414,11820.390212857577,149.66,1769039.599256265,C,537.290464220799,726.8872047278198,SUP_0733,2,51.85,274,1.28,1316.0
Product_0649,8676.689209024857,203.63,1766834.2236337315,C,667.4376314634505,642.212640382129,SUP_0774,4,59.37,464,1.28,1645.0
Product_0767,4415.15965299868,399.82,1765269.1324619323,C,32.2274427226181,24.88983511443475,SUP_1043,14,71.76,30,1.28,120.0
Product_0248,9061.301849506575,194.71,1764326.0831174254,C,58.08526826606779,146.35483083137444,SUP_0979,8,32.07,554,1.28,530.0
Product_1462,5381.463367258481,326.95,1759469.4479251604,C,358.7642244838988,409.5432504970859,SUP_0937,14,43.17,87,1.28,1962.0
Product_1330,1191.4818296048034,1464.94,1745449.3914612606,C,79.43212197365355,31.272563794089134,SUP_1255,7,57.93,118,1.28,106.0
Product_0872,1800.0,966.55,1739790.0,C,100.0,179.1483118733158,SUP_1102,2,55.14,398,1.28,325.0
Product_0729,1735.0713697071244,998.79,1732971.9333497786,C,34.701427394142485,24.856172550287397,SUP_1290,6,5.18,466,1.28,78.0
Product_0231,4352.598072117347,394.23,1715924.737970822,C,98.92268345721244,246.18512028539442,SUP_1138,10,55.04,333,1.28,997.0
Product_0885,9450.0,181.48,1714986.0,C,590.625,1105.021681536913,SUP_0604,4,68.44,136,1.28,2829.0
Product_0886,3162.7960223683863,538.62,1703545.1935680602,C,166.46294854570453,305.0513794034357,SUP_0761,10,56.88,141,1.28,1235.0
Product_0439,6069.917288492212,279.89,1698909.149876085,C,104.65374635331399,156.69923716418103,SUP_0999,3,70.16,410,1.28,348.0
Product_1292,2406.8922062760935,703.17,1692454.3926871605,C,85.96043593843191,76.17269862572682,SUP_1057,5,48.25,815,1.28,219.0
Product_0958,19558.342132037797,85.68,1675758.7538729985,C,1629.861844336483,2731.1627203194726,SUP_0600,11,96.57,1035,1.28,11595.0
Product_0604,3328.8791449568334,503.26,1675291.718490976,C,123.29182018358642,117.59204705505975,SUP_0994,7,81.84,242,1.28,399.0
Product_2090,3919.4512072628872,423.78,1660985.0326138663,C,122.48285022696523,211.03193931888774,SUP_0930,11,59.01,132,1.28,896.0
Product_0559,8782.279175710059,188.76,1657743.0172070307,C,627.3056554078613,624.0799026059157,SUP_0783,6,88.14,71,1.28,1957.0
Product_0400,4066.569620585261,407.09,1655459.8268440538,C,156.4065238686639,98.32749769545967,SUP_1021,6,80.88,333,1.28,309.0
Product_1724,9999.929177331673,165.51,1655088.2781401651,C,71.94193652756599,160.8736561197924,SUP_1055,13,68.01,446,1.28,743.0
Product_1809,4407.759840655453,373.77,1647488.3956417888,C,86.4266635422638,40.16494268016431,SUP_1126,2,68.7,366,1.28,73.0
Product_0583,9258.037852784391,176.58,1634784.3240446679,C,144.65684144975612,161.21194231760748,SUP_0894,8,26.7,236,1.28,584.0
Product_0005,2587.7323536661775,629.76,1629650.3270448118,C,215.6443628055148,258.8715438455716,SUP_0992,11,55.12,649,1.28,1099.0
Product_0050,8747.956261336261,185.45,1622308.4886648096,C,203.4408432868898,244.7252467416531,SUP_0940,7,76.96,496,1.28,829.0
Product_0040,2317.9334371629616,695.94,1613142.5962591916,C,85.84938656159117,66.43514511613152,SUP_1048,6,99.0,618,1.28,209.0
Product_0683,1646.8629755129164,977.61,1609989.713491182,C,65.87451902051666,69.96245299198635,SUP_1243,4,97.79,286,1.28,180.0
Product_0603,6507.223763567167,245.17,1595376.0501137623,C,144.60497252371482,127.75064196875556,SUP_0892,8,63.74,685,1.28,463.0
Product_0695,2303.4493912597914,685.55,1579129.7301781499,C,65.81283975027975,105.65401451819575,SUP_1322,3,57.68,226,1.28,235.0
Product_0795,2288.5410342329556,688.14,1574836.627297066,C,18.455976082523836,26.35681490190821,SUP_1304,2,62.66,171,1.28,48.0
Product_1638,6518.23070157085,241.31,1572914.2505960618,C,114.35492458896229,143.923037986903,SUP_1000,8,89.66,86,1.28,522.0
Product_0635,12897.167897916692,121.04,1561073.2023638363,C,992.089838301284,1629.2276576327733,SUP_0746,12,83.23,670,1.28,7225.0
Product_0469,11357.58047039306,135.63,1540428.6391994108,C,252.3906771198458,423.4333766937614,SUP_0753,2,99.0,183,1.28,767.0
Product_1140,4120.345751956877,373.58,1539278.7660160502,C,100.49623785260677,212.69740216005067,SUP_0993,12,15.93,132,1.28,944.0
Product_0543,2298.0,669.4,1538281.2,C,82.07142857142857,51.92439558765087,SUP_1196,2,48.77,739,1.28,94.0
Product_1791,13648.899212825167,111.09,1516256.2135527479,C,853.0562008015729,497.1966828758152,SUP_0688,8,32.18,577,1.28,1801.0
Product_1890,7325.430414973896,205.52,1505522.4588854352,C,221.98273984769384,289.3796492860486,SUP_1035,3,68.0,88,1.28,642.0
Product_0907,2868.152244785276,522.14,1497577.013092184,C,68.28933916155418,60.98897754071589,SUP_1095,5,45.29,154,1.28,175.0
Product_0436,1359.6107571429343,1100.3,1495979.7160843706,C,226.60179285715571,208.51156257592856,SUP_1052,6,99.0,307,1.28,654.0
Product_2071,2642.805845281437,564.04,1490648.2089725416,C,61.46060105305668,137.99107611985343,SUP_1166,10,81.68,561,1.28,559.0
Product_1790,20425.586958065833,72.68,1484531.6601122248,C,1201.5051151803432,724.1152268544781,SUP_0622,5,63.5,866,1.28,2073.0
Product_0939,3529.6327265883074,420.48,1484139.9688758515,C,130.72713802178916,127.86318951255923,SUP_0911,12,72.94,523,1.28,567.0
Product_0909,6925.279388802763,213.99,1481940.5364099033,C,494.6628134859116,520.7379653987571,SUP_0853,13,99.0,314,1.28,2404.0
Product_0964,13198.131445800092,111.85,1476211.0022127402,C,216.36281058688675,630.9970295368975,SUP_0666,13,43.84,317,1.28,2913.0
Product_1413,10681.4141717072,138.11,1475210.1112544816,C,288.6868695056,319.5266134492424,SUP_0808,14,45.85,2321,1.28,1531.0
Product_0212,11460.691587812647,128.65,1474417.9727720972,C,337.07916434743083,410.69694994256844,SUP_0796,11,48.88,646,1.28,1744.0
Product_1180,1850.132076337306,793.83,1468690.3461588437,C,34.90815238372276,29.36304000301722,SUP_1273,11,21.69,271,1.28,125.0
Product_1471,10508.877695813318,137.64,1446441.926051745,C,309.0846381121564,341.44402670953764,SUP_0800,11,68.2,499,1.28,1450.0
Product_1718,3632.5918628479744,387.62,1408065.257877132,C,37.067263906611984,77.97273422926202,SUP_1153,3,46.8,460,1.28,173.0
Product_0593,3862.013614040137,359.67,1389050.4365618161,C,148.53898515538987,277.7521949993926,SUP_0935,5,51.61,197,1.28,795.0
Product_2026,3206.624473059987,430.61,1380804.564344361,C,188.62496900352863,149.5537257747456,SUP_0965,11,42.15,254,1.28,635.0
Product_0957,13590.496775987749,101.06,1373455.604181322,C,191.41544754912323,189.0847869349488,SUP_0813,2,73.64,71,1.28,343.0
Product_0386,3165.036118104412,433.73,1372771.1155054267,C,158.25180590522058,118.40257794884215,SUP_0949,5,90.75,611,1.28,339.0
Product_1680,1305.689075548137,1048.46,1368962.7681491997,C,6.528445377740685,13.712994993235444,SUP_1490,13,70.45,657,1.28,64.0
Product_0743,4251.361298457491,318.22,1352868.192395143,C,62.520019094963104,110.49277782811129,SUP_1132,14,39.01,228,1.28,530.0
Product_1339,1186.3835078573295,1130.92,1341704.836706011,C,91.26026983517919,18.41383605699519,SUP_1260,2,69.47,418,1.28,34.0
Product_0238,2458.9303526411154,540.38,1328756.783960206,C,94.57424433235059,109.63456971999285,SUP_1092,7,46.82,86,1.28,372.0
Product_0186,1611.2627733675713,824.27,1328115.566203688,C,57.545099048841834,101.90887065821622,SUP_1080,11,48.32,372,1.28,433.0
Product_0041,1213.0887203075918,1093.51,1326524.6465435547,C,110.28079275523561,70.00619465651108,SUP_1200,2,83.23,158,1.28,127.0
Product_0590,4070.345617913174,325.57,1325182.422823992,C,162.81382471652697,91.443685048629,SUP_1022,9,46.51,380,1.28,352.0
Product_2018,1646.4279971255996,803.1,1322246.324491569,C,117.60199979468568,116.59958872807945,SUP_1121,4,59.12,331,1.28,299.0
Product_0904,6505.497285881979,202.07,1314565.8365581715,C,85.59864849844709,157.44027572377,SUP_0955,5,79.92,266,1.28,451.0
Product_1185,6911.85470132325,190.08,1313805.3416275235,C,329.13593815825,307.9010257892038,SUP_0793,10,53.79,172,1.28,1247.0
Product_1320,764.2600668026462,1717.79,1312838.3001529176,C,54.590004771617586,45.91664311300116,SUP_1298,7,99.0,39,1.28,156.0
Product_2009,3000.0,435.02,1305060.0,C,1000.0,1000.0,SUP_0867,8,75.46,52,1.28,3621.0
Product_1896,2217.53786509855,586.94,1301561.674540943,C,36.353079755713935,47.33194426031178,SUP_1321,5,69.74,169,1.28,136.0
Product_0223,4434.697076928437,292.11,1295419.3631415658,C,108.16334333971798,158.82982854855237,SUP_1033,2,62.47,58,1.28,288.0
Product_0431,11074.68068750465,115.28,1276689.189655536,C,461.4450286460271,661.3982357812765,SUP_0848,12,63.48,629,1.28,2933.0
Product_0891,9685.581989919296,130.99,1268714.3848595286,C,333.98558585928606,432.85791206609247,SUP_0787,9,62.17,271,1.28,1663.0
Product_1411,4969.894445750733,254.84,1266527.9005551168,C,165.6631481916911,181.8375389010543,SUP_0952,12,51.94,1414,1.28,807.0
Product_0046,4117.952861104032,306.06,1260340.6526695,C,205.89764305520163,162.41557730987907,SUP_0910,12,53.44,301,1.28,721.0
Product_1784,37024.858367697394,33.8,1251440.212828172,C,2056.9365759831885,948.4424860732073,SUP_0528,3,60.68,355,1.28,2103.0
Product_2075,2281.376795688889,546.27,1246247.7021809695,C,67.09931752026145,157.45194847985925,SUP_1152,5,52.85,420,1.28,451.0
Product_0254,3078.949338680752,401.62,1236567.6334009636,C,106.17066685106042,135.35324538080158,SUP_1046,9,49.07,456,1.28,520.0
Product_0009,8481.677787049266,145.19,1231454.797901683,C,223.20204702761225,243.99162428806426,SUP_0953,12,62.75,151,1.28,1082.0
Product_1978,5228.004962289994,231.96,1212688.031052787,C,145.22236006361095,320.50037654497737,SUP_1038,12,71.66,120,1.28,1422.0
Product_0141,4495.489280663113,268.22,1205780.1348594604,C,34.58068677433164,54.49753463089124,SUP_1119,5,60.99,39,1.28,156.0
Product_1405,1000.0,1199.44,1199440.0,C,1000.0,,SUP_1050,10,99.0,81,1.28,0.0
Product_2012,7178.966860248129,167.03,1199102.834667245,C,135.45220491034206,121.26250016233523,SUP_0876,5,77.57,102,1.28,348.0
Product_0969,2700.397721709649,442.02,1193629.800950099,C,117.40859659607169,105.658443977806,SUP_1078,7,45.86,748,1.28,358.0
Product_0599,5205.115143766039,228.16,1187599.0712016595,C,126.95402789673267,260.14880177487703,SUP_0988,9,83.85,102,1.28,999.0
Product_0177,1445.5012646922326,820.01,1185325.4920602776,C,120.45843872435272,119.09225409636177,SUP_1218,6,60.9,222,1.28,374.0
Product_1202,6665.013701188434,177.8,1185039.4360713037,C,155.00031863228918,185.10598213176652,SUP_0905,12,75.17,144,1.28,821.0
Product_0780,1796.9697761008435,654.68,1176440.1730177002,C,17.6173507460867,39.01191757773775,SUP_1457,2,85.34,496,1.28,71.0
Product_0158,2973.544855732824,394.07,1171784.821298634,C,57.18355491793893,133.84445640918247,SUP_1062,12,68.04,430,1.28,594.0
Product_0547,2120.180599517011,546.51,1158699.8994420418,C,23.55756221685568,46.28735577459194,SUP_1163,14,45.44,255,1.28,222.0
Product_1109,11028.635195231993,103.63,1142897.4652818914,C,1002.6031995665448,632.5144608052972,SUP_0756,2,57.62,306,1.28,1145.0
Product_1108,2574.6212937401115,443.1,1140814.6952562435,C,858.2070979133705,557.0598542764013,SUP_0919,13,60.95,674,1.28,2571.0
Product_0608,5138.392367145858,220.06,1130754.6243141175,C,6.805817704828951,22.192757136117454,SUP_1351,8,25.92,264,1.28,81.0
Product_1796,3828.4159969978023,294.58,1127774.7843956125,C,141.79318507399267,83.16352610039196,SUP_0947,4,78.48,79,1.28,213.0
Product_0335,3141.841641603174,357.42,1122957.0395418066,C,22.441726011451244,47.75419197112468,SUP_1199,11,58.72,341,1.28,203.0
Product_0908,2568.771430411956,436.83,1122116.4239468547,C,62.652961717364775,67.75939181913685,SUP_1125,8,67.07,257,1.28,246.0
Product_1136,669.8949756144327,1656.0,1109346.0796175005,C,83.73687195180409,56.74554459786685,SUP_1390,5,48.13,453,1.28,163.0
Product_0923,5388.007341840685,205.52,1107343.2688950975,C,538.8007341840685,448.440001855968,SUP_0932,8,68.0,1670,1.28,1624.0
Product_0924,3350.0,329.97,1105399.5,C,279.1666666666667,341.42637522161306,SUP_0886,2,90.98,102,1.28,619.0
Product_0652,2120.652135597474,519.1,1100830.523588649,C,47.12560301327721,45.766130882295805,SUP_1133,9,99.0,98,1.28,176.0
Product_1052,2898.047518807062,378.28,1096273.4154143352,C,54.68014186428419,169.36284713168698,SUP_1106,5,78.71,233,1.28,485.0
Product_0468,1643.5374323274964,666.77,1095861.4537530048,C,78.2636872536903,63.4015132680546,SUP_1201,12,82.54,285,1.28,282.0
Product_1137,2266.8668232441723,483.29,1095554.067005676,C,68.69293403770219,75.00071643186983,SUP_1097,4,69.15,61,1.28,193.0
Product_2172,5755.424852182127,189.91,1093012.7336779078,C,274.0678501039108,296.4679526896699,SUP_0858,6,92.23,70,1.28,930.0
Product_0899,3635.5947351548416,299.92,1090387.5729676401,C,165.2543061434019,211.8095437619118,SUP_0834,5,77.21,117,1.28,607.0
Product_0236,1177.0656472825203,922.99,1086419.8217852935,C,26.751491983693644,52.90311856017589,SUP_1336,13,57.59,131,1.28,245.0
Product_1891,5066.335734714061,213.5,1081662.679361452,C,27.83700953139594,42.821862777129255,SUP_1149,11,74.24,255,1.28,182.0
Product_0377,2074.5183932859295,519.63,1077981.9927031675,C,115.2510218492183,108.08350116688146,SUP_1066,8,84.64,278,1.28,392.0
Product_0596,1153.0752753021,929.73,1072048.6757066215,C,36.03360235319062,36.05016412737531,SUP_1335,6,24.27,524,1.28,114.0
Product_0506,2974.1041208070096,359.43,1068982.2441416634,C,1487.0520604035048,688.7956294043964,SUP_0898,5,66.48,187,1.28,1972.0
Product_1139,2597.2821271491075,411.0,1067482.9542582831,C,89.56145266031405,121.4838827683173,SUP_1156,9,50.98,1628,1.28,467.0
Product_2080,1120.2578024706984,946.24,1060032.7430098737,C,48.70686097698689,84.84775536575228,SUP_1367,14,69.4,181,1.28,407.0
Product_2159,819.8862504997174,1283.47,1052299.4059288723,C,48.228602970571615,83.09624289570968,SUP_1188,2,58.94,45,1.28,151.0
Product_0373,7347.326136809218,142.53,1047214.3942794178,C,166.98468492748222,105.09332845568305,SUP_0880,11,57.19,224,1.28,447.0
Product_2052,1214.9064311532939,855.21,1039000.1289866085,C,80.99376207688626,88.14614322177559,SUP_1271,10,44.48,371,1.28,357.0
Product_1412,2028.9706017220478,507.42,1029540.2627258016,C,112.72058898455822,70.0537713382604,SUP_0926,6,97.14,126,1.28,220.0
Product_1642,3465.5585035140134,296.51,1027572.7518769401,C,231.0372335676009,143.4151861443969,SUP_0909,3,82.94,123,1.28,318.0
Product_0882,893.1131333383979,1147.05,1024445.4195958093,C,63.793795238456994,68.78786585983762,SUP_1186,2,74.01,357,1.28,125.0
Product_0117,4947.7803048996075,206.28,1020628.121294691,C,58.20918005764244,104.26522061123919,SUP_0922,9,98.12,432,1.28,401.0
Product_0877,1138.6097755127528,895.09,1019158.2239637099,C,75.90731836751685,102.72114735333818,SUP_0784,5,61.34,946,1.28,295.0
Product_0749,634.2689693296046,1605.64,1018407.6279143865,C,7.9283621166200575,13.878075823663856,SUP_1610,13,34.02,438,1.28,65.0
Product_1364,4847.271822549878,208.74,1011819.5202390617,C,403.9393185458232,261.5676588866629,SUP_0854,10,99.0,275,1.28,1059.0
Product_0320,1789.84690341108,564.55,1010458.069320725,C,223.730862926385,191.0863135296631,SUP_1112,3,44.77,149,1.28,424.0
Product_0883,1575.701342099862,640.9,1009866.9901518015,C,68.50875400434182,95.73255426365392,SUP_0989,14,82.09,155,1.28,459.0
Product_0495,5157.82944378492,195.59,1008819.8609098925,C,15.214836117359646,32.11987940554193,SUP_1179,14,38.65,201,1.28,154.0
Product_1311,3156.9082347283475,318.28,1004780.7529493383,C,210.46054898188984,122.59338407897744,SUP_0924,4,52.03,512,1.28,314.0
Product_0740,2139.20009107001,463.39,991283.9302009318,C,39.61481650129648,52.68411930838388,SUP_1308,8,64.91,48,1.28,191.0
Product_2055,2729.184287984118,362.8,990148.059680638,C,22.009550709549337,33.55560331819498,SUP_1211,11,89.38,233,1.28,143.0
Product_1990,2944.937667424805,335.54,988144.3849277191,C,588.987533484961,537.9919060130193,SUP_0809,9,99.0,229,1.28,2066.0
Product_2030,4517.622777382231,217.04,980504.8476030394,C,215.12489416105862,79.1578758394972,SUP_0997,2,61.45,727,1.28,144.0
Product_0627,2598.6465603995757,376.6,978650.2946464802,C,8.328995385896077,22.027101902680005,SUP_1419,3,33.43,118,1.28,49.0
Product_0897,4812.144862900864,202.03,972197.6266518615,C,401.0120719084053,593.2534547201623,SUP_0681,14,71.15,270,1.28,2842.0
Product_1661,2277.3017327951975,422.29,961681.748742084,C,11.001457646353611,27.838190036728392,SUP_1334,4,85.33,338,1.28,72.0
Product_0706,1310.159989350679,731.01,957740.0538152399,C,43.67199964502264,41.846936228254236,SUP_1228,9,59.68,123,1.28,161.0
Product_0915,8300.0,114.26,948358.0,C,691.6666666666666,685.5102059227437,SUP_0798,3,73.29,260,1.28,1520.0
Product_0056,2681.462640256168,348.28,933899.8083484181,C,178.76417601707786,156.6210330804664,SUP_1006,6,69.64,362,1.28,492.0
Product_0049,2581.1365177322277,361.69,933571.2670985694,C,117.32438716964671,70.9098565053954,SUP_1061,4,99.0,281,1.28,182.0
Product_0953,3738.6328859501646,248.73,929910.1577223844,C,249.24219239667764,270.656915874674,SUP_0904,2,42.84,168,1.28,490.0
Product_1428,6119.779900616021,151.7,928370.6109234503,C,305.98899503080105,476.0307188471784,SUP_0844,12,57.6,275,1.28,2111.0
Product_0790,2414.8466557657052,383.86,926963.0372822237,C,10.364148737191869,13.271969540776043,SUP_1435,2,82.7,770,1.28,25.0
Product_0042,2037.4796964581622,452.87,922713.430135008,C,101.87398482290811,56.49534227143181,SUP_1069,12,49.22,92,1.28,251.0
Product_1592,1915.2059815435748,477.9,915276.9385796743,C,106.40033230797638,58.28885409373836,SUP_1143,11,88.09,274,1.28,248.0
Product_1640,4638.976433497031,196.94,913600.0188129053,C,149.6444010805494,151.43226492856573,SUP_0837,3,66.2,437,1.28,336.0
Product_2108,6257.947485341406,145.83,912596.4817873373,C,240.69028789774637,535.4994083892406,SUP_0877,2,41.21,420,1.28,970.0
Product_0614,1212.4503433381824,749.29,908476.9177598667,C,4.773426548575522,17.297443616903294,SUP_1519,8,65.45,301,1.28,63.0
Product_0111,4039.2681061486273,224.52,906896.4751924898,C,44.88075673498475,70.30160055051306,SUP_1116,6,52.81,426,1.28,221.0
Product_1114,2463.772609428886,366.97,904130.6344821183,C,91.25083738625504,119.35782264224443,SUP_1042,12,57.51,271,1.28,530.0
Product_0345,1178.7007722535232,766.19,903108.744692927,C,29.46751930633808,37.780972673226884,SUP_1319,4,70.96,235,1.28,97.0
Product_1982,3652.089791865075,247.06,902285.3039781854,C,158.78651268978587,142.42591608050122,SUP_0987,4,53.36,2087,1.28,365.0
Product_0437,5572.663394213574,160.8,896084.2737895427,C,123.8369643158572,166.7586660760947,SUP_0995,12,73.17,209,1.28,740.0
Product_0835,9233.239294358758,96.95,895162.5495880817,C,341.9718257169911,509.7565715477107,SUP_0846,14,49.34,517,1.28,2442.0
Product_0756,2549.851598082801,350.23,893034.5251965395,C,32.69040510362566,26.57927540146341,SUP_1354,3,52.0,140,1.28,59.0
Product_2053,4538.479656924513,196.39,891312.019823405,C,47.77347007288961,51.59655037681013,SUP_1079,3,69.56,185,1.28,115.0
Product_0300,1755.2601475545387,501.27,879859.2541646636,C,50.150289930129674,101.53297746483297,SUP_1181,11,38.23,788,1.28,432.0
Product_2142,1038.6753058602224,836.55,868903.8271173689,C,22.579897953483094,28.71242415817343,SUP_1326,12,79.83,248,1.28,128.0
Product_2144,2260.455430418938,381.92,863313.1379856007,C,25.686993527487928,46.76279493317491,SUP_1212,3,75.39,380,1.28,104.0
Product_0682,1020.3020140926601,842.57,859675.8680140526,C,72.87871529233287,78.36652038763164,SUP_1245,11,66.57,589,1.28,333.0
Product_1659,2318.145171366947,369.33,856160.5561409545,C,10.93464703474975,27.81832625547479,SUP_1404,2,51.62,282,1.28,51.0
Product_0389,2991.803821667711,286.15,856104.6635702155,C,106.85013648813253,124.69077563348918,SUP_1101,10,63.43,553,1.28,505.0
Product_0184,2763.5671640278283,309.69,855849.1150277782,C,102.35433940843808,129.23499434539886,SUP_1074,8,52.05,41,1.28,468.0
Product_1670,2214.0009676304016,384.6,851504.7721506525,C,20.311935482847723,34.06736423270987,SUP_1303,7,70.81,114,1.28,116.0
Product_1705,1179.3800284328042,721.93,851429.8239264943,C,10.530178825292895,14.957693771055755,SUP_1281,10,31.19,244,1.28,61.0
Product_0024,11086.991318874314,76.77,851148.323549981,C,692.9369574296446,563.8722069605923,SUP_0684,3,99.0,271,1.28,1251.0
Product_0589,3705.4709671222977,229.44,850183.25869654,C,308.7892472601915,677.0323222686791,SUP_0724,8,53.47,192,1.28,2452.0
Product_1033,2753.868840902196,307.75,847503.1357876508,C,94.96099451386883,37.67832412032585,SUP_1053,6,49.71,393,1.28,119.0
Product_0174,7855.340928772946,106.78,838793.3043743753,C,212.30651158845802,339.99421675628713,SUP_0893,5,33.99,331,1.28,974.0
Product_0713,2458.3754167602865,340.96,838207.6820985873,C,11.174433712546756,16.61970603874715,SUP_1414,6,61.58,91,1.28,53.0
Product_2100,3175.0633265489664,263.14,835486.1637480949,C,69.02311579454275,103.66743665176435,SUP_0933,2,97.85,227,1.28,188.0
Product_0198,622.8425181285593,1339.11,834054.644451135,C,47.9109629329661,76.18470237231759,SUP_1410,13,16.97,796,1.28,352.0
Product_0353,3396.1057968932496,245.48,833676.0510213549,C,19.860267818089177,35.15643602307866,SUP_1337,9,63.31,694,1.28,136.0
Product_1979,4575.472607707231,181.79,831775.1653550975,C,183.01890430828925,222.24491025930905,SUP_1082,5,76.03,88,1.28,637.0
Product_0887,600.0,1385.14,831084.0000000001,C,60.0,96.6091783079296,SUP_1131,6,79.32,361,1.28,303.0
Product_0361,3143.8045538189426,264.04,830090.1543903537,C,9.94874858803463,27.47651485291493,SUP_1356,2,79.61,661,1.28,50.0
Product_0176,1387.8467525263613,594.43,824977.7451042449,C,81.63804426625654,80.85816799936589,SUP_1167,5,32.01,53,1.28,232.0
Product_1605,2872.168500934725,287.09,824570.8549333502,C,478.6947501557875,52.18699096083138,SUP_0943,3,61.15,337,1.28,116.0
Product_1192,3944.117383681057,207.91,820021.4452411286,C,207.58512545689774,117.5780219168081,SUP_0980,7,63.67,246,1.28,399.0
Product_0582,4973.662932530272,164.48,818068.0791425791,C,160.44073975904104,129.18618727547815,SUP_0914,11,60.8,183,1.28,549.0
Product_1719,4523.714197879782,179.87,813680.4727726363,C,26.454468993449016,53.1500260354532,SUP_1250,3,69.08,410,1.28,118.0
Product_0725,1174.4561611044217,686.19,805900.0731882432,C,27.3129339791726,26.4110291174535,SUP_1220,6,70.42,155,1.28,83.0
Product_1143,2795.2992935361003,287.61,803956.0298139178,C,82.21468510400295,113.0515914085553,SUP_1240,9,61.54,190,1.28,435.0
Product_1613,1173.570576254238,677.62,795234.8938813967,C,146.69632203177974,73.25933507828127,SUP_1144,7,68.42,162,1.28,249.0
Product_1043,7586.903280034456,104.36,791769.2263043958,C,113.23736238857397,126.09643889880543,SUP_0951,3,43.23,153,1.28,280.0
Product_0607,4623.470366512644,170.51,788347.932194071,C,45.77693432190737,70.26020455036695,SUP_1171,13,66.18,72,1.28,325.0
Product_0684,4119.760229397764,189.77,781806.8987328138,C,242.3388370233979,206.05394172972592,SUP_0907,10,69.39,490,1.28,835.0
Product_0118,1879.8504959582372,414.57,779329.6201094064,C,31.861872812851477,34.46676210776267,SUP_1204,9,34.25,322,1.28,133.0
Product_2135,1000.0,779.21,779210.0,C,500.0,707.1067811865476,SUP_1075,2,99.0,238,1.28,1281.0
Product_0745,1282.588663879578,604.06,774760.5083030978,C,27.882362258251696,22.91782828215354,SUP_1436,4,84.93,185,1.28,59.0
Product_0715,859.9921072899298,900.43,774362.6931670714,C,11.466561430532398,14.839277420547418,SUP_1568,14,70.16,71,1.28,72.0
Product_1035,929.7521274121259,832.43,773953.5634216759,C,54.69130161247799,67.44138261808084,SUP_1219,13,57.0,320,1.28,312.0
Product_2123,1474.4097407589643,520.97,768123.2426431976,C,40.95582613219345,77.79748753422797,SUP_1096,2,86.7,763,1.28,141.0
Product_2023,2490.836330687236,306.36,763092.6182693416,C,75.47988880870412,79.21859230214164,SUP_1037,4,97.98,123,1.28,203.0
Product_2024,1405.4237871116422,541.69,761304.0112405056,C,58.559324462985096,33.15410353444689,SUP_1310,2,97.42,482,1.28,61.0
Product_0759,2998.1971484748597,253.69,760612.6345965872,C,103.3861085680986,130.89817923054204,SUP_1141,13,58.0,788,1.28,605.0
Product_0245,4400.534267637224,172.41,758696.1130833337,C,176.02137070548895,357.2630915715244,SUP_0957,6,87.92,142,1.28,1121.0
Product_0039,2973.796354604337,254.81,757753.0491167312,C,270.34512314584885,512.469885083755,SUP_1054,14,99.0,235,1.28,2455.0
Product_0779,2751.3713513651956,273.72,753105.3662956815,C,12.797076052861375,18.010561774559847,SUP_1396,4,43.51,381,1.28,47.0
Product_1726,6381.055810794083,117.51,749837.8683264127,C,41.43542734281872,46.11607977244924,SUP_0976,8,65.43,639,1.28,167.0
Product_2136,1673.1119283811036,446.97,747830.8386285019,C,35.59812613576816,92.19671481151613,SUP_1217,13,82.33,114,1.28,426.0
Product_1142,1550.0,480.19,744294.5,C,67.3913043478261,68.43825294674875,SUP_1276,13,98.99,302,1.28,316.0
Product_0150,1037.8454708857612,715.91,743003.9510618253,C,5.765808171587562,8.545441819529008,SUP_1641,9,48.6,458,1.28,33.0
Product_1529,3582.935263316879,206.41,739553.667701237,C,143.31741053267515,124.62127465492334,SUP_1094,7,96.9,154,1.28,423.0
Product_0285,1396.806204087397,528.32,737960.6537434537,C,34.92015510218492,48.99944486967617,SUP_1263,2,55.44,162,1.28,89.0
Product_0313,2844.306418656491,258.59,735509.196800382,C,81.26589767589975,178.52293732070427,SUP_1091,11,68.55,312,1.28,758.0
Product_2128,5220.640678424202,140.46,733291.1896914634,C,52.20640678424202,95.03962500186687,SUP_1071,12,55.35,204,1.28,422.0
Product_1055,1122.8844687667072,652.91,733142.4985024708,C,59.0991825666688,39.801733725209,SUP_1227,9,72.93,149,1.28,153.0
Product_0235,2615.678761023924,277.88,726844.814113328,C,104.62715044095695,110.05464216543056,SUP_1065,14,64.4,205,1.28,528.0
Product_0380,4327.835037454281,166.56,720844.203838385,C,180.32645989392836,154.17643508992586,SUP_0921,3,83.66,233,1.28,342.0
Product_0321,2786.3050188866882,258.7,720817.1083859862,C,398.04357412666974,721.1288326057868,SUP_0889,9,44.22,72,1.28,2770.0
Product_2020,2659.946705049925,270.43,719329.3874466512,C,73.88740847360903,112.11430678530509,SUP_1122,14,43.26,230,1.28,537.0
Product_0978,4950.0,144.57,715621.5,C,206.25,288.66729005522274,SUP_1016,13,50.42,216,1.28,1333.0
Product_0768,3206.387584435814,223.18,715601.581094385,C,39.1022876150709,52.30720102228788,SUP_1183,13,72.22,820,1.28,242.0
Product_1037,2500.0,279.27,698175.0,C,100.0,76.37626158259734,SUP_1011,6,82.82,43,1.28,240.0
Product_0132,581.7473354659562,1199.53,697823.3813114784,C,25.293362411563315,20.788923666066378,SUP_1342,12,64.82,190,1.28,93.0
Product_0921,6454.132405650465,106.88,689817.6715159217,C,358.56291142502585,353.9998980981123,SUP_0913,6,91.27,220,1.28,1110.0
Product_0549,4000.0,172.43,689720.0,C,666.6666666666666,258.19888974716116,SUP_0868,2,99.0,60,1.28,468.0
Product_1721,1252.2012177097267,544.62,681973.8271890713,C,22.76729486744958,34.30180842852964,SUP_1409,4,2.0,133,1.28,88.0
Product_0662,2421.0117458773425,280.14,678222.2304900787,C,105.26138025553664,100.67867273766855,SUP_1216,4,75.7,61,1.28,258.0
Product_1797,2039.6209349864612,332.37,677908.8101614501,C,107.34847026244533,175.71135728422794,SUP_1118,4,92.92,143,1.28,450.0
Product_0488,1249.004257022196,534.48,667567.7952932233,C,73.47083864836448,143.7509552499798,SUP_1256,8,44.52,245,1.28,521.0
Product_0796,1433.7617063846508,463.88,665093.3803577118,C,10.94474585026451,14.509868547633586,SUP_1426,8,41.84,403,1.28,53.0
Product_1324,700.0,946.36,662452.0,C,77.77777777777777,44.09585518440984,SUP_1300,8,71.91,329,1.28,160.0
Product_2037,2771.1709911362377,238.93,662115.8849121813,C,13.259191345149462,36.84021745194864,SUP_1360,4,76.32,2426,1.28,95.0
Product_0451,1285.0,514.14,660669.9,C,31.341463414634145,46.03184210744642,SUP_1415,10,66.49,855,1.28,187.0
Product_0412,4209.7640454519205,154.93,652218.7435618661,C,15.034871590899716,40.51795688868012,SUP_1193,2,86.13,293,1.28,74.0
Product_2070,2471.464370552897,263.69,651700.4398710934,C,107.45497263273465,111.78839488562784,SUP_1130,4,68.67,105,1.28,287.0
Product_2112,2637.399020764263,245.32,647006.727773889,C,85.07738776658913,201.8950650898341,SUP_1072,7,66.9,131,1.28,684.0
Product_1910,847.5330968863424,762.62,646345.6903474624,C,70.62775807386187,86.62615101334536,SUP_1403,4,81.74,59,1.28,222.0
Product_0663,2343.0757757930505,275.56,645657.960777533,C,52.068350573178904,35.27283043663804,SUP_1198,2,43.33,479,1.28,64.0
Product_0278,2195.802602162958,293.85,645236.5946455853,C,73.1934200720986,109.36480128485982,SUP_1146,5,86.38,306,1.28,314.0
Product_1498,2581.1534888897804,249.43,643817.1147337779,C,135.85018362577793,152.69126106193616,SUP_1031,7,80.91,52,1.28,518.0
Product_1559,1500.8796867330775,427.91,642241.4267499512,C,93.80498042081734,139.78373371906082,SUP_1140,2,74.22,115,1.28,254.0
Product_1131,5300.796800565203,120.84,640548.2853802991,C,662.5996000706504,314.8142398612393,SUP_0829,10,68.05,137,1.28,1275.0
Product_0910,1250.0,510.82,638525.0,C,113.63636363636364,128.62913567871993,SUP_1117,2,67.17,141,1.28,233.0
Product_1053,1148.9165238961282,554.07,636580.1783951278,C,12.48822308582748,13.794717465963574,SUP_1411,14,35.24,1066,1.28,67.0
Product_0642,986.1117924053533,643.55,634612.244002465,C,6.241213875983249,9.16921516194738,SUP_1491,11,74.84,59,1.28,39.0
Product_1046,1513.6102971616915,419.04,634263.2589226352,C,79.66369985061534,53.85545743364172,SUP_1147,9,37.49,203,1.28,207.0
Product_0653,1160.000543541007,546.15,633534.2968549209,C,42.962983094111365,36.5155532995787,SUP_1202,4,70.7,19,1.28,94.0
Product_0139,3694.7228466709453,171.33,633016.865320133,C,17.67809974483706,41.8953835057825,SUP_1192,4,99.0,115,1.28,108.0
Product_0142,2838.5344561255006,222.84,632539.0182030066,C,113.54137824502003,196.56548295484177,SUP_1109,9,70.49,332,1.28,755.0
Product_1716,1034.0253963423609,608.56,629266.4951981071,C,18.80046175167929,32.868065393044034,SUP_1282,13,58.86,610,1.28,152.0
Product_1028,1759.5513063491687,356.35,627016.1080175263,C,175.95513063491688,106.91973368516838,SUP_0908,13,23.07,171,1.28,494.0
Product_0902,1020.9020829844942,610.09,622842.1518080101,C,145.8431547120706,160.56184119427945,SUP_1176,14,68.69,588,1.28,769.0
Product_0584,1052.431285782661,588.43,619282.1414930911,C,50.11577551346005,66.73339974328391,SUP_1257,13,34.74,529,1.28,308.0
Product_1845,2500.0,247.44,618600.0,C,2500.0,,SUP_0920,7,53.21,71,1.28,0.0
Product_0030,2938.1780800727965,210.3,617898.8502393091,C,79.41021838034585,85.72621050813385,SUP_1083,11,52.64,154,1.28,364.0
Product_1798,1389.9977622524798,442.09,614504.1107141988,C,69.49988811262399,147.91448041045652,SUP_1231,9,62.83,240,1.28,568.0
Product_0277,5371.7575489804085,114.19,613400.9945180728,C,114.2927138080938,233.37420534535744,SUP_0878,14,46.93,414,1.28,1118.0
Product_0510,1218.0,498.6,607294.8,C,46.84615384615385,89.7109546522351,SUP_1280,6,69.48,331,1.28,282.0
Product_2133,1229.8445583169519,484.86,596302.4325455573,C,409.9481861056506,523.7632934417871,SUP_1098,6,66.04,75,1.28,1643.0
Product_0286,3612.7470376298184,164.42,594007.8679270947,C,50.88376109337772,121.947706114929,SUP_1047,11,39.72,140,1.28,518.0
Product_0192,6868.913172672167,86.26,592512.4502747011,C,208.1488840203687,169.81845557385864,SUP_0797,6,61.48,459,1.28,533.0
Product_0314,499.74370819294774,1179.88,589637.6064226952,C,23.797319437759416,42.400552158253966,SUP_1513,9,76.5,76,1.28,163.0
Product_1012,7787.614243551044,74.95,583681.6875541507,C,324.48392681462684,258.5011060980192,SUP_0906,5,95.74,445,1.28,740.0
Product_0517,2862.7500892456414,201.6,577130.4179919213,C,51.12053730795788,71.08973709781498,SUP_1292,11,22.35,95,1.28,302.0
Product_0884,1908.0,302.16,576521.28,C,136.28571428571428,282.00911839361305,SUP_1039,7,56.26,683,1.28,956.0
Product_0601,665.9732180411622,862.32,574282.0253812551,C,55.497768170096855,25.642432508082713,SUP_1418,13,26.82,397,1.28,119.0
Product_1206,2800.0,204.89,573692.0,C,215.3846153846154,264.09011670940987,SUP_0974,14,80.51,399,1.28,1265.0
Product_0791,2890.9664188477836,196.77,568855.4622366785,C,23.89228445328747,34.88984103351385,SUP_1177,9,45.29,1368,1.28,134.0
Product_0199,3966.8487294574547,143.39,568806.4393169044,C,396.6848729457455,239.87430895886294,SUP_0885,3,52.75,189,1.28,532.0
Product_0822,276.1019299096742,2058.78,568433.131259439,C,5.8745091470143445,7.555703215903382,SUP_1586,9,85.38,471,1.28,30.0
Product_0336,431.60732697891945,1311.71,566143.6468715185,C,8.991819312060821,24.5262411985585,SUP_1661,6,60.86,371,1.28,77.0
Product_0755,3913.368127366004,144.27,564581.6197350934,C,36.23489006820374,32.62880189464887,SUP_1124,9,65.08,365,1.28,126.0
Product_0503,1094.431027149378,514.47,563051.9305375406,C,14.213389962978935,25.357028439412247,SUP_1478,13,91.96,453,1.28,118.0
Product_0727,9970.522145657862,56.12,559545.7028143192,C,91.47268023539323,259.0081459115836,SUP_0954,5,59.45,414,1.28,742.0
Product_2054,1202.4241467396896,465.22,559391.7615462384,C,27.963352249760224,40.27616568249961,SUP_1361,4,75.23,589,1.28,104.0
Product_2169,1888.468088556498,295.89,558778.8227229821,C,16.56550954874121,39.86688096015083,SUP_1312,14,37.19,483,1.28,191.0
Product_0769,1343.9944839779064,413.44,555661.0794558256,C,24.8887867403316,18.374120458694897,SUP_1365,10,51.54,318,1.28,75.0
Product_0555,3575.514996706647,155.3,555277.4789885423,C,397.2794440785163,226.20660556591076,SUP_0881,9,66.35,45,1.28,869.0
Product_1059,1077.1211177142873,515.27,555008.1983246407,C,37.14210750738921,27.666203240815516,SUP_1329,9,60.75,217,1.28,107.0
Product_0770,1450.4679497328634,381.12,552802.3450021889,C,38.170209203496405,19.997215592480693,SUP_1229,8,46.77,368,1.28,73.0
Product_0240,899.8988032749489,610.7,549568.1991600114,C,179.97976065498978,181.39055092887753,SUP_1355,8,47.96,239,1.28,657.0
Product_0301,4095.2792761842206,134.02,548849.3285942093,C,34.41411156457328,72.75019295687544,SUP_1010,11,81.09,432,1.28,309.0
Product_0338,1048.1723457412918,521.61,546737.1772621152,C,13.612627866770023,19.36358423815254,SUP_1540,10,69.05,114,1.28,79.0
Product_0218,1641.939419942881,332.41,545797.0825832131,C,56.61860068768555,67.30566991279791,SUP_1289,13,68.51,57,1.28,311.0
Product_0720,1128.987898931531,482.44,544668.9219605278,C,9.104741120415571,9.117149414858401,SUP_1407,7,42.7,345,1.28,31.0
Product_0448,825.5773009859313,658.26,543444.5141469991,C,33.02309203943725,38.98939787395475,SUP_1472,6,86.03,532,1.28,123.0
Product_0631,1412.931074826946,380.39,537464.851553422,C,4.663138860815003,7.825003625100872,SUP_1617,3,33.52,199,1.28,18.0
Product_0911,1950.0,272.3,530985.0,C,139.28571428571428,112.96454758458076,SUP_1090,12,21.33,220,1.28,501.0
Product_0166,305.853402797214,1732.47,529881.8447440894,C,152.926701398607,0.2469477842754738,SUP_1389,10,46.41,564,1.28,1.0
Product_0370,2363.7754401339816,224.11,529745.7138884267,C,131.3208577852212,98.20171569128307,SUP_1041,14,81.36,235,1.28,471.0
Product_0283,1316.6316870904907,398.73,524980.5525935914,C,38.72446138501443,54.105514867315826,SUP_1316,12,69.48,480,1.28,240.0
Product_0572,2032.3813042702368,257.88,524110.49074520863,C,48.39003105405326,55.76715388877673,SUP_1178,7,74.88,343,1.28,189.0
Product_0487,915.2657542115866,565.87,517921.4323357105,C,16.057293933536606,20.37379961544103,SUP_1479,2,92.63,286,1.28,37.0
Product_1041,2383.6265163484586,214.33,510882.67124896514,C,183.35588587295837,79.86605963892627,SUP_1081,13,59.51,161,1.28,369.0
Product_1594,2251.7474733344934,226.32,509615.48816506256,C,204.70431575768123,110.65006305568762,SUP_1115,4,62.02,403,1.28,284.0
Product_2106,656.7591453149917,773.19,507799.60356609843,C,28.5547454484779,44.99396407159784,SUP_1385,8,21.41,449,1.28,163.0
Product_0337,1369.8324662256937,370.37,507344.8505160102,C,8.895016014452557,16.107857139374538,SUP_1425,4,86.88,574,1.28,42.0
Product_1338,955.3516423355616,529.27,505638.96373894264,C,106.15018248172906,39.03238619188666,SUP_1286,2,75.31,177,1.28,71.0
Product_1725,1823.338791338963,276.18,503569.7073919948,C,49.279426792944946,100.84825616709736,SUP_1169,12,8.72,291,1.28,448.0
Product_0660,2028.9159574229197,245.9,498910.433930296,C,30.282327722730145,54.749340716920074,SUP_1275,14,54.79,316,1.28,263.0
Product_0239,2653.5952453596196,187.96,498769.76231779414,C,110.56646855665082,118.71049606016493,SUP_1026,13,76.97,247,1.28,548.0
Product_2086,935.0717846295363,528.41,494101.28171609325,C,27.50211131263342,29.741995554859695,SUP_1339,3,45.01,167,1.28,66.0
Product_0423,2531.298192235572,194.88,493299.3917028683,C,230.1180174759611,292.3596917577037,SUP_1070,6,81.71,673,1.28,917.0
Product_1042,2581.7136899275256,190.15,490912.858139719,C,112.24842130119677,79.42413397286435,SUP_1113,9,64.6,1198,1.28,305.0
Product_2039,704.6634708134812,695.45,490058.21077723557,C,3.6322859320282537,7.760691505152064,SUP_1603,14,74.18,307,1.28,38.0
Product_2141,331.0,1479.14,489595.34,C,66.2,88.39230735759759,SUP_1499,6,99.0,363,1.28,278.0
Product_0203,2084.5278866301023,234.05,487883.7518657755,C,122.61928744882955,101.52634907810994,SUP_0971,14,65.36,112,1.28,487.0
Product_0670,2020.1846452931916,240.87,486601.87551177107,C,22.95664369651354,75.95254761222411,SUP_1325,9,69.7,1057,1.28,292.0
Product_0255,1450.9521236100652,334.85,485851.3185908304,C,40.30422565583515,98.25851618368934,SUP_1230,5,56.85,172,1.28,282.0
Product_1025,3153.666692772127,149.85,472576.95391190326,C,8.784586887944643,29.36068529390892,SUP_1368,4,28.86,322,1.28,76.0
Product_1599,5265.412821156563,89.33,470359.32731391577,C,210.6165128462625,235.50413178079333,SUP_0883,10,97.57,116,1.28,954.0
Product_1277,2629.5141597804277,178.1,468316.47185689415,C,131.47570798902137,116.02701234828153,SUP_1002,6,19.26,106,1.28,364.0
Product_0092,7002.324261757166,66.84,468035.353655849,C,200.06640747877617,209.9284205358682,SUP_0828,7,59.17,902,1.28,711.0
Product_0926,1850.0,252.21,466588.5,C,264.2857142857143,367.0993118515816,SUP_1086,3,99.0,711,1.28,814.0
Product_1558,1300.0,357.63,464919.0,C,260.0,433.58966777357597,SUP_0968,2,81.77,182,1.28,785.0
Product_1597,2445.870316742249,189.46,463394.59020998655,C,97.83481266968997,119.09382725219095,SUP_1105,14,59.51,957,1.28,571.0
Product_0816,557.4763803716621,827.88,461523.5457820916,C,5.7471791790893,6.848211551237851,SUP_1577,9,68.26,421,1.28,27.0
Product_0462,498.9230444179093,911.52,454778.33344781265,C,33.26153629452729,52.68981560779263,SUP_1556,11,65.76,204,1.28,224.0
Product_1060,691.3096085488203,657.75,454708.8950229865,C,27.65238434195281,71.20180173225175,SUP_1370,10,82.77,899,1.28,289.0
Product_0443,1649.3227826266996,274.81,453250.3938936433,C,21.99097043502266,41.965606065460335,SUP_1431,3,68.45,145,1.28,94.0
Product_2088,5005.859404051055,90.15,451278.22527520265,C,106.5076468947033,250.11494900192915,SUP_1064,2,70.3,178,1.28,453.0
Product_2093,1071.147846996737,418.45,448221.8165757845,C,26.778696174918423,55.55710372614346,SUP_1267,9,38.93,159,1.28,214.0
Product_0189,1593.6491636985058,280.53,447066.3998923418,C,44.2680323249585,30.77781227439239,SUP_1333,14,56.27,279,1.28,148.0
Product_0774,904.6454448908381,492.42,445465.50997314655,C,24.44987688894157,21.115647907120906,SUP_1313,4,39.17,706,1.28,55.0
Product_0570,2623.26161933163,168.92,443121.3527374989,C,39.746388171691365,87.91772120298542,SUP_1157,8,78.31,199,1.28,319.0
Product_2116,469.90880929679713,941.96,442635.30200521107,C,31.327253953119808,41.72682803407073,SUP_1454,2,61.15,102,1.28,76.0
Product_1872,221.69777878896807,1989.24,441010.08947816683,C,4.716974016786555,6.618529276307792,SUP_1772,7,53.83,272,1.28,23.0
Product_0672,1741.7551261315143,252.82,440350.53098856943,C,13.398116354857802,24.483702010453083,SUP_1408,2,77.32,93,1.28,45.0
Product_1958,1372.7489055529277,320.56,440048.3891640465,C,44.28222275977186,26.008266840375477,SUP_1246,2,90.26,356,1.28,48.0
Product_0121,997.8883710427655,440.55,439619.72186289035,C,36.95882855713946,42.86767105958868,SUP_1215,8,72.78,228,1.28,156.0
Product_0692,281.32432444213634,1557.08,438044.47910236166,C,17.58277027763352,7.518667148569455,SUP_1357,9,21.0,286,1.28,29.0
Product_0757,1888.997496618812,229.92,434318.3044225972,C,32.01690672235274,31.1727266426108,SUP_1285,14,66.83,380,1.28,150.0
Product_0295,618.0391033303232,701.74,433702.760371021,C,29.43043349192015,60.37971659359789,SUP_1543,3,43.0,360,1.28,134.0
Product_0302,1131.9933094276983,382.64,433145.91991941445,C,17.968147768693623,24.30537729146586,SUP_1208,2,50.97,155,1.28,44.0
Product_0513,1180.6329258232195,366.34,432513.06604607817,C,43.72714540085998,69.7689838973447,SUP_1350,5,25.34,3212,1.28,200.0
Product_0566,1736.7252260239798,248.65,431836.7274508626,C,173.67252260239798,282.4756868922367,SUP_1111,14,44.99,996,1.28,1353.0
Product_1329,1741.9795335253252,246.79,429903.129078715,C,72.58248056355522,43.974197444893804,SUP_1123,8,67.99,353,1.28,160.0
Product_0242,2750.3234195840496,155.59,427922.8208530823,C,119.57927911234998,259.72471605513863,SUP_0996,13,32.47,88,1.28,1199.0
Product_0734,716.2969173698153,594.57,425888.6581605711,C,20.465626210566153,39.85089692916481,SUP_1484,4,33.84,66,1.28,103.0
Product_0545,691.7459786297213,615.33,425652.05303022644,C,19.215166073047815,28.455788030884655,SUP_1494,11,46.14,30,1.28,121.0
Product_0726,838.465823485014,504.72,423190.47042935627,C,36.45503580369626,37.29509931886956,SUP_1248,8,31.5,53,1.28,136.0
Product_0196,3199.7641283217804,131.99,422336.8672971918,C,86.48011157626433,150.20819284093002,SUP_1076,12,35.93,276,1.28,667.0
Product_0925,1450.0,285.33,413728.5,C,131.8181818181818,145.38350537926797,SUP_1099,11,83.46,600,1.28,618.0
Product_0175,2105.043414230886,195.85,412272.752677119,C,110.79175864373083,118.20854875077745,SUP_1018,4,58.57,244,1.28,303.0
Product_0766,270.97112413825477,1509.83,409120.33235766116,C,6.451693431863209,11.72842579226728,SUP_1712,14,46.64,794,1.28,57.0
Product_0310,529.1617024695854,772.46,408756.248689656,C,20.352373171907132,32.5434317499985,SUP_1539,14,77.57,102,1.28,156.0
Product_0182,3041.952012491145,134.15,408077.8624756871,C,82.21491925651743,122.59433352508249,SUP_1063,8,75.83,233,1.28,444.0
Product_0155,1281.9055262486688,317.78,407363.93813130195,C,98.60811740374376,112.03911866499577,SUP_1150,6,88.73,460,1.28,352.0
Product_1583,2653.9450349286067,153.13,406398.6031986175,C,115.38891456211333,69.41881298077314,SUP_1100,9,79.63,403,1.28,267.0
Product_0348,3699.641673543267,109.26,404222.8492513374,C,34.25594142169692,54.84339324744019,SUP_1128,4,57.41,339,1.28,141.0
Product_0839,2973.4668020730774,135.79,403767.0570535032,C,33.78939547810315,76.75539990566611,SUP_1168,8,72.02,720,1.28,278.0
Product_0512,2769.1104028836094,144.38,399804.15996833553,C,45.39525250628868,59.58348675705393,SUP_1120,8,75.89,310,1.28,216.0
Product_2072,7262.24421978231,54.34,394630.35090297076,C,110.034003330035,151.1435140374834,SUP_1084,4,78.91,82,1.28,387.0
Product_1093,1017.3727758102193,385.19,391881.8195143384,C,13.564970344136258,28.648809601168644,SUP_1505,5,52.0,600,1.28,82.0
Product_0445,1478.667673392041,263.61,389791.5853828759,C,18.71731232141824,44.90929718867266,SUP_1294,4,86.96,145,1.28,115.0
Product_0919,1068.434667664033,364.6,389551.2798303065,C,53.42173338320165,43.911980400802236,SUP_1221,10,71.48,510,1.28,178.0
Product_0459,778.2436995051412,497.66,387300.7594957286,C,10.240048677699226,15.484500330727627,SUP_1388,14,49.04,250,1.28,75.0
Product_2115,1109.3811843145527,348.49,386608.24892177846,C,27.734529607863816,43.0297418022202,SUP_1477,11,79.43,375,1.28,183.0
Product_1325,2091.117654034471,184.22,385225.6942262302,C,80.42760207824888,31.67295392876018,SUP_1162,11,68.0,391,1.28,135.0
Product_1115,1493.3189536963341,257.22,384111.5012697711,C,49.77729845654447,74.15979001678636,SUP_1103,7,81.69,213,1.28,252.0
Product_0895,708.9500525439814,541.09,383605.7839310229,C,37.31316066020955,43.33855043746042,SUP_1486,10,67.67,357,1.28,176.0
Product_0471,1100.229615021322,347.9,382769.8830659179,C,8.595543867354078,33.584769846323965,SUP_1432,5,52.44,286,1.28,97.0
Product_1050,1997.2002271154597,191.28,382024.45944264514,C,57.06286363187028,53.461710059318,SUP_1195,5,56.03,658,1.28,154.0
Product_2056,959.9292583393752,396.32,380439.1636650612,C,13.3323508102691,24.57427588099913,SUP_1398,10,60.37,95,1.28,100.0
Product_1326,996.64225819575,381.57,380288.7864597523,C,83.0535215163125,53.568203623593895,SUP_1233,8,66.36,112,1.28,194.0
Product_2137,2314.7586415467554,163.18,377722.3151275996,C,462.9517283093511,617.9505418529227,SUP_1040,2,67.54,383,1.28,1119.0
Product_0153,509.09304159571474,739.4,376423.39495587145,C,72.72757737081639,64.33444532684553,SUP_1424,5,52.3,185,1.28,185.0
Product_0896,1093.9535183109026,342.73,374930.68933069566,C,43.758140732436104,63.666807660135305,SUP_1237,11,38.26,198,1.28,271.0
Product_0738,936.0617967408339,399.36,373825.6391464194,C,8.667238858711425,8.77176845879319,SUP_1590,14,76.66,401,1.28,43.0
Product_0714,656.8809075592125,568.56,373476.2088018658,C,11.943289228349318,19.003760143538972,SUP_1542,9,77.78,469,1.28,73.0
Product_1717,496.40199298896744,750.52,372559.6237780798,C,18.385258999591386,23.95100629261348,SUP_1469,14,84.56,190,1.28,115.0
Product_1085,944.0,393.69,371643.36,C,472.0,463.86204845837517,SUP_1045,11,70.42,667,1.28,1970.0
Product_0489,1479.3050195002647,249.8,369530.39387116616,C,35.221548083339634,51.840974180738144,SUP_1254,13,60.62,232,1.28,240.0
Product_2143,1043.6780659725955,353.16,368585.34577888186,C,24.849477761252274,89.07381592270325,SUP_1376,14,42.81,840,1.28,427.0
Product_1678,1175.1914476969214,313.3,368187.4805634455,C,10.308696909622117,29.71924643870351,SUP_1504,9,64.3,104,1.28,115.0
Product_2084,531.6283201637311,683.21,363213.7846190628,C,22.15118000682213,19.47362737410259,SUP_1392,13,58.85,53,1.28,90.0
Product_1996,4112.132377565366,87.0,357755.51684818685,C,205.6066188782683,139.46465129451778,SUP_0991,11,97.44,264,1.28,593.0
Product_1938,791.1387384294583,451.15,356922.2418424501,C,5.104120893093279,6.270073430535567,SUP_1645,8,82.7,239,1.28,23.0
Product_1051,2006.7199185450274,177.46,356112.5167450006,C,52.80841890907967,133.08600364165846,SUP_1185,10,46.47,218,1.28,539.0
Product_0846,1735.2224964820914,205.11,355911.4862534418,C,27.543214229874465,78.07378956942547,SUP_1306,2,52.77,260,1.28,142.0
Product_0821,1225.7979050518416,288.85,354071.72487422446,C,10.944624152248585,14.453452119269082,SUP_1485,7,44.95,277,1.28,49.0
Product_2121,865.0498437232042,407.38,352404.0053359589,C,33.271147835507854,28.37215099829029,SUP_1297,4,75.67,73,1.28,73.0
Product_0787,636.3038192998855,552.89,351806.0186527137,C,23.56680812221798,22.347576471808075,SUP_1506,11,63.07,154,1.28,95.0
Product_1706,194.3539122131142,1809.47,351677.57353226375,C,10.229153274374431,5.799518163927164,SUP_1678,5,53.29,96,1.28,17.0
Product_0103,1596.3276365258657,219.6,350553.5489810801,C,33.96441779842267,72.97262836965997,SUP_1332,11,46.43,418,1.28,310.0
Product_0322,839.4077698833213,415.88,349092.9033390757,C,4.663376499351785,14.977059876706017,SUP_1453,11,71.44,530,1.28,64.0
Product_0205,1659.571025986795,210.03,348559.7025880065,C,75.4350466357634,104.6316570101849,SUP_1270,14,40.18,57,1.28,502.0
Product_1177,738.4132330522799,470.29,347268.35937215673,C,20.511478695896663,22.262036424975516,SUP_1405,10,73.42,326,1.28,91.0
Product_0600,2540.95544977316,134.83,342597.0232929152,C,87.6191534404538,118.92790345288974,SUP_1148,10,59.1,509,1.28,482.0
Product_1038,1600.0,213.27,341232.0,C,106.66666666666667,79.88086367179802,SUP_1087,4,74.06,430,1.28,205.0
Product_1335,1227.7766323921874,277.2,340339.6824991143,C,61.38883161960937,38.24579688186222,SUP_1173,3,72.26,312,1.28,85.0
Product_0719,1187.7769897875728,286.53,340333.7408838332,C,15.4256751920464,26.071458419990673,SUP_1364,11,68.5,1803,1.28,111.0
Product_0272,1843.0492789199243,181.16,333886.80736913346,C,97.00259362736443,93.38172637754053,SUP_1259,2,40.16,96,1.28,170.0
Product_1040,1954.2033810632706,169.57,331374.2673268988,C,108.56685450351503,78.02696511308353,SUP_1023,14,31.87,289,1.28,374.0
Product_2139,314.00843966021495,1055.22,331347.98569825204,C,78.50210991505374,73.45893589201796,SUP_1184,13,28.54,706,1.28,340.0
Product_2087,2007.733872422777,164.95,331175.70225613704,C,35.85239057897816,68.9963751403648,SUP_1189,10,57.49,123,1.28,280.0
Product_0332,430.769126922673,768.77,331162.3817043433,C,4.63192609594272,8.82059574259056,SUP_1643,13,77.73,354,1.28,41.0
Product_0744,831.9735946835125,397.34,330576.3881115468,C,31.998984410904328,22.934690466996745,SUP_1517,3,57.95,429,1.28,51.0
Product_0394,759.13767793019,434.02,329480.93497526104,C,11.001995332321593,17.57207463665072,SUP_1483,3,87.46,339,1.28,39.0
Product_0293,1925.0656446045803,171.14,329455.73441762786,C,43.75149192283137,63.13695853755072,SUP_1343,7,66.59,302,1.28,214.0
Product_2107,4834.66221611309,68.0,328757.03069569013,C,230.2220102910995,346.34116583713546,SUP_0977,14,2.0,42,1.28,1659.0
Product_1815,844.7467373773869,387.46,327305.5708642423,C,6.351479228401406,12.203449542422337,SUP_1599,13,45.37,116,1.28,57.0
Product_0781,1251.6686968888293,261.16,326885.7968794867,C,11.589524971192864,15.689446707328253,SUP_1554,10,27.43,538,1.28,64.0
Product_1125,575.2797269618345,566.95,326154.8412010121,C,28.763986348091727,67.87820842060874,SUP_1252,8,84.53,150,1.28,246.0
Product_2113,1936.1732814896416,168.29,325838.60154189175,C,77.44693125958567,138.90161939759105,SUP_1159,10,70.19,754,1.28,563.0
Product_2095,2540.382760827835,128.09,325397.6278344374,C,59.078668856461285,155.06532178159463,SUP_1151,9,80.21,332,1.28,596.0
Product_2118,488.2897215611204,662.35,323418.69707600813,C,27.12720675339558,68.90526588745021,SUP_1191,3,84.63,56,1.28,153.0
Product_1590,965.9838551127635,333.42,322078.33697169763,C,60.37399094454772,40.629074752628725,SUP_1238,7,17.82,172,1.28,138.0
Product_0645,845.4101844090438,380.47,321653.21286210895,C,4.83091533948025,8.219169721044754,SUP_1686,8,78.7,493,1.28,30.0
Product_0681,2559.721597367365,125.28,320681.9217181835,C,102.38886389469461,82.70064517201858,SUP_1142,10,83.21,253,1.28,335.0
Product_0893,1205.8077740505585,264.58,319032.62085829675,C,70.92986906179756,114.14696779593126,SUP_1247,8,55.87,487,1.28,414.0
Product_1205,1700.0,186.7,317390.0,C,212.5,188.50918886280922,SUP_1060,2,96.52,441,1.28,342.0
Product_0619,3368.8738150619324,93.33,314416.99315973016,C,39.63380958896391,67.79893096812825,SUP_1013,11,32.93,304,1.28,288.0
Product_0168,1602.3582386534808,195.3,312940.5640090248,C,23.56409174490413,43.28368714592406,SUP_1258,3,83.36,270,1.28,96.0
Product_0567,354.7257675937241,882.12,312910.6941097759,C,17.736288379686204,21.89010628862729,SUP_1503,5,48.93,77,1.28,63.0
Product_0741,908.644330709233,342.05,310801.7933190932,C,25.240120297478697,23.102389362489472,SUP_1371,14,45.88,676,1.28,111.0
Product_0903,900.0,345.27,310743.0,C,75.0,78.33494518006403,SUP_1268,2,51.99,297,1.28,142.0
Product_0707,1076.2327072751732,287.9,309847.39642452233,C,44.843029469798886,88.69424495558019,SUP_1175,4,77.1,552,1.28,228.0
Product_0569,1474.6262233275927,209.12,308373.8358222662,C,37.81092880327161,47.12929936385337,SUP_1379,4,96.64,194,1.28,121.0
Product_2038,289.25251039128756,1052.54,304449.8372872458,C,2.98198464320915,5.549124015149929,SUP_1705,2,96.53,56,1.28,11.0
Product_0318,1373.9576489892618,221.21,303933.1715329146,C,17.614841653708485,25.882959775753218,SUP_1378,2,58.15,103,1.28,47.0
Product_1611,2542.0821085528632,119.28,303219.5539081855,C,110.52530906751579,84.75707563844092,SUP_1058,10,21.74,237,1.28,344.0
Product_1126,2197.219532661582,137.54,302205.57452227396,C,99.873615120981,151.3890442747319,SUP_1067,3,63.26,120,1.28,336.0
Product_0280,1823.1734096039274,164.55,300003.18455032626,C,39.634204556607116,43.69989616971507,SUP_1207,3,62.88,177,1.28,97.0
Product_0162,502.35885959626034,595.7,299255.1726614923,C,55.81765106625115,100.2860870719501,SUP_1251,8,98.05,1509,1.28,364.0
Product_0844,1851.1297258466252,161.42,298809.3603461622,C,29.383011521375003,69.76288747454663,SUP_1266,10,78.18,461,1.28,283.0
Product_0116,1029.9417435700727,289.26,297920.9487450792,C,32.18567948656477,30.28621125525313,SUP_1269,6,69.82,340,1.28,95.0
Product_1090,1180.7697868535756,250.74,296066.2163556656,C,196.79496447559595,52.22855267394007,SUP_1127,14,47.32,146,1.28,251.0
Product_1175,563.6339470870688,520.77,293523.65062453283,C,14.09084867717672,15.402803333783181,SUP_1589,3,71.41,473,1.28,35.0
Product_0873,588.7293023923696,496.58,292351.1969820029,C,147.1823255980924,186.34333305745054,SUP_1214,7,49.54,497,1.28,632.0
Product_1077,2043.1031052133505,142.74,291632.5372381537,C,255.38788815166882,179.1073830785113,SUP_1012,5,68.72,867,1.28,513.0
Product_0364,587.9831620273426,495.28,291216.3004889022,C,5.653684250262909,10.743696315333715,SUP_1637,2,48.22,87,1.28,20.0
Product_1834,308.24726903493143,938.67,289342.4640250191,C,5.137454483915524,7.597572810372699,SUP_1648,3,44.68,1470,1.28,17.0
Product_1328,850.0,338.58,287793.0,C,85.0,33.74742788552764,SUP_1203,9,42.72,108,1.28,130.0
Product_0104,805.441836297885,352.95,284280.69612133846,C,20.136045907447123,15.779877937832142,SUP_1346,6,49.78,785,1.28,50.0
Product_0325,860.6600654666057,328.49,282718.22490512533,C,5.412956386582426,6.855464092850192,SUP_1552,13,66.95,208,1.28,32.0
Product_1141,600.0,470.41,282246.0,C,40.0,44.11834733337788,SUP_1299,7,57.72,290,1.28,150.0
Product_0735,444.1203864014521,630.15,279862.46149087505,C,10.328381079103536,18.636552855093242,SUP_1684,4,76.78,43,1.28,48.0
Product_0671,613.5626909275707,454.35,278772.20862294175,C,11.576654545803219,23.52349744502562,SUP_1526,2,79.11,253,1.28,43.0
Product_2066,774.0,359.28,278082.72,C,48.375,134.43009335710514,SUP_1402,6,68.11,229,1.28,422.0
Product_0516,1684.2649434637333,164.32,276758.4155099606,C,17.363556118182817,24.372683406370363,SUP_1422,6,39.79,491,1.28,77.0
Product_0610,225.0,1228.95,276513.75,C,9.375,12.954141523416196,SUP_1662,3,69.66,142,1.28,29.0
Product_0773,1549.116099288925,178.33,276253.873986194,C,36.88371664973631,59.721814020436796,SUP_1242,10,40.9,247,1.28,242.0
Product_1671,835.7347863671027,329.12,275057.0328891409,C,6.52917801849299,9.378810275507808,SUP_1516,9,47.01,78,1.28,37.0
Product_1176,477.1699352017296,574.04,273914.6296032008,C,14.459695006113018,9.83162514311071,SUP_1535,9,37.79,177,1.28,38.0
Product_0292,567.8466676854292,481.32,273315.9580903508,C,13.84991872403486,23.000223397603328,SUP_1460,12,82.9,185,1.28,102.0
Product_0881,457.76710821572465,596.82,273204.56552530883,C,25.431506011984702,26.74880055037503,SUP_1302,6,57.92,266,1.28,84.0
Product_0161,209.0085476058121,1300.24,271761.2739389811,C,13.063034225363257,18.6096458529508,SUP_1658,8,55.86,347,1.28,68.0
Product_2154,1402.5881386711194,193.72,271709.37422336923,C,87.66175866694496,104.4249883997879,SUP_1107,5,60.25,153,1.28,299.0
Product_1656,926.8025356698962,292.66,271238.0300891519,C,12.357367142265282,17.27728928084863,SUP_1382,12,99.0,308,1.28,77.0
Product_0658,1919.6254699825924,140.66,270014.51860775147,C,25.940884729494492,61.26857844894773,SUP_1174,11,36.89,350,1.28,261.0
Product_1120,583.6823351526309,462.33,269853.85401111585,C,18.240072973519716,23.83360584059913,SUP_1492,14,40.35,152,1.28,115.0
Product_0534,1172.324558233692,229.48,269025.0396234676,C,27.263361819388184,54.218941275100704,SUP_1293,13,42.67,669,1.28,251.0
Product_0476,2051.420152603669,130.9,268530.8979758203,C,113.96778625575939,145.11254300405216,SUP_1005,13,59.29,758,1.28,670.0
Product_0687,863.3925574180548,310.3,267910.71056682244,C,78.49023249255043,72.61001195796963,SUP_1145,12,86.69,436,1.28,322.0
Product_0197,1111.5280026104624,240.01,266777.8359065371,C,27.78820006526156,48.75964413256803,SUP_1330,13,55.56,71,1.28,226.0
Product_0632,775.0492815892209,343.78,266446.4420247423,C,6.624352834095905,9.89363592035135,SUP_1667,2,40.73,195,1.28,18.0
Product_0827,491.1819824959987,540.29,265380.7133227631,C,11.980048353560944,25.79865936772725,SUP_1632,5,87.37,815,1.28,74.0
Product_1332,696.6518640132504,380.42,265020.3021079207,C,77.40576266813893,36.08447375449306,SUP_1314,11,88.27,788,1.28,154.0
Product_2065,583.9874880369517,453.15,264633.9302039447,C,25.390760349432686,43.88513435853866,SUP_1558,12,48.78,155,1.28,195.0
Product_0341,786.4661985246868,335.58,263922.32690091437,C,12.684938685882045,23.760282327473195,SUP_1465,13,46.22,118,1.28,110.0
Product_0711,390.47626376779596,669.45,261404.33477935102,C,6.732349375306827,6.748154296761648,SUP_1656,13,65.5,947,1.28,32.0
Product_1183,3163.583705168889,82.18,259983.30889077933,C,150.64684310328045,202.27225792037672,SUP_1024,11,96.89,93,1.28,859.0
Product_0709,788.6155295239575,327.99,258658.00752856286,C,34.287631718432934,25.351245101277485,SUP_1345,2,66.07,280,1.28,46.0
Product_2166,3007.631775693078,85.98,258596.18007409087,C,17.796637725994543,38.36502134695166,SUP_1283,4,56.38,159,1.28,99.0
Product_0274,1457.9852291117008,175.94,256517.92120991263,C,97.19901527411339,64.10136995207309,SUP_1180,5,59.78,229,1.28,184.0
Product_0876,1220.7670102331958,210.05,256422.1104994828,C,87.19764358808541,112.45055805801191,SUP_0936,12,64.79,149,1.28,499.0
Product_1914,439.228105625498,583.05,256091.9469849466,C,87.8456211250996,57.106673119825146,SUP_1374,6,61.73,368,1.28,180.0
Product_0686,1224.9504115573648,207.02,253589.23420060566,C,64.47107429249289,89.30212834339845,SUP_1114,12,74.43,275,1.28,396.0
Product_1322,900.0,280.93,252837.0,C,69.23076923076923,43.485924631145195,SUP_1206,13,61.86,213,1.28,201.0
Product_0586,2217.340541060471,113.61,251912.0588698801,C,76.46001865725762,59.24997472202917,SUP_1155,12,71.28,456,1.28,263.0
Product_0615,397.4006190775356,630.04,250378.28604361054,C,6.209384673086494,11.052325957666636,SUP_1562,3,76.97,117,1.28,25.0
Product_1094,613.4143929291796,408.14,250358.95033011536,C,6.667547749230213,7.861693284094741,SUP_1676,13,48.33,54,1.28,37.0
Product_0261,632.8706857804373,390.77,247306.87788242145,C,12.170590111162255,24.408057101153606,SUP_1344,5,51.17,377,1.28,70.0
Product_0315,915.6761320889694,269.7,246957.85282439506,C,26.162175202541984,36.414368106019225,SUP_1433,12,59.75,210,1.28,162.0
Product_1954,637.675992291263,382.47,243891.9367716394,C,5.142548324929541,5.411399950438067,SUP_1592,10,55.07,911,1.28,22.0
Product_2101,1117.6332852193327,216.2,241632.31626441973,C,53.22063262949204,142.76675981445072,SUP_1093,6,38.41,106,1.28,448.0
Product_1575,467.5535347726333,514.57,240589.02238795394,C,467.5535347726333,,SUP_1139,4,99.0,110,1.28,0.0
Product_0639,984.9163067761604,244.06,240378.6738317897,C,4.66784979514768,9.39819449336803,SUP_1541,2,62.47,296,1.28,18.0
Product_1957,1470.0824518098598,163.21,239932.15695988722,C,35.00196313833,22.025718662782346,SUP_1380,11,78.51,1248,1.28,94.0
Product_0504,274.1901562206843,874.62,239812.1944337349,C,11.921311140029752,17.41163084045307,SUP_1614,10,66.47,234,1.28,71.0
Product_1123,417.63240637201636,562.78,235035.16565804335,C,18.157930711826797,20.88195980095476,SUP_1495,7,67.43,157,1.28,71.0
Product_1049,1049.828216312985,223.47,234605.11149946274,C,55.25411664805184,36.98885217158854,SUP_1197,2,30.19,102,1.28,67.0
Product_0210,2298.9751430179754,100.8,231736.69441621192,C,69.66591342478713,87.23203041295073,SUP_1287,10,94.26,66,1.28,354.0
Product_1069,613.3057617164534,377.1,231277.6027432746,C,613.3057617164534,,SUP_1056,7,59.99,515,1.28,0.0
Product_0819,330.27733048955923,698.95,230847.34014567744,C,3.7962911550524048,4.18851372648686,SUP_1640,6,56.28,772,1.28,14.0
Product_0529,344.7334291078553,668.05,230299.1673155027,C,7.334753810805432,8.129407396168093,SUP_1738,9,43.24,354,1.28,32.0
Product_1333,2179.070631458328,105.38,229630.4631430786,C,83.81040890224338,43.95335903126172,SUP_1129,13,73.23,201,1.28,203.0
Product_0747,346.6316567123863,661.89,229432.02726136136,C,5.17360681660278,5.716850381196769,SUP_1763,2,69.12,139,1.28,11.0
Product_0281,848.2450410724579,269.91,228949.8190358671,C,28.274834702415262,44.64117675721422,SUP_1386,13,71.55,888,1.28,207.0
Product_0289,1291.596988558426,176.38,227811.87684193515,C,18.994073361153323,34.94589177540603,SUP_1381,11,55.27,146,1.28,149.0
Product_1321,902.8787834989719,251.49,227064.98526215644,C,100.3198648332191,50.009207368281416,SUP_1331,12,57.99,551,1.28,222.0
Product_0430,825.0200657954142,274.13,226162.7506364969,C,39.28666979978163,109.11022537981145,SUP_1264,8,49.23,79,1.28,396.0
Product_0967,322.4165801636505,699.99,225688.38194875373,C,18.96568118609709,21.993353249426363,SUP_1536,4,21.29,46,1.28,57.0
Product_2129,556.9365787780621,400.69,223158.9177505817,C,79.562368396866,108.94555593988666,SUP_1187,3,68.18,184,1.28,242.0
Product_1323,1046.154500424786,210.87,220602.5995045746,C,80.47342310959893,38.25142067214115,SUP_1210,13,60.67,290,1.28,177.0
Product_0298,493.93443760225716,443.93,219272.31488477002,C,23.52068750486939,34.82684875031273,SUP_1315,2,48.76,101,1.28,64.0
Product_0710,431.96271018780465,500.19,216063.428008838,C,26.99766938673779,21.384774031227625,SUP_1474,11,80.71,147,1.28,91.0
Product_0888,1350.0,159.4,215190.0,C,90.0,142.92855358035158,SUP_1008,14,24.08,468,1.28,685.0
Product_0464,1451.36231022688,147.32,213814.69554262396,C,48.378743674229334,83.9020488173984,SUP_1277,2,88.84,713,1.28,152.0
Product_0119,717.2001811004488,297.92,213668.27795344574,C,13.532078888687714,21.843963621644,SUP_1502,9,71.94,750,1.28,84.0
Product_1836,307.19405817877384,691.5,212424.69123062212,C,5.585346512341343,7.589067612617103,SUP_1775,3,72.38,325,1.28,17.0
Product_0918,439.79044919055383,465.37,204665.28133980805,C,48.865605465617094,33.25323171581843,SUP_1525,8,99.0,1050,1.28,121.0
Product_1057,863.7686531618804,236.47,204255.37341318984,C,43.188432658094015,35.75342407179552,SUP_1340,12,30.9,2414,1.28,159.0
Product_0303,893.526445994934,226.3,202205.03472865355,C,35.74105783979736,42.151737483352726,SUP_1449,8,55.89,765,1.28,153.0
Product_0485,431.6998867494409,467.91,201996.6940089309,C,19.622722124974587,33.138474366809355,SUP_1487,13,58.14,784,1.28,153.0
Product_0234,380.60910154615095,530.6,201951.1892803877,C,95.15227538653774,137.43808332048238,SUP_1372,12,52.06,199,1.28,610.0
Product_0786,859.5748123825728,233.99,201131.9103493982,C,8.595748123825727,9.357519188405986,SUP_1458,12,54.04,272,1.28,42.0
Product_1340,1305.1114403322567,152.82,199447.13031157546,C,100.3931877178659,40.83659818883491,SUP_1301,9,98.51,85,1.28,157.0
Product_0159,239.10997098083715,829.96,198451.71151525562,C,7.970332366027905,17.776473157608986,SUP_1596,2,60.39,162,1.28,33.0
Product_1908,474.5160518003447,416.34,197560.0130065555,C,2.2488912407599275,6.495099380096942,SUP_1706,7,38.62,58,1.28,22.0
Product_1337,702.325294699081,281.19,197486.8496164346,C,100.33218495701158,0.8788787855293329,SUP_1338,6,61.6,250,1.28,3.0
Product_0491,358.11615280452713,550.59,197175.1725726446,C,10.532828023662562,13.76518915540056,SUP_1664,7,99.0,140,1.28,47.0
Product_0955,362.41306024395874,543.99,197149.0806421111,C,8.83934293277948,13.76802678488693,SUP_1608,12,72.53,676,1.28,62.0
Product_1816,298.14711071835524,660.47,196917.2222161521,C,3.3880353490722186,5.427561491699852,SUP_1822,14,71.03,336,1.28,26.0
Product_0771,812.9554214007792,241.85,196613.26866577845,C,42.78712744214627,38.028926704587406,SUP_1464,14,84.8,101,1.28,183.0
Product_0823,204.77063013667765,951.66,194872.01787587066,C,2.8840933822067276,2.169982607555842,SUP_1850,12,53.25,370,1.28,10.0
Product_0843,1042.7763019020622,186.46,194436.06925265852,C,18.959569125492038,34.745195060456886,SUP_1307,8,47.64,143,1.28,126.0
Product_0810,325.0,594.8,193309.99999999997,C,32.5,12.0761472884912,SUP_1601,12,70.59,887,1.28,54.0
Product_0761,855.7617223851047,225.87,193290.9002351236,C,25.932173405609234,19.891804301578812,SUP_1362,4,80.81,49,1.28,51.0
Product_0840,907.0,212.6,192828.19999999998,C,22.675,37.25338566613434,SUP_1459,10,93.58,285,1.28,151.0
Product_0496,277.747107509935,692.59,192364.8691903059,C,8.169032573821617,19.32523205870303,SUP_1551,2,50.35,262,1.28,35.0
Product_1777,742.7480247656898,253.78,188494.59372503677,C,12.176197127306391,28.582549320476243,SUP_1514,9,99.0,88,1.28,110.0
Product_0172,651.359234627955,288.76,188086.49259116827,C,5.868101212864459,6.4094754518381105,SUP_1642,5,55.09,838,1.28,19.0
Product_0114,311.672115407089,600.1,187034.43645579412,C,51.94535256784817,2.486996596871243,SUP_1456,3,76.73,181,1.28,6.0
Product_0533,813.9450805186358,229.47,186775.97762661136,C,13.343361975715341,32.36006648698848,SUP_1413,14,42.74,75,1.28,155.0
Product_0544,216.78154635515108,857.54,185898.84726139624,C,6.375927833975032,7.94753108597658,SUP_1687,5,77.47,1696,1.28,23.0
Product_0848,553.0586183469917,332.75,184030.2552549615,C,21.271485321038142,28.60656127861487,SUP_1518,14,90.24,259,1.28,138.0
Product_2069,690.0,266.46,183857.4,C,30.0,45.47926600511091,SUP_1430,2,41.69,228,1.28,83.0
Product_0481,623.6017270941079,294.07,183382.5598865643,C,24.944069083764315,46.45995418785645,SUP_1521,11,72.77,108,1.28,198.0
Product_2124,506.20988201003877,360.19,182331.73740119586,C,14.061385611389966,14.740063394743117,SUP_1567,4,59.96,602,1.28,38.0
Product_1331,800.0,227.1,181680.0,C,88.88888888888889,54.64532103585001,SUP_1309,10,78.65,50,1.28,222.0
Product_0222,2092.249015508243,86.81,181628.13703627055,C,40.23555799054313,53.322822161093406,SUP_1205,9,57.25,173,1.28,205.0
Product_0818,409.04228572152675,443.68,181483.881328927,C,4.398304147543298,4.58778475157304,SUP_1742,4,82.51,159,1.28,12.0
Product_0169,353.1721211090807,507.91,179379.6520325132,C,11.392649068034862,9.691103954070151,SUP_1569,7,63.5,383,1.28,33.0
Product_0124,369.42204692583215,484.95,179151.2216566823,C,11.544438966432255,22.803352370430343,SUP_1570,5,93.44,697,1.28,66.0
Product_1317,702.4743488312397,253.25,177901.62884151144,C,100.35347840446282,0.9352159520405189,SUP_1291,3,42.4,512,1.28,3.0
Product_1926,173.19158454632094,1022.47,177083.19945107677,C,2.309221127284279,2.4309348546886,SUP_1790,2,66.5,439,1.28,5.0
Product_1674,319.1897722290251,554.77,177076.90993949625,C,2.7516359674915956,2.1125152152061277,SUP_1749,6,84.13,197,1.28,7.0
Product_0133,361.81242690265327,486.98,176195.4156530541,C,12.921872389380473,22.96651602205983,SUP_1573,4,74.94,342,1.28,59.0
Product_0970,390.60718543349174,449.8,175695.1120079846,C,35.50974413031743,35.74714296083428,SUP_1383,3,39.95,1750,1.28,80.0
Product_1182,457.76664009243007,382.46,175077.4291697508,C,152.58888003081003,6.632147197322462,SUP_1160,5,33.07,205,1.28,19.0
Product_0602,447.44711656569774,390.61,174777.3182017272,C,27.96544478535611,23.313283258134614,SUP_1527,14,79.5,126,1.28,112.0
Product_2078,932.7119133449098,187.0,174417.12779549815,C,46.63559566724549,78.29513260653458,SUP_1395,10,30.54,585,1.28,317.0
Product_0317,1823.3194410179385,95.49,174108.77342280294,C,40.51820980039864,63.20826938123026,SUP_1284,13,84.45,83,1.28,292.0
Product_0452,334.4838252370621,519.66,173817.86462269168,C,14.542775010307048,16.92984468465521,SUP_1397,2,50.86,144,1.28,31.0
Product_0369,295.3117320260559,586.13,173091.06549243213,C,36.91396650325699,28.785494777920825,SUP_1447,14,43.6,539,1.28,138.0
Product_1684,121.14463876342342,1421.29,172181.66362806608,C,3.671049659497679,5.478304730977468,SUP_1793,14,75.51,474,1.28,27.0
Product_0737,300.32140482471624,572.72,172000.0749712115,C,7.700548841659391,5.553587003695908,SUP_1732,13,62.99,809,1.28,26.0
Product_1138,1781.1669358958984,96.17,171294.82422510855,C,55.661466746746825,50.28543062107632,SUP_1137,8,77.7,655,1.28,183.0
Product_2104,465.80056067826644,367.18,171032.64986984586,C,23.290028033913323,34.88520995180357,SUP_1600,9,99.0,185,1.28,134.0
Product_0058,263.995326064078,645.63,170443.30236675066,C,1.6814988921278853,5.292718420480904,SUP_1821,14,57.52,397,1.28,26.0
Product_0493,253.48947086815986,672.23,170403.2270017031,C,5.069789417363197,6.7341507209180325,SUP_1650,9,77.34,346,1.28,26.0
Product_0622,546.5311079147393,311.29,170129.6685827792,C,16.07444435043351,21.39757515836611,SUP_1429,4,47.64,129,1.28,55.0
Product_0523,306.0,554.65,169722.9,C,102.0,73.72923436466705,SUP_1445,2,99.0,391,1.28,134.0
Product_0785,634.9327505700232,265.41,168517.5013287899,C,8.037123424937002,15.404295784646331,SUP_1452,8,62.74,340,1.28,56.0
Product_0699,300.0,558.86,167658.0,C,30.0,15.811388300841896,SUP_1532,14,46.75,343,1.28,76.0
Product_0299,463.2449340787058,361.24,167342.5999865917,C,24.381312319931883,35.561854888987014,SUP_1394,3,78.79,711,1.28,79.0
Product_0316,1759.379904632056,94.85,166877.1839543505,C,48.87166401755711,70.11066190396689,SUP_1272,8,63.62,285,1.28,254.0
Product_1764,384.8942273677722,433.51,166855.49650620294,C,7.5469456346622,7.911091787343806,SUP_1654,3,80.98,100,1.28,18.0
Product_0505,1379.5179401120236,119.66,165073.11671380475,C,10.450893485697149,18.24158004789082,SUP_1493,11,48.29,93,1.28,78.0
Product_1336,800.0,204.34,163472.0,C,114.28571428571429,37.79644730092272,SUP_1253,9,63.47,73,1.28,146.0
Product_1595,703.3712928033921,231.31,162696.81373835262,C,100.48161325762744,77.36914364556122,SUP_1029,3,65.91,90,1.28,172.0
Product_2077,569.7683949034631,285.25,162526.43464621285,C,23.740349787644295,30.81030598500578,SUP_1534,10,67.78,340,1.28,125.0
Product_0216,308.0,526.79,162251.31999999998,C,16.210526315789473,20.681658399462233,SUP_1523,9,31.07,120,1.28,80.0
Product_0793,505.56678111265853,319.98,161771.25862042847,C,9.362347798382565,8.361888819990297,SUP_1659,10,77.61,201,1.28,34.0
Product_0247,635.8082998697483,253.41,161120.18126999293,C,52.984024989145695,68.13806488163587,SUP_1327,8,76.02,335,1.28,247.0
Product_1334,942.2765941156447,170.47,160629.89099889394,C,67.30547100826034,41.66237512472351,SUP_1241,9,99.0,66,1.28,160.0
Product_0782,302.46955922321257,529.89,160275.5947367881,C,5.930775671043384,5.4446010429400005,SUP_1619,10,68.39,372,1.28,23.0
Product_0342,588.9003747680548,268.51,158125.63962897038,C,8.412862496686497,21.84532593655385,SUP_1588,11,71.02,220,1.28,93.0
Product_0789,231.97334820589938,681.07,157990.08826259192,C,7.99908097261722,7.603847229756731,SUP_1672,12,83.59,834,1.28,34.0
Product_0643,348.29811954765927,449.04,156399.78760168093,C,1.7414905977382964,6.0881202820001,SUP_1747,13,35.88,101,1.28,29.0
Product_1044,1624.9122632071235,96.16,156251.563229997,C,95.58307430630138,66.09861185903594,SUP_1110,7,19.12,837,1.28,224.0
Product_0291,859.6798672304742,181.66,156169.44468108795,C,40.937136534784486,75.11419099287183,SUP_1375,14,36.8,1078,1.28,360.0
Product_0454,600.6754343535574,258.2,155094.3971500885,C,9.241160528516268,15.145909595421928,SUP_1475,4,10.63,219,1.28,39.0
Product_0621,710.1511828114163,215.2,152824.5345410168,C,2.852012782375166,9.268735281959632,SUP_1655,3,58.04,83,1.28,21.0
Product_1779,1049.3448087341417,145.32,152490.78760524545,C,47.69749130609735,106.93488059900386,SUP_1359,4,69.04,1018,1.28,274.0
Product_0730,765.6980780101474,199.12,152465.80129338056,C,36.46181323857844,24.354253464411073,SUP_1481,2,92.2,1588,1.28,45.0
Product_0746,624.0789290418851,243.84,152175.40605757327,C,34.67105161343806,20.671006952035047,SUP_1467,6,85.86,632,1.28,65.0
Product_0798,245.21509193970343,615.85,151015.71437106637,C,6.811530331658428,16.928783401789325,SUP_1702,10,69.83,195,1.28,69.0
Product_0803,140.37847867915815,1059.87,148782.93819767932,C,3.5994481712604656,2.512741862197588,SUP_1891,13,62.06,152,1.28,12.0
Product_0460,403.66188829011287,363.3,146650.364015798,C,9.387485774188672,17.983579295905997,SUP_1629,5,87.84,384,1.28,52.0
Product_0708,694.0222068347684,211.14,146535.848751093,C,33.04867651594135,32.05134886893498,SUP_1311,4,49.41,884,1.28,83.0
Product_0134,177.0,824.51,145938.27,C,13.615384615384615,24.14379996858566,SUP_1515,3,76.37,210,1.28,54.0
Product_0703,295.2593501379373,493.97,145849.2611876369,C,5.678064425729564,9.347980382014685,SUP_1699,6,57.75,598,1.28,30.0
Product_1130,1015.2576497297762,142.95,145131.0810288715,C,101.52576497297761,38.579595538730956,SUP_1088,12,34.55,142,1.28,172.0
Product_0898,337.61387805250234,429.03,144846.48210086508,C,37.512653116944705,69.59706488719416,SUP_0998,6,37.93,327,1.28,219.0
Product_2092,426.9163227406532,338.7,144596.55851225922,C,17.78818011419388,16.705349010496057,SUP_1574,11,70.88,87,1.28,71.0
Product_1658,402.1166535375046,355.48,142944.42799951215,C,9.574206036607253,15.073809955034998,SUP_1548,9,28.56,611,1.28,58.0
Product_2131,230.19877336890804,619.04,142502.24866628883,C,3.3852760789545298,5.444025017120575,SUP_1544,4,67.81,412,1.28,14.0
Product_0805,142.46818133457867,991.06,141194.51579344753,C,2.90751390478732,2.15455287234536,SUP_1871,5,71.13,414,1.28,7.0
Product_0502,385.916909992742,365.31,140979.30638944858,C,5.145558799903227,11.162979054898084,SUP_1673,10,69.1,394,1.28,46.0
Product_1794,173.95452493913933,810.18,140934.4770151919,C,1.8505800525440355,1.933383818964709,SUP_1838,9,55.76,332,1.28,8.0
Product_0815,586.9775103773118,238.97,140270.0156548662,C,5.869775103773118,7.725044181059684,SUP_1546,13,82.06,288,1.28,36.0
Product_0696,306.7639283733716,456.41,140010.12454889054,C,30.676392837337158,15.718129555821749,SUP_1565,5,77.58,499,1.28,45.0
Product_0678,549.8704758526384,254.26,139810.06719029183,C,42.297728911741416,59.19721267707756,SUP_1249,9,39.2,326,1.28,228.0
Product_0760,497.41554165069147,280.22,139385.78308135679,C,35.52968154647796,22.911202374541553,SUP_1468,14,80.43,120,1.28,110.0
Product_0628,617.4472176416743,223.5,137999.45314291422,C,4.749593981859033,7.063912459844322,SUP_1604,13,61.1,352,1.28,33.0
Product_0764,257.950028117435,527.83,136153.76334122574,C,4.776852372545092,5.239377926020986,SUP_1611,2,72.17,952,1.28,10.0
Product_0679,620.0,209.22,129716.4,C,68.88888888888889,47.02245326555295,SUP_1244,6,94.34,451,1.28,148.0
Product_1056,752.2380995247382,171.96,129354.863594274,C,34.1926408874881,26.192949910693645,SUP_1455,8,30.4,46,1.28,95.0
Product_1727,331.21471629705496,390.52,129345.9710083259,C,12.73902754988673,15.656966023654487,SUP_1401,4,28.91,23,1.28,41.0
Product_0688,610.0,211.84,129222.40000000001,C,46.92307692307692,72.27085804857255,SUP_1235,10,43.21,955,1.28,293.0
Product_0680,462.6683664041355,278.28,128751.35300294281,C,46.26683664041355,48.83959583572549,SUP_1194,10,77.09,1306,1.28,198.0
Product_0762,706.5900060360359,182.17,128719.50139958465,C,27.17653869369369,16.738106062882178,SUP_1265,7,65.37,137,1.28,57.0
Product_2134,611.3447148520066,210.45,128657.4952406048,C,33.963595269555924,67.01212036963041,SUP_1498,2,63.78,184,1.28,122.0
Product_0137,296.32443076272244,433.84,128557.3910420995,C,15.596022671722233,16.057599045321812,SUP_1549,9,77.35,170,1.28,62.0
Product_0701,400.88986085668205,320.23,128376.9601421353,C,33.4074884047235,26.992095198271077,SUP_1439,9,44.53,440,1.28,104.0
Product_2170,230.25415606604645,556.46,128127.22768451221,C,6.772181060766072,7.16190399872351,SUP_1789,8,81.81,136,1.28,26.0
Product_0657,150.99373138782403,845.79,127708.98807050768,C,5.206680392683587,3.71419887981922,SUP_1784,10,79.81,215,1.28,16.0
Product_1319,500.0,254.06,127030.0,C,62.5,51.75491695067657,SUP_1323,13,49.54,611,1.28,239.0
Product_1786,668.8662106758524,189.39,126676.57163989967,C,4.6449042408045305,6.268884648183636,SUP_1651,9,99.0,26,1.28,25.0
Product_1666,238.19478374029663,530.62,126390.9161482762,C,5.671304374768967,8.197642490614115,SUP_1817,4,55.53,104,1.28,21.0
Product_0375,1792.616474901158,70.28,125985.08585605338,C,74.69235312088158,42.778147663463386,SUP_1226,8,99.0,182,1.28,155.0
Product_0951,1169.0278022699035,107.74,125951.05541655941,C,13.91699764607028,13.371099049522929,SUP_1497,14,21.13,385,1.28,65.0
Product_0535,102.94379212363772,1221.39,125734.51826188988,C,20.588758424727544,24.00958830506216,SUP_1615,3,85.98,375,1.28,54.0
Product_1959,312.58556482489445,402.15,125706.2848943313,C,16.451871832889182,13.147444698471935,SUP_1616,7,75.95,766,1.28,45.0
Product_2057,431.7820071106332,289.05,124806.58915532852,C,10.280523978824599,12.814584518319625,SUP_1512,12,62.21,433,1.28,57.0
Product_1084,494.0,251.18,124082.92,C,247.0,145.6639969244288,SUP_1295,11,65.66,709,1.28,619.0
Product_0728,972.493729267811,127.1,123603.95298993877,C,26.283614304535433,13.927211793921398,SUP_1463,6,94.8,82,1.28,44.0
Product_0395,245.23916487225856,503.54,123487.72907977708,C,5.7032363923781055,6.802878892076929,SUP_1681,7,68.57,406,1.28,24.0
Product_0817,567.9796446761814,217.28,123410.61719524069,C,4.9822775848787835,6.257758696267004,SUP_1690,14,45.74,380,1.28,30.0
Product_0878,335.28057265833,366.84,122994.32527398177,C,27.940047721527502,28.70807976471493,SUP_1462,3,63.61,269,1.28,64.0
Product_1079,500.4125738676581,244.88,122541.03108871212,C,100.08251477353163,106.11478874375008,SUP_1209,6,60.64,425,1.28,333.0
Product_0267,186.8860537177762,655.65,122531.84112005997,C,3.737721074355524,9.709024147544154,SUP_1881,6,57.61,571,1.28,31.0
Product_1752,408.8720138284158,298.87,122199.57877289863,C,4.259083477379331,4.665126903168495,SUP_1646,6,74.22,743,1.28,15.0
Product_1750,200.84139886046626,608.31,122173.83134081021,C,3.7192851640827085,4.079833661702862,SUP_1764,9,81.62,484,1.28,16.0
Product_0775,312.20568776662276,389.31,121544.7963044239,C,4.397263207980602,4.102434430243301,SUP_1813,11,53.42,206,1.28,18.0
Product_2064,237.3073382021887,504.88,119811.72891152103,C,16.950524157299192,11.180168848186618,SUP_1605,6,55.07,127,1.28,36.0
Product_1892,509.38451871744763,235.05,119730.83112453607,C,10.395602422805053,24.938833893537595,SUP_1530,11,60.61,483,1.28,106.0
Product_0538,467.0410492504534,255.9,119515.80450319103,C,8.981558639431796,12.484622586745186,SUP_1591,3,49.17,37,1.28,28.0
Product_1871,189.8712971233411,628.51,119336.0089549911,C,4.415611561007933,5.841130601607935,SUP_1624,3,40.1,481,1.28,13.0
Product_0702,457.2377593484679,258.67,118273.6912106682,C,32.65983995346199,26.64721241996156,SUP_1451,10,66.51,396,1.28,108.0
Product_0151,240.79810237662744,490.76,118174.07672235368,C,9.631924095065097,21.786672928737786,SUP_1488,6,43.8,620,1.28,69.0
Product_0157,531.018066986065,222.37,118082.48755569129,C,17.700602232868835,47.10983253651348,SUP_1391,4,67.37,125,1.28,121.0
Product_0180,430.44602870979685,271.99,117077.01534877766,C,16.55561648883834,42.20348228445799,SUP_1352,6,46.01,457,1.28,133.0
Product_0668,327.518766794607,356.03,116606.50654188392,C,9.357679051274486,23.096198642747357,SUP_1625,8,95.03,53,1.28,84.0
Product_0733,1313.7693774771833,88.01,115624.84291176691,C,12.512089309306507,18.007185403114224,SUP_1444,6,46.23,121,1.28,57.0
Product_0233,885.0345981567102,130.23,115258.05571794836,C,177.00691963134204,186.97103030491058,SUP_1170,3,60.92,106,1.28,415.0
Product_2171,267.75298869960915,428.34,114689.31517959057,C,2.5745479682654726,3.958235337528563,SUP_1718,10,72.46,588,1.28,17.0
Product_0754,432.49836723901086,265.11,114659.64213873417,C,7.723185129268051,11.22385573154701,SUP_1636,12,39.46,129,1.28,50.0
Product_0988,872.9637328557643,129.68,113205.93687673552,C,96.99597031730714,100.40526753617311,SUP_1262,14,71.4,230,1.28,481.0
Product_0365,215.50982534170404,522.81,112670.69178689628,C,2.798828900541611,2.8605479527702897,SUP_1842,13,38.04,523,1.28,14.0
Product_0173,459.32807251294446,244.65,112374.61294029186,C,15.838899052170499,26.07270833430653,SUP_1520,13,34.31,854,1.28,121.0
Product_1627,1341.4392573942685,82.57,110762.63948304474,C,134.14392573942683,115.08855537250713,SUP_1019,14,73.5,178,1.28,552.0
Product_0966,596.6117414574138,183.54,109502.11902709372,C,19.24554004701335,14.463413421299098,SUP_1545,4,80.09,182,1.28,38.0
Product_1024,344.6367078910453,316.95,109232.60456606682,C,9.3145056186769,22.307152153748568,SUP_1581,5,79.52,213,1.28,64.0
Product_1851,87.32692568162437,1248.62,109038.14594458982,C,2.6462704752007387,3.5648689090572305,SUP_1900,11,27.82,574,1.28,16.0
Product_1723,547.7831375393241,199.0,109008.8443703255,C,45.648594794943676,85.59639992048132,SUP_1417,8,59.12,440,1.28,310.0
Product_1327,800.0,136.22,108976.0,C,100.0,0.0,SUP_1261,10,64.65,290,1.28,0.0
Product_1913,466.5381532027417,230.27,107429.74053799533,C,38.878179433561805,55.70121150136647,SUP_1358,7,70.67,371,1.28,189.0
Product_0972,378.61926457687036,280.26,106111.83509031369,C,37.861926457687034,33.163771886444096,SUP_1328,13,44.47,1169,1.28,154.0
Product_0847,504.3191846152818,210.3,106058.32452459377,C,12.931261143981585,18.091075274193052,SUP_1466,2,36.53,335,1.28,33.0
Product_1688,571.6372101245761,185.13,105827.19671036277,C,4.298024136275008,8.32560192753806,SUP_1669,11,63.27,78,1.28,36.0
Product_0842,1878.257655131856,56.34,105821.03629012877,C,42.68767398026945,63.88725942569662,SUP_1324,10,55.86,97,1.28,259.0
Product_1747,200.0,528.83,105766.00000000001,C,200.0,,SUP_1353,3,97.83,384,1.28,0.0
Product_1917,129.80996887296584,814.07,105674.4013604153,C,8.113123054560365,4.963272210894927,SUP_1796,13,76.58,278,1.28,23.0
Product_2153,515.4661730015315,202.41,104335.50807724,C,64.43327162519144,58.852514653077506,SUP_1278,10,68.04,530,1.28,239.0
Product_0956,237.58957761104898,433.35,102959.44345774809,C,3.1678610348139866,2.9932224334102333,SUP_1805,6,71.1,252,1.28,10.0
Product_0048,578.2906507683032,176.85,102270.70158837442,C,22.2419481064732,23.366278459883958,SUP_1400,13,40.1,486,1.28,108.0
Product_0783,410.5143066482538,248.86,102160.59035248445,C,20.52571533241269,31.23295395820245,SUP_1593,12,53.2,102,1.28,139.0
Product_1912,270.0,376.9,101763.0,C,270.0,,SUP_1348,4,41.52,87,1.28,0.0
Product_0913,636.9350118967467,158.96,101247.18949110685,C,42.46233412644978,32.33478641678276,SUP_1440,9,50.07,443,1.28,125.0
Product_1168,92.07533253871235,1090.38,100397.10109356117,C,1.6442023667627204,2.419190766155707,SUP_1934,6,57.52,258,1.28,8.0
Product_0814,282.8496371917176,353.99,100125.94306949612,C,7.252554799787631,13.82955871398203,SUP_1724,4,26.71,167,1.28,36.0
Product_0960,148.99987710312774,671.92,100115.9974231336,C,2.4426209361168483,1.806767289677514,SUP_1864,6,54.14,227,1.28,6.0
Product_0820,358.7704495216767,275.02,98669.04902745152,C,4.171749413042752,3.169175369262288,SUP_1756,4,15.64,214,1.28,9.0
Product_1929,61.863952141459315,1581.95,97865.67909018157,C,2.1332397290158385,1.438959593666182,SUP_1924,9,21.7,922,1.28,6.0
Product_2063,128.62455934041424,759.19,97650.4792056491,C,9.894196872339556,7.754070113864915,SUP_1609,13,42.88,107,1.28,36.0
Product_0125,199.58191679079812,485.37,96871.07495274968,C,2.9350281880999725,3.220086274221033,SUP_1830,10,89.49,369,1.28,14.0
Product_0875,1250.0,77.13,96412.5,C,113.63636363636364,151.807294111497,SUP_1003,6,70.8,355,1.28,476.0
Product_0691,323.07986389993727,296.13,95673.64009668842,C,64.61597277998746,80.16069725575342,SUP_1437,2,75.96,254,1.28,146.0
Product_1122,490.7002220134932,194.14,95264.54110169956,C,17.525007929053327,18.75689581998154,SUP_1406,7,89.12,242,1.28,64.0
Product_0722,186.09605505182213,510.84,95065.30876267281,C,5.317030144337775,5.42811685652109,SUP_1707,13,66.74,217,1.28,26.0
Product_1318,1050.0,90.22,94731.0,C,95.45454545454545,47.193990372426946,SUP_1317,9,73.74,747,1.28,182.0
Product_0772,456.75840129654745,206.07,94124.20375517954,C,30.450560086436496,13.951566499980654,SUP_1508,9,70.15,413,1.28,54.0
Product_2085,534.6376569153514,175.81,93994.64646228793,C,26.73188284576757,28.549180002409226,SUP_1578,9,40.02,288,1.28,110.0
Product_0794,605.8573569914497,154.74,93750.36742085693,C,9.771892854700802,10.946106079362464,SUP_1500,14,76.04,133,1.28,53.0
Product_0343,180.62954088474282,514.58,92948.34914847097,C,45.157385221185706,25.813829025728324,SUP_1547,11,54.69,136,1.28,110.0
Product_0717,443.53422133555654,208.65,92543.41528166387,C,27.720888833472284,37.494899478619026,SUP_1555,5,58.73,707,1.28,108.0
Product_0305,170.0,541.78,92102.59999999999,C,11.333333333333334,15.055453054181621,SUP_1618,11,62.74,578,1.28,64.0
Product_2165,440.5670206281109,207.99,91633.5346204408,C,9.790378236180242,13.438085635516863,SUP_1683,10,25.27,334,1.28,55.0
Product_1802,187.07465676295794,484.79,90691.92285211438,C,2.562666530999424,2.2813829486779107,SUP_1853,12,77.05,512,1.28,11.0
Product_2061,150.97324736283417,599.83,90558.28296564883,C,12.581103946902848,6.761670457606205,SUP_1597,10,69.21,85,1.28,28.0
Product_0587,60.0,1492.77,89566.2,C,30.0,42.42640687119285,SUP_1442,4,40.28,90,1.28,109.0
Product_2067,169.59757747047627,527.63,89484.7698007474,C,9.976328086498604,9.048397052065281,SUP_1649,12,2.0,538,1.28,41.0
Product_1710,339.1246665559293,262.83,89132.13611089489,C,5.559420763211956,6.558943903751055,SUP_1698,6,77.04,242,1.28,21.0
Product_2162,276.4582381815855,320.83,88696.09655579807,C,23.038186515132125,18.16991374483552,SUP_1448,5,81.64,308,1.28,53.0
Product_1181,120.1594730382631,736.36,88480.62956645542,C,4.62151819377935,5.749910623517891,SUP_1886,6,61.33,286,1.28,19.0
Product_0346,200.82327033670808,439.11,88183.50623755189,C,3.462470178219105,6.889826176431018,SUP_1606,5,30.73,108,1.28,20.0
Product_0634,153.53733279261766,562.89,86424.62925563655,C,9.596083299538604,10.01216044362478,SUP_1626,10,39.17,485,1.28,41.0
Product_1770,198.17970344773084,435.4,86287.44288114201,C,2.2019967049747873,3.722811067762478,SUP_1808,12,40.99,372,1.28,17.0
Product_0006,982.5439735525571,87.63,86100.32840241057,C,122.81799669406963,101.8740256989699,SUP_1051,5,51.85,288,1.28,292.0
Product_0776,453.7139446380191,188.78,85652.11846876524,C,12.603165128833863,27.735385989958708,SUP_1560,12,91.48,945,1.28,123.0
Product_0497,138.98250133518547,615.92,85602.10222236744,C,3.1586932121633065,4.560287867773497,SUP_1765,5,89.22,155,1.28,14.0
Product_1754,119.8905051280344,710.64,85198.98856418637,C,2.4977188568340503,3.0635308498981155,SUP_1832,5,61.33,656,1.28,9.0
Product_0490,210.0,400.16,84033.6,C,26.25,16.850180160122072,SUP_1644,14,29.85,132,1.28,81.0
Product_1657,153.55510074003826,542.27,83268.32447830054,C,7.312147654287536,6.539771322424225,SUP_1755,14,38.5,201,1.28,32.0
Product_2049,563.3883801742123,146.97,82801.19023420398,C,35.21177376088827,50.27144313587321,SUP_1369,2,93.53,175,1.28,92.0
Product_0290,375.1343730049201,219.05,82173.18440672776,C,9.618830077049234,12.846641597809608,SUP_1598,9,68.8,263,1.28,50.0
Product_0508,320.5213006760883,254.85,81684.8534773011,C,9.42709707870848,17.35901187768182,SUP_1595,7,63.87,209,1.28,59.0
Product_1758,136.99512104152572,591.44,81024.39438879998,C,3.2617885962268027,4.492234543077802,SUP_1722,4,43.28,1542,1.28,12.0
Product_0748,360.1514751505084,224.8,80962.0516138343,C,7.503155732302258,14.50762844938602,SUP_1559,12,45.3,558,1.28,65.0
Product_1144,76.85032163835984,1032.33,79334.89253692802,C,1.670659166051301,1.8577844469554043,SUP_1910,2,61.67,467,1.28,4.0
Product_0900,388.6485563275262,203.12,78942.29476124712,C,38.86485563275262,20.559959347596603,SUP_1366,9,67.81,68,1.28,79.0
Product_0170,147.3694620606923,531.67,78351.92189380828,C,14.73694620606923,7.879459927072218,SUP_1677,14,75.72,130,1.28,38.0
Product_0732,500.9245558244467,156.41,78349.6097765017,C,9.822050114204837,19.423467311141962,SUP_1427,3,73.58,294,1.28,44.0
Product_1844,304.1124394726426,256.86,78114.32120294299,C,6.206376315768217,4.66339437692652,SUP_1685,11,63.2,193,1.28,20.0
Product_1061,166.19814325309935,468.54,77870.47803980717,C,9.776361367829374,10.765711866205624,SUP_1711,11,45.77,35,1.28,46.0
Product_1699,320.14628004234095,243.09,77824.35921549266,C,4.778302687199119,5.928470161185027,SUP_1653,4,31.15,210,1.28,16.0
Product_1645,157.98186882880935,492.55,77813.96949163005,C,2.6330311471468226,2.4227746724068613,SUP_1882,4,82.81,420,1.28,7.0
Product_1776,737.4121190966949,104.64,77162.80414227815,C,11.344801832256845,27.673753454672354,SUP_1501,11,41.51,1062,1.28,118.0
Product_1121,387.0650173346339,198.38,76785.95813884468,C,19.353250866731695,21.10856440107281,SUP_1482,4,73.34,168,1.28,55.0
Product_0788,201.3533999780319,381.1,76735.78073162795,C,4.794128570905521,6.121928452566385,SUP_1682,5,76.56,311,1.28,18.0
Product_1907,368.8526426016477,206.72,76249.2182786126,C,52.69323465737824,3.5914134781444114,SUP_1412,7,83.66,124,1.28,13.0
Product_0307,283.44050889566546,267.85,75919.540307704,C,8.336485555754866,10.067281125085817,SUP_1628,13,49.53,84,1.28,47.0
Product_1875,338.46766195320885,223.94,75796.44821780159,C,3.254496749550085,10.955027786648284,SUP_1761,13,71.15,182,1.28,51.0
Product_1692,322.7959518819554,231.37,74685.29938692802,C,3.7102982974937397,7.356790628194792,SUP_1744,13,72.89,222,1.28,34.0
Product_0758,705.0206350030538,105.02,74041.26708802072,C,33.57241119062161,22.18388595046285,SUP_1377,9,64.43,223,1.28,86.0
Product_0260,234.08656068382774,316.09,73992.4209665511,C,7.093532141934174,13.08240758398511,SUP_1693,11,58.05,110,1.28,56.0
Product_0867,89.74765395387094,822.54,73821.035283217,C,2.4256122690235387,1.633701202032135,SUP_1948,12,17.57,202,1.28,8.0
Product_0524,753.3153139680488,97.99,73817.3676157291,C,26.904118356001742,51.87979532337689,SUP_1349,3,99.0,332,1.28,116.0
Product_0312,155.81522818163722,473.4,73762.92902118705,C,3.462560626258605,3.76645890692848,SUP_1794,7,41.33,712,1.28,13.0
Product_0698,270.12291226400833,271.35,73297.85224283866,C,33.76536403300104,28.711601899446876,SUP_1579,8,30.12,79,1.28,104.0
Product_1691,230.2850175270715,317.05,73011.86480695802,C,9.211400701082859,20.08991164704255,SUP_1787,3,78.01,683,1.28,45.0
Product_0731,408.1204798424965,178.1,72686.25745994863,C,5.441606397899953,6.209235297075229,SUP_1652,12,72.14,107,1.28,28.0
Product_1713,232.88811084712654,308.17,71769.12911975899,C,4.478617516290895,4.115816013203484,SUP_1663,2,63.77,374,1.28,8.0
Product_0801,166.75961159591492,423.74,70662.71781765299,C,4.90469445870338,5.040967541279414,SUP_1792,10,76.66,608,1.28,21.0
Product_0237,109.20569708871356,642.59,70174.48889223645,C,13.650712136089195,17.41934930950102,SUP_1689,11,39.39,432,1.28,74.0
Product_0282,971.7998849082596,70.75,68754.84185725937,C,29.448481360856352,27.706910249787892,SUP_1461,13,50.09,160,1.28,128.0
Product_0492,161.6988775602575,425.04,68728.49091821186,C,4.370239934061013,7.054474620742986,SUP_1802,3,74.09,566,1.28,16.0
Product_2068,389.73821277811993,175.97,68582.23330256576,C,19.486910638905997,22.23960309672245,SUP_1563,7,80.83,513,1.28,76.0
Product_1677,170.1877258987257,402.73,68539.7028511938,C,2.4312532271246527,5.502568107301731,SUP_1806,9,68.9,429,1.28,22.0
Product_0351,403.00511871805804,168.72,67995.02363011075,C,19.190719938955144,25.9917789046701,SUP_1594,11,34.25,132,1.28,111.0
Product_2163,385.0670859715752,175.6,67617.7802966086,C,22.65100505715148,30.075521840967077,SUP_1489,14,99.0,394,1.28,145.0
Product_0532,138.0,489.76,67586.88,C,138.0,,SUP_1496,11,70.02,400,1.28,0.0
Product_0693,120.94199724614691,557.19,67387.6714455806,C,4.6516152786979585,5.0493733909285945,SUP_1917,12,66.55,193,1.28,23.0
Product_1020,312.85963344624616,213.8,66889.38963080743,C,10.428654448208205,28.119751539631732,SUP_1585,3,70.83,240,1.28,63.0
Product_1700,351.4365337761644,188.93,66396.90432633075,C,20.672737280950848,19.25670571732742,SUP_1553,3,87.07,285,1.28,43.0
Product_2156,48.90705532758992,1354.4,66239.7157356878,C,6.11338191594874,6.890450192702064,SUP_1660,2,99.0,69,1.28,13.0
Product_1704,277.10548891771606,237.82,65901.22737441123,C,5.131583128105853,6.025562804021399,SUP_1708,4,65.6,86,1.28,16.0
Product_2160,258.3701961788513,254.86,65848.22819814205,C,12.303342675183396,18.68423675830086,SUP_1510,12,32.34,24,1.28,83.0
Product_1757,253.4102517043171,259.79,65833.44929026454,C,1.8911212813755007,1.913253688305141,SUP_1819,14,51.74,434,1.28,10.0
Product_0060,125.92415782566589,522.41,65784.03928970611,C,2.3759275061446394,5.404911627670957,SUP_1915,3,99.0,686,1.28,12.0
Product_0778,150.13129568044005,432.84,64982.830022321665,C,9.383205980027503,5.290264870959187,SUP_1824,8,52.81,53,1.28,20.0
Product_0752,216.5692104558353,298.55,64656.73778158963,C,9.02371710232647,7.236944293733212,SUP_1695,12,77.12,243,1.28,33.0
Product_1063,83.22706415267912,775.27,64523.446025647536,C,5.944790296619937,3.3312541479755757,SUP_1846,4,72.22,216,1.28,9.0
Product_1755,286.94116640519564,224.74,64487.157737903675,C,3.0853888860773724,4.394315216148516,SUP_1767,4,44.85,129,1.28,12.0
Product_0474,212.26207099092989,301.53,64003.38226589508,C,4.004944735677922,5.762467504274025,SUP_1715,2,53.57,139,1.28,11.0
Product_1920,87.87561751309931,725.13,63721.2465272737,C,1.9971731252977116,2.2414740236742174,SUP_1858,4,54.9,377,1.28,6.0
Product_1058,236.39028210888574,268.63,63501.52148290998,C,21.49002564626234,15.814543738747881,SUP_1561,13,33.87,339,1.28,73.0
Product_2074,211.53004221112232,297.28,62883.65094852244,C,11.133160116374858,10.912501548461114,SUP_1674,9,21.32,310,1.28,42.0
Product_0753,135.0613000198891,462.93,62523.927618207264,C,4.657286207582382,3.9027246178745254,SUP_1825,12,45.23,229,1.28,18.0
Product_0802,81.586052883107,766.02,62496.548229517626,C,2.549564152597094,1.8212014610133562,SUP_1879,7,45.01,119,1.28,7.0
Product_2073,681.5189325763147,91.28,62209.048165566004,C,24.339961877725525,35.91430255507777,SUP_1423,5,49.94,949,1.28,103.0
Product_1682,225.74135022129485,274.37,61936.65426021667,C,4.702944796276976,5.865811852355217,SUP_1735,11,44.24,77,1.28,25.0
Product_0826,260.54893283885554,236.34,61578.13478713512,C,15.326407814050325,28.11703253527073,SUP_1647,10,72.4,110,1.28,114.0
Product_2105,895.2694250110296,67.52,60448.591576744715,C,35.810777000441185,48.6660269960647,SUP_1434,4,45.22,265,1.28,125.0
Product_0874,125.0,482.31,60288.75,C,12.5,21.245914639969936,SUP_1416,8,62.26,983,1.28,77.0
Product_2091,915.9516944841109,65.76,60232.98342927514,C,28.623490452628467,57.6583570377885,SUP_1318,8,76.75,258,1.28,209.0
Product_1897,211.79888093014287,283.12,59964.49916894205,C,17.649906744178573,13.300326910835627,SUP_1572,4,62.08,38,1.28,35.0
Product_0428,500.0,119.85,59925.0,C,500.0,,SUP_1234,9,43.01,837,1.28,0.0
Product_1112,111.43046951139362,536.05,59732.303181582545,C,4.127054426347912,6.414515822697999,SUP_1847,7,68.26,306,1.28,22.0
Product_1113,34.584034313752234,1726.45,59707.606040977545,C,2.4702881652680166,2.4986406612859926,SUP_1867,5,46.4,234,1.28,8.0
Product_2140,380.2228213310282,156.78,59611.3339282786,C,14.082326715964006,22.103530747853643,SUP_1213,8,99.0,234,1.28,81.0
Product_0581,354.2214225588743,167.2,59225.82185184378,C,39.35793583987492,22.450182530388975,SUP_1524,10,49.93,115,1.28,91.0
Product_0105,703.0183677078644,82.74,58167.7397441487,C,29.292431987827683,37.65883869938191,SUP_1224,11,67.48,436,1.28,160.0
Product_1748,295.9844104356075,195.61,57897.51052530919,C,8.456697441017358,8.373513400829836,SUP_1621,5,54.48,1259,1.28,24.0
Product_1618,187.8700497126775,308.01,57865.8540120018,C,4.174889993615055,5.676485666230548,SUP_1758,5,65.71,249,1.28,17.0
Product_0232,296.0795290471194,194.96,57723.66498302641,C,1.9225943444618143,3.0101724379799566,SUP_1811,7,41.07,95,1.28,11.0
Product_0244,125.4379436202355,458.2,57475.665766791906,C,17.919706231462214,5.681580808651073,SUP_1759,14,97.2,260,1.28,28.0
Product_0296,164.35089136526904,349.65,57465.289165866314,C,16.435089136526905,15.438833387764236,SUP_1620,7,87.26,484,1.28,53.0
Product_0718,289.66215058601944,197.67,57257.51730633846,C,8.519475017235866,16.778680504657423,SUP_1576,6,74.02,78,1.28,53.0
Product_1760,142.5582607198353,400.09,57036.1345313989,C,1.6199802354526738,1.780377464794394,SUP_1903,8,37.94,192,1.28,7.0
Product_0102,171.00962967594086,327.21,55956.0609262646,C,3.5627006182487677,5.607389687555584,SUP_1697,7,61.01,94,1.28,19.0
Product_0258,37.62294990038281,1482.48,55775.270768319504,C,1.2540983300127602,0.7644893564178691,SUP_2022,4,74.7,125,1.28,2.0
Product_0697,232.36377532618513,239.41,55630.21145084198,C,29.045471915773142,8.8503304448725,SUP_1584,12,68.15,540,1.28,40.0
Product_1722,227.566258627025,244.38,55612.64228327237,C,6.89594723112197,10.776644781246823,SUP_1728,3,91.85,427,1.28,24.0
Product_0809,124.4900139399208,445.57,55469.01551121051,C,5.187083914163367,5.826317739626869,SUP_1829,6,54.42,343,1.28,19.0
Product_0309,165.26586919039946,334.49,55279.780585496716,C,5.508862306346648,11.068917404364958,SUP_1719,10,46.92,301,1.28,45.0
Product_0472,163.07158210701397,335.64,54733.345818398164,C,6.039688226185702,11.676202402877383,SUP_1639,2,54.76,236,1.28,22.0
Product_2130,364.0508033798761,149.64,54476.56221776465,C,22.753175211242255,28.25386695337338,SUP_1566,7,86.98,185,1.28,96.0
Product_0625,261.48997637389533,207.24,54191.182703726074,C,3.6829574137168355,6.772753045236945,SUP_1723,12,28.05,380,1.28,31.0
Product_0712,202.12703942638333,268.02,54174.089107059255,C,4.394066074486594,4.954372067860419,SUP_1750,12,54.73,226,1.28,22.0
Product_1911,50.457054750368805,1044.82,52718.53994428033,C,5.606339416707645,8.960321130934132,SUP_1471,14,99.0,96,1.28,43.0
Product_1072,157.26108513567223,332.34,52264.149033989306,C,157.26108513567223,,SUP_1533,9,68.75,583,1.28,0.0
Product_0329,343.51654674311044,150.06,51548.093004271155,C,7.308862696661924,14.178533833955674,SUP_1635,7,55.76,569,1.28,49.0
Product_2102,118.51539175632135,432.28,51231.83354842259,C,9.876282646360112,9.710230347409667,SUP_1441,2,58.24,575,1.28,18.0
Product_0483,172.87566235010883,295.08,51012.15044627011,C,7.516333145656906,7.511269613110797,SUP_1740,5,73.25,72,1.28,22.0
Product_0330,157.0,323.05,50718.85,C,13.083333333333334,26.5482693609321,SUP_1692,2,99.0,290,1.28,49.0
Product_1689,177.15308392197966,286.02,50669.32506336462,C,2.2424441002782234,3.085095655891285,SUP_1812,6,57.68,188,1.28,10.0
Product_0405,174.3864490178366,288.11,50242.47982652891,C,14.532204084819718,12.002842271685642,SUP_1583,3,28.84,334,1.28,27.0
Product_0661,128.0,391.72,50140.16,C,8.0,10.039920318408907,SUP_1762,8,61.12,308,1.28,37.0
Product_2155,485.19404022311045,103.18,50062.32107022054,C,25.536528432795286,45.485796274429966,SUP_1480,3,78.83,194,1.28,101.0
Product_1668,144.1037752392777,346.21,49890.16802559033,C,2.484547848953064,3.362894561283113,SUP_1783,5,87.85,179,1.28,10.0
Product_1118,62.37550370340887,792.04,49403.893953247956,C,2.1508794380485816,2.740124064567031,SUP_1743,7,50.04,423,1.28,10.0
Product_0568,86.71348752651849,565.53,49039.078600872,C,6.193820537608464,5.16297125356091,SUP_1807,7,83.32,500,1.28,18.0
Product_0954,53.30098906827326,919.69,49020.38663620024,C,2.317434307316229,2.637593974910418,SUP_1939,5,96.58,135,1.28,8.0
Product_1145,89.01651357870384,550.18,48975.10544073127,C,5.236265504629637,11.602285626469044,SUP_1848,11,15.4,126,1.28,50.0
Product_0522,186.73729710083927,260.48,48641.33114882662,C,62.245765700279755,19.138516805948885,SUP_1612,6,60.27,334,1.28,61.0
Product_0306,240.24566233515446,201.31,48363.85428468994,C,6.673490620420957,12.81699188358168,SUP_1680,12,84.95,408,1.28,57.0
Product_0571,473.6038624378992,102.04,48326.538123163235,C,20.59147227990866,19.073958274654963,SUP_1522,3,72.11,365,1.28,43.0
Product_1801,194.41940375170938,246.29,47883.5549500085,C,6.704117370748599,9.071384812416229,SUP_1739,14,75.37,202,1.28,44.0
Product_0623,215.45119876837214,221.12,47640.569071662445,C,4.224533309183768,5.258257395441788,SUP_1727,11,85.98,420,1.28,23.0
Product_0806,125.03054968488858,378.78,47359.071609642095,C,2.907687201974153,2.264893434762605,SUP_1914,3,58.65,259,1.28,6.0
Product_1667,421.6740593671442,111.92,47193.76072437078,C,2.291706844386653,2.7955231123595703,SUP_1675,9,72.79,327,1.28,11.0
Product_0541,38.0,1228.61,46687.17999999999,C,12.666666666666666,13.316656236958787,SUP_1974,3,54.87,154,1.28,30.0
Product_0669,132.97459013443117,347.08,46152.82074385837,C,6.648729506721558,7.61105313251922,SUP_1704,12,58.18,457,1.28,34.0
Product_1763,167.38003845507515,275.61,46131.61239860326,C,1.7997853597319908,1.8880476295992787,SUP_1818,5,51.22,174,1.28,6.0
Product_1792,223.21000517346965,206.46,46083.937668114544,C,2.5364773315167004,3.2970622965635816,SUP_1725,2,42.2,233,1.28,6.0
Product_0279,451.67271745764765,101.55,45867.364457824115,C,25.092928747647093,38.93269514230332,SUP_1450,8,62.63,305,1.28,141.0
Product_2062,285.9210401998767,160.28,45827.424323236235,C,28.59210401998767,55.377889087561265,SUP_1623,4,86.8,313,1.28,142.0
Product_1930,49.691696499461095,918.66,45649.773906194925,C,1.274146064088746,1.1797408327934051,SUP_1962,13,82.53,237,1.28,6.0
Product_1208,213.24190711767767,213.86,45603.91425618655,C,4.181213865052503,3.838019788109618,SUP_1835,14,40.96,356,1.28,19.0
Product_2079,666.2230461462472,68.36,45543.007434557454,C,26.648921845849888,39.126844004303535,SUP_1438,11,93.19,235,1.28,167.0
Product_1751,220.84636203543718,205.67,45421.471279828365,C,6.901448813607412,10.140170226021855,SUP_1633,6,35.54,423,1.28,32.0
Product_0811,45.03418062291576,1006.15,45311.14083374669,C,3.4641677402242896,1.944206977080618,SUP_1921,6,53.58,539,1.28,7.0
Product_1924,41.699813263188034,1086.58,45310.183095514854,C,1.6679925305275214,1.5717679706895855,SUP_2008,12,66.71,178,1.28,7.0
Product_1753,39.21977168395142,1153.58,45243.144219172675,C,1.4007061315696936,0.9733202305139925,SUP_1997,12,95.17,153,1.28,5.0
Product_1783,175.2589169799961,255.14,44715.5600782762,C,10.30934805764683,13.985190529649286,SUP_1666,11,76.61,278,1.28,60.0
Product_1054,166.26929468366978,267.31,44445.445161891774,C,4.890273373049111,4.4027348016834456,SUP_1733,3,65.4,58,1.28,10.0
Product_1928,75.80223610273589,584.36,44295.79468899475,C,2.4452334226689,1.9388257032087188,SUP_1907,9,80.44,580,1.28,8.0
Product_1916,224.66612636949017,196.92,44241.25360468,C,17.282009720730013,11.89150973545977,SUP_1557,10,76.58,177,1.28,49.0
Product_0540,52.94421574453642,829.42,43912.991422833395,C,3.7817296960383158,2.547286882730056,SUP_1925,2,80.01,145,1.28,5.0
Product_0609,165.98823766008886,261.5,43405.924148113234,C,1.3069939973235343,1.6175490972654092,SUP_1855,6,42.07,369,1.28,6.0
Product_0704,375.8768276601466,115.0,43225.83518091686,C,6.370793689155027,6.4384220242567425,SUP_1627,3,56.13,366,1.28,15.0
Product_1673,219.65242090634754,196.36,43130.949369170405,C,3.4320690766616804,7.099507978983744,SUP_1851,6,62.1,196,1.28,23.0
Product_0152,285.03619968751116,150.97,43031.91506682356,C,15.835344427083953,26.86114809622398,SUP_1580,11,88.79,72,1.28,115.0
Product_1098,142.2433362545315,302.16,42980.246482669245,C,6.465606193387796,6.767843392755946,SUP_1840,13,22.0,237,1.28,32.0
Product_0667,519.1155318170786,82.36,42754.35520045459,C,15.2681038769729,62.96892380348295,SUP_1473,6,83.24,514,1.28,198.0
Product_0742,839.0079978512775,50.59,42445.41461129613,C,44.158315676383026,31.817573648883677,SUP_1384,5,68.97,1362,1.28,92.0
Product_0323,651.801374314463,65.02,42380.12535792639,C,8.250650307778013,20.841938593717206,SUP_1587,4,71.32,361,1.28,54.0
Product_2145,219.0,193.21,42312.990000000005,C,73.0,103.14552825983296,SUP_1420,14,34.13,624,1.28,494.0
Product_1062,523.9480040767266,80.68,42272.124968910306,C,18.067172554369883,18.45333136002043,SUP_1507,8,95.25,736,1.28,67.0
Product_0721,119.22345264827652,354.36,42248.02268044327,C,3.3117625735632368,3.2049674977596685,SUP_1856,12,78.67,66,1.28,15.0
Product_1712,186.8961315337719,225.81,42203.01546164103,C,4.062959381168954,3.584301864045163,SUP_1773,12,33.33,609,1.28,16.0
Product_0135,93.04027376449314,451.54,42011.405215619234,C,5.815017110280821,5.580583760129624,SUP_1816,14,38.14,91,1.28,27.0
Product_1853,217.46156590855963,191.28,41596.04832698929,C,2.899487545447462,7.412196101853268,SUP_1754,14,52.88,133,1.28,36.0
Product_0912,252.11893382430154,164.71,41526.50959020071,C,31.514866728037692,19.02123437567497,SUP_1538,10,88.03,266,1.28,77.0
Product_2059,177.77405877796286,233.48,41506.687243478766,C,19.75267319755143,19.381972875219827,SUP_1531,14,45.12,469,1.28,93.0
Product_0484,100.0,413.98,41398.0,C,100.0,,SUP_1528,12,61.62,555,1.28,0.0
Product_1778,284.1685286729414,145.11,41235.695195730535,C,9.166726731385207,20.01432069100959,SUP_1509,13,69.27,471,1.28,93.0
Product_1918,66.3999332679981,620.49,41200.494593460135,C,2.5538435872306957,2.5142167882526674,SUP_1909,12,70.39,134,1.28,12.0
Product_1771,114.49645085674108,358.01,40990.87437122187,C,1.612626068404804,1.6351080436989094,SUP_1894,4,51.98,115,1.28,5.0
Product_0324,248.24708677013226,164.57,40854.02306976066,C,8.56024437138387,11.787701712808696,SUP_1726,4,60.36,218,1.28,31.0
Product_1663,121.61368454352095,330.01,40133.732036207344,C,5.067236855980039,6.806708705481253,SUP_1801,10,73.22,1090,1.28,28.0
Product_1759,247.05130327383802,162.05,40034.66369552545,C,2.600540034461453,5.0014551074856,SUP_1828,5,89.08,256,1.28,15.0
Product_1660,115.96884655973561,345.19,40031.286143955134,C,2.319376931194712,2.4615974510576426,SUP_1897,13,55.31,116,1.28,12.0
Product_0136,110.86253119110533,357.27,39607.8565186462,C,3.695417706370178,2.9852583245286497,SUP_1873,8,53.08,827,1.28,11.0
Product_1749,182.65765269120013,213.97,39083.25794633609,C,1.9640607816258078,1.6301065940441974,SUP_1876,14,74.62,410,1.28,8.0
Product_0482,64.12640841405778,607.2,38937.55518901588,C,2.4664003236176066,3.951507146791,SUP_1958,7,83.87,88,1.28,14.0
Product_1805,82.17641827163212,472.74,38848.079973731365,C,2.162537322937687,1.8868673342973115,SUP_1868,13,53.64,293,1.28,9.0
Product_1116,78.4504657831272,487.82,38269.70621832511,C,6.5375388152606,7.501113132876396,SUP_1803,11,56.71,499,1.28,32.0
Product_2164,132.9066684814332,286.06,38019.28158579878,C,5.316266739257328,5.9336495796520605,SUP_1717,10,60.12,120,1.28,25.0
Product_0917,418.95552925439927,90.07,37735.32451994374,C,26.184720578399954,19.574302526847532,SUP_1421,5,73.51,49,1.28,57.0
Product_1646,143.8327535806248,261.24,37574.86854540242,C,2.713825539257072,3.174116905439802,SUP_1788,12,62.64,440,1.28,15.0
Product_1852,52.75370805510302,711.07,37511.57918674211,C,2.1980711689626258,2.719647413294757,SUP_1947,12,75.05,133,1.28,13.0
Product_0165,103.49330340059078,360.89,37349.6982642392,C,6.4683314625369235,6.5199132803810524,SUP_1752,2,69.87,75,1.28,12.0
Product_0396,65.0,574.24,37325.6,C,8.125,18.255625356115775,SUP_1904,7,57.25,88,1.28,62.0
Product_1828,197.33498500030623,188.83,37262.765217607826,C,8.579781956535054,12.328856675744502,SUP_1679,3,87.47,165,1.28,28.0
Product_0265,42.683047460369814,867.72,37036.9339423121,C,1.471829222771373,1.0178845743001153,SUP_2019,7,46.04,52,1.28,4.0
Product_0347,140.05871125072315,261.35,36604.344185376496,C,2.593679837976355,3.1454718047055215,SUP_1799,5,90.27,1005,1.28,10.0
Product_1683,105.22016919563823,343.74,36168.380959308684,C,3.188489975625401,4.031364401427346,SUP_1779,13,70.34,237,1.28,19.0
Product_0799,133.48311672737816,268.64,35858.904477642864,C,3.422644018650722,2.419611518061362,SUP_1781,13,57.98,225,1.28,12.0
Product_0866,138.81762963350008,256.15,35558.13583062104,C,2.2389940263467754,1.5775563579746157,SUP_1890,2,65.4,306,1.28,3.0
Product_0947,23.154833027062082,1530.18,35431.06240134986,C,0.9647847094609201,0.35973767346744356,SUP_2060,13,70.04,79,1.28,2.0
Product_1686,103.8124327679199,340.41,35338.79023852762,C,3.244138523997497,2.995572571660606,SUP_1771,12,84.6,155,1.28,14.0
Product_1877,60.50362568771119,580.05,35095.12808015687,C,2.3270625264504305,1.568087006921631,SUP_1987,9,51.64,328,1.28,7.0
Product_1096,125.12153371536544,280.21,35060.30496238255,C,6.256076685768273,4.202002752925534,SUP_1785,5,66.87,411,1.28,13.0
Product_0868,213.10512077190685,163.34,34808.59042688327,C,26.638140096488357,19.154984614950344,SUP_1511,8,39.66,341,1.28,70.0
Product_1644,68.1629847063813,510.02,34764.485459948584,C,2.3504477484959065,2.371313184138558,SUP_1951,6,63.7,150,1.28,8.0
Product_1850,116.60707792484976,296.62,34587.991454068935,C,4.85862824686874,5.677368327944316,SUP_1701,13,41.32,848,1.28,27.0
Product_0444,158.5097160086648,218.17,34582.0647416104,C,26.418286001444134,50.10787648197026,SUP_1631,10,49.14,410,1.28,203.0
Product_0659,124.00105437365382,278.72,34561.5738750248,C,6.200052718682691,6.917550032380834,SUP_1896,6,88.92,283,1.28,22.0
Product_2096,90.07471238763073,383.2,34516.629786940095,C,22.51867809690768,18.354921612955092,SUP_1731,2,63.03,426,1.28,34.0
Product_1762,184.0251008226778,187.43,34491.8246471945,C,2.7882591033739064,3.2271709051641935,SUP_1841,10,66.69,25,1.28,14.0
Product_1925,384.638628046374,89.41,34390.5397336263,C,48.07982850579675,28.61005196563166,SUP_1446,10,76.81,31,1.28,116.0
Product_0763,342.2550658062598,99.54,34068.0692503551,C,4.503356129029734,4.24294306703031,SUP_1729,4,79.17,343,1.28,11.0
Product_0579,78.37105761680866,434.32,34038.11774413234,C,39.18552880840433,1.1518362053167748,SUP_1691,4,48.62,131,1.28,3.0
Product_1614,120.97436777940408,280.14,33889.759389722254,C,10.997669798127644,12.206558062297843,SUP_1768,3,45.26,532,1.28,28.0
Product_1076,150.0,224.18,33627.0,C,75.0,106.06601717798213,SUP_1387,4,54.49,311,1.28,272.0
Product_0520,195.34224528576644,171.68,33536.35667066038,C,6.104445165180201,8.952282101045371,SUP_1777,5,61.0,385,1.28,26.0
Product_2158,114.72064059512051,291.93,33490.39660893353,C,6.74827297618356,6.551766668384723,SUP_1613,9,78.05,377,1.28,26.0
Product_0326,87.39105220672279,380.52,33254.043185702154,C,3.7996109655096864,3.185648136974711,SUP_1757,11,43.54,390,1.28,14.0
Product_1960,187.6743689749983,176.95,33208.97959012594,C,5.072280242567521,4.238894470356349,SUP_1798,6,56.96,51,1.28,14.0
Product_1803,264.95341160615885,124.85,33079.43343902893,C,3.4409533974825823,6.089419625422692,SUP_1730,3,60.16,237,1.28,14.0
Product_1941,40.895299602563824,792.1,32393.166815190805,C,1.7039708167734926,0.9791991943111162,SUP_2030,9,18.04,270,1.28,4.0
Product_1761,220.7500287651807,145.51,32121.33668562144,C,2.12259643043443,4.184863189432985,SUP_1795,4,71.11,102,1.28,11.0
Product_0765,154.1096149024997,206.88,31882.197131029134,C,3.758771095182919,3.4118602770078565,SUP_1872,14,89.51,146,1.28,17.0
Product_0352,161.56867469861356,197.06,31838.72303610879,C,5.98402498883754,11.269107424328073,SUP_1710,9,70.96,478,1.28,44.0
Product_0750,174.40122102752252,180.97,31561.38896935075,C,7.2667175428134385,6.990307119163944,SUP_1714,6,60.2,260,1.28,22.0
Product_1869,169.28150449683025,185.62,31422.032864701632,C,1.8602363131519808,3.1010324643677842,SUP_1849,6,61.46,246,1.28,10.0
Product_0565,67.29895122091001,466.68,31407.074555774285,C,3.542050064258422,4.561120336490769,SUP_1922,14,51.75,180,1.28,22.0
Product_0537,70.93117226877847,439.65,31184.889887968453,C,5.910931022398206,8.302508409063543,SUP_1862,7,56.93,97,1.28,29.0
Product_1940,102.89895296217547,300.9,30962.294946318598,C,2.6384346913378325,3.125169867934829,SUP_1933,4,62.74,91,1.28,9.0
Product_0594,376.41457081871897,81.88,30820.825058636707,C,34.21950643806536,19.556227728365506,SUP_1564,13,72.24,281,1.28,91.0
Product_0057,71.86928894349367,427.74,30741.369652689984,C,0.9582571859132489,0.49284288332723014,SUP_1952,2,68.6,312,1.28,1.0
Product_1070,64.3660116879481,474.34,30531.3739840613,C,32.18300584397405,2.8252035343867354,SUP_1736,5,68.79,1125,1.28,9.0
Product_1927,35.0,867.94,30377.9,C,2.3333333333333335,2.126924898488314,SUP_1960,12,52.96,368,1.28,10.0
Product_0666,347.341069207985,87.15,30270.774181475896,C,6.679635946307404,13.763642966137416,SUP_1700,9,51.39,111,1.28,53.0
Product_1942,197.93427015494856,152.92,30268.108592094733,C,5.075237696280732,7.26247785443053,SUP_1734,12,21.22,543,1.28,33.0
Product_1883,142.10748827098095,212.95,30261.789627305392,C,5.921145344624207,13.434571546609542,SUP_1770,2,64.26,58,1.28,25.0
Product_0509,165.0,181.53,29952.45,C,16.5,12.176936305071887,SUP_1602,2,79.87,65,1.28,23.0
Product_0629,33.31591453542592,897.78,29910.36175161468,C,1.9597596785544658,2.0477190457203256,SUP_1990,14,62.27,311,1.28,10.0
Product_0578,80.81909727589321,369.49,29861.848252469783,C,4.489949848660734,5.13551649829102,SUP_1852,9,66.87,550,1.28,20.0
Product_2151,57.5923685751104,516.96,29772.950858589073,C,3.5995230359444,2.4096917283282075,SUP_1963,9,58.71,212,1.28,10.0
Product_0263,89.59358617406991,329.44,29515.711029185593,C,1.8665330452931232,1.9479133428178914,SUP_1893,10,80.06,97,1.28,8.0
Product_0637,18.991603671285905,1542.23,29289.420929967262,C,1.055089092849217,0.6081046936735466,SUP_2073,5,66.55,65,1.28,2.0
Product_0927,450.0,65.03,29263.5,C,112.5,131.49778198382919,SUP_1341,7,19.14,550,1.28,446.0
Product_1620,74.0694833209185,394.71,29235.96576159974,C,1.3716570985355276,1.23698600089492,SUP_1973,7,27.65,105,1.28,5.0
Product_0585,186.0,156.09,29032.74,C,18.6,18.64403389827427,SUP_1476,7,53.65,403,1.28,64.0
Product_1111,65.86983921182328,439.37,28941.231254498794,C,1.6889702362005967,1.9751355768654373,SUP_1940,4,37.02,83,1.28,6.0
Product_1715,160.53527762571807,179.77,28859.42685877534,C,3.733378549435304,4.065469498055613,SUP_1688,10,44.5,86,1.28,17.0
Product_1774,178.1360437649067,161.55,28777.87787022068,C,4.814487669321803,7.399857222287056,SUP_1800,11,28.29,148,1.28,32.0
Product_1694,54.15485113541509,523.24,28335.984308094594,C,1.7469306817875836,1.7638881711944339,SUP_1938,10,87.07,522,1.28,8.0
Product_0655,74.29229670174934,380.65,28279.362739520882,C,3.9101208790394386,3.429863694475222,SUP_1918,7,75.85,553,1.28,12.0
Product_0269,49.62384740428924,567.85,28178.901748525648,C,1.459524923655566,0.8418785480336801,SUP_2006,8,63.13,268,1.28,4.0
Product_0494,35.15918966930023,789.52,27758.883427705918,C,3.1962899699363847,5.632657860962338,SUP_2044,12,86.32,101,1.28,25.0
Product_2146,75.65615829834488,365.51,27653.082419628034,C,12.609359716390813,12.300015402555287,SUP_1575,14,32.51,12,1.28,59.0
Product_0784,635.4635842097988,43.49,27636.311277284152,C,12.96864457571018,16.755719061407557,SUP_1537,14,18.9,229,1.28,81.0
Product_1679,73.53045985262561,375.26,27593.040364296285,C,2.3719503178266326,4.053031087837063,SUP_1870,4,73.0,197,1.28,11.0
Product_0716,420.7496996197973,65.18,27424.465421218392,C,8.249994110192103,13.670754983738213,SUP_1571,9,69.83,487,1.28,53.0
Product_0665,347.33651034867995,78.86,27390.9572060969,C,7.39013851805702,10.254265707450598,SUP_1634,10,85.47,1173,1.28,42.0
Product_1664,109.27912585483807,249.49,27264.049109523552,C,7.285275056989205,14.084306868391488,SUP_1774,9,66.78,229,1.28,55.0
Product_0461,83.81426676229478,323.05,27076.19887755933,C,4.656348153460821,7.357646564568033,SUP_1834,2,99.0,1122,1.28,14.0
Product_0804,151.71981736802113,177.68,26957.577149949993,C,10.114654491201408,5.378204553699197,SUP_1741,3,57.7,241,1.28,12.0
Product_1767,106.86891662923561,251.12,26836.92234393365,C,1.5051960088624734,1.1816431104490768,SUP_1912,14,21.22,494,1.28,6.0
Product_0946,81.42972999607467,326.62,26596.57841131791,C,1.1801410144358648,0.8711145620330345,SUP_1945,12,95.64,542,1.28,4.0
Product_1837,127.95260738863048,201.76,25815.718066730085,C,3.4581785780710943,4.874065097982629,SUP_1877,11,76.48,164,1.28,21.0
Product_1939,53.246614066465874,483.47,25743.140502714257,C,2.047946694864072,1.1270821297774438,SUP_2004,5,83.33,165,1.28,4.0
Product_0501,194.1109108765749,131.79,25581.876944423806,C,5.882148814441663,5.721085444150915,SUP_1709,3,75.65,716,1.28,13.0
Product_1881,90.21284146605083,282.71,25504.07241086723,C,2.374022143843443,1.9242863133040096,SUP_1898,12,58.23,87,1.28,9.0
Product_1170,52.93172449756487,480.28,25422.048641690457,C,6.616465562195609,6.115879474477863,SUP_1760,12,99.0,633,1.28,28.0
Product_0256,62.15957277466181,408.83,25412.698137464988,C,1.294991099472121,1.7349112401969644,SUP_1964,10,69.04,620,1.28,8.0
Product_0350,74.80953071581804,333.39,24940.749445346577,C,2.337797834869314,1.9546696115712516,SUP_1916,4,78.93,599,1.28,6.0
Product_1961,24.0,1031.79,24762.96,C,3.0,1.4142135623730951,SUP_2067,2,35.65,93,1.28,3.0
Product_1859,74.63211986447608,330.66,24677.856754387663,C,1.2037438687818722,1.3967043492870608,SUP_1913,5,49.85,460,1.28,4.0
Product_1874,86.4025014876355,285.32,24652.361724452163,C,1.5709545725024636,1.1985444943929697,SUP_1953,13,39.76,225,1.28,6.0
Product_0640,96.27143432949013,254.22,24474.12403524298,C,2.8315127743967685,2.3626692389411286,SUP_1929,12,90.45,548,1.28,11.0
Product_1895,76.6629580587537,317.35,24328.98973994549,C,5.897150619904131,8.268032066843984,SUP_1836,2,83.86,304,1.28,15.0
Product_0651,90.2784325273544,268.39,24229.828506016645,C,1.8808006776532167,2.2343277875655074,SUP_1901,2,66.06,165,1.28,5.0
Product_0641,60.708364732734225,395.41,24004.694498970443,C,1.8971363978979445,3.4861366324855085,SUP_1928,13,74.03,150,1.28,17.0
Product_1615,56.53919937176541,421.79,23847.668903016936,C,1.6154056963361547,0.9058063703317399,SUP_1986,6,46.01,167,1.28,3.0
Product_0106,60.0,394.03,23641.8,C,60.0,,SUP_1630,8,66.95,141,1.28,0.0
Product_1174,168.32067429814026,140.28,23612.024190543118,C,12.022905307010019,8.594868839806965,SUP_1607,3,69.65,38,1.28,20.0
Product_0354,179.39647212000014,131.54,23597.811942664815,C,5.7869829716129075,7.9236846693770335,SUP_1716,4,83.38,280,1.28,21.0
Product_1800,46.0,512.31,23566.26,C,4.6,5.3374983736661585,SUP_1863,12,41.03,407,1.28,24.0
Product_0751,73.20086768560128,316.44,23163.68257043167,C,3.4857556040762514,3.8978432681048654,SUP_1753,12,51.77,433,1.28,18.0
Product_1083,86.04397546275167,267.28,22997.833761684265,C,6.1459982473394055,2.9135886274471696,SUP_1883,4,70.69,181,1.28,8.0
Product_0580,54.0,421.77,22775.579999999998,C,18.0,18.0,SUP_1748,12,58.64,1009,1.28,80.0
Product_1095,102.32494149363534,222.54,22771.392479993607,C,4.263539228901473,5.954776561138322,SUP_1859,5,75.43,664,1.28,18.0
Product_0059,54.90047578053828,414.02,22729.894982658458,C,1.0166754774173756,0.7016904818304922,SUP_1994,8,99.0,124,1.28,3.0
Product_1124,334.439608487974,67.76,22661.62787114512,C,16.7219804243987,21.080088684236404,SUP_1470,9,59.73,408,1.28,81.0
Product_2122,439.51865941206796,51.43,22604.444653562656,C,25.854038788945175,21.264261731354754,SUP_1428,6,47.07,225,1.28,67.0
Product_2126,200.0,112.05,22410.0,C,66.66666666666667,76.37626158259734,SUP_1443,5,78.73,315,1.28,219.0
Product_0339,127.25676344224685,171.89,21874.16506808781,C,5.532902758358559,12.7884791591758,SUP_1703,3,81.01,164,1.28,29.0
Product_1720,45.67934217983479,476.57,21769.404102643864,C,3.262810155702485,2.167989591328937,SUP_1972,12,31.5,114,1.28,10.0
Product_0813,37.675756992812275,577.74,21766.791845027365,C,3.7675756992812275,1.6838347080699014,SUP_1931,2,51.86,196,1.28,4.0
Product_0446,143.40445153491387,149.41,21426.05910383148,C,11.950370961242823,16.482376290526414,SUP_1713,13,62.65,425,1.28,77.0
Product_1807,127.40334203299966,167.42,21329.8675231648,C,2.403836642132069,2.805041500492535,SUP_1844,13,29.72,370,1.28,13.0
Product_0457,85.27175787899854,248.71,21207.938902085727,C,5.015985757588149,4.606335150582055,SUP_1943,8,80.03,172,1.28,17.0
Product_0251,243.41493776315383,86.99,21174.665436016752,C,5.795593756265568,8.356318209633372,SUP_1668,2,73.43,412,1.28,16.0
Product_0800,94.63982979385946,222.39,21046.951747856405,C,3.6399934536099794,2.748299030856096,SUP_1845,8,49.47,603,1.28,10.0
Product_0160,52.050110931591384,403.86,21020.957800832497,C,3.0617712312700816,3.204058111966483,SUP_1745,2,91.45,382,1.28,6.0
Product_1775,203.54223456519006,102.95,20954.67304848632,C,8.849662372399568,8.808475684455187,SUP_1665,4,14.48,336,1.28,23.0
Product_2125,11.0,1895.44,20849.84,C,11.0,,SUP_2017,9,99.0,153,1.28,0.0
Product_0270,41.3355741746595,501.46,20728.13702562475,C,1.4762705062378392,0.9515317406748376,SUP_2023,14,21.34,326,1.28,5.0
Product_1964,49.669481486917135,414.0,20563.165335583693,C,2.365213404138911,2.9191089110235775,SUP_2010,2,79.0,147,1.28,6.0
Product_1814,180.581174475867,113.59,20512.21560871373,C,8.208235203448499,8.47271367839323,SUP_1780,4,43.53,671,1.28,22.0
Product_1893,45.916446239655556,445.31,20447.052674981016,C,6.5594923199507935,7.064430034028612,SUP_1820,10,66.86,234,1.28,29.0
Product_2098,53.59079535778943,380.5,20391.29763363888,C,4.465899613149119,3.9763606073436093,SUP_1136,12,23.53,170,1.28,18.0
Product_1866,44.63538972903388,448.13,20002.457199271954,C,1.59412106175121,0.8556908888653539,SUP_2026,3,45.91,124,1.28,2.0
Product_0328,59.80401969091541,332.72,19897.993431561375,C,2.847810461472162,4.623674081080355,SUP_1949,8,51.09,165,1.28,17.0
Product_2094,95.4540792027748,207.64,19820.08500566416,C,11.93175990034685,5.846572298420094,SUP_1737,12,88.58,306,1.28,26.0
Product_0507,140.92058379625848,138.38,19500.59038572625,C,5.032877992723518,5.814957357440161,SUP_1671,12,76.91,193,1.28,26.0
Product_0156,38.10780789011486,508.73,19386.585107938135,C,3.4643461718286237,4.099119511853873,SUP_1976,9,55.34,306,1.28,16.0
Product_0266,101.8408636694222,189.35,19283.567535805094,C,1.885941919804115,3.672023243332259,SUP_1885,5,64.82,259,1.28,11.0
Product_1956,58.919080787803594,322.0,18971.944013672757,C,1.8412212746188623,1.4082755214149179,SUP_1927,3,71.46,65,1.28,4.0
Product_1711,46.59081118225683,402.83,18768.176468548518,C,1.7919542762406473,1.0947976986625596,SUP_1970,9,69.94,110,1.28,5.0
Product_1110,89.0,210.57,18740.73,C,3.56,6.526101439603893,SUP_1826,14,70.66,200,1.28,32.0
Product_1962,58.661827838192046,315.24,18492.55460771166,C,1.892317027038453,1.7307243949555022,SUP_1908,8,74.63,95,1.28,7.0
Product_1806,78.06414537317471,234.91,18338.04838961247,C,2.296004275681609,1.7357305396967935,SUP_1899,9,70.1,142,1.28,7.0
Product_0777,23.320791490229784,781.56,18226.59779710399,C,2.120071953657253,1.8090423223678642,SUP_1967,10,28.06,69,1.28,8.0
Product_0539,45.507985598961255,397.95,18109.90286910663,C,5.688498199870157,4.350398707456577,SUP_1833,9,50.09,396,1.28,17.0
Product_1955,30.743892768156446,588.56,18094.625527626155,C,2.04959285121043,2.4639871077676134,SUP_2045,4,63.74,252,1.28,7.0
Product_2152,65.59944942194282,273.81,17961.785246222164,C,2.186648314064761,2.2819005655056652,SUP_1955,2,75.67,433,1.28,5.0
Product_0455,57.910590373225375,307.95,17833.566305434753,C,4.136470740944669,2.6671313422077305,SUP_1854,11,81.9,427,1.28,12.0
Product_0447,103.09425202885518,170.2,17546.64169531115,C,6.064367766403246,10.13049248318084,SUP_1791,12,48.38,148,1.28,45.0
Product_1665,66.41451579702424,262.22,17415.214332295698,C,2.6565806318809693,2.284234878820497,SUP_1968,2,90.11,134,1.28,5.0
Product_0616,94.32605828745439,181.74,17142.81783316196,C,2.0961346286100975,2.1735491094924835,SUP_1837,2,66.58,126,1.28,4.0
Product_0393,47.10632572952022,357.26,16829.205930128395,C,2.6170180960844567,3.1025699563323146,SUP_1980,12,38.05,630,1.28,14.0
Product_2103,82.76114974732427,201.55,16680.509731573205,C,8.276114974732426,8.013226234196472,SUP_1529,5,85.37,38,1.28,23.0
Product_1953,89.45880017067888,186.34,16669.752823804305,C,2.555965719162254,2.498931071458512,SUP_1930,7,43.11,185,1.28,9.0
Product_0828,71.0,232.11,16479.81,C,3.227272727272727,5.281881142005033,SUP_1823,13,67.03,570,1.28,25.0
Product_1178,43.30070711057854,379.13,16416.597086833644,C,2.1650353555289272,3.096866553158369,SUP_1889,5,67.87,312,1.28,9.0
Product_0797,116.03977295301974,140.83,16341.881224973771,C,2.7628517369766605,2.820464217355941,SUP_1782,12,53.34,233,1.28,13.0
Product_0807,49.59163240658351,327.33,16232.829035646979,C,4.95916324065835,5.774946730703983,SUP_1981,11,60.5,100,1.28,25.0
Product_1915,108.85773317708635,148.5,16165.373376797323,C,15.551104739583764,11.219339596644366,SUP_1296,10,77.82,295,1.28,46.0
Product_0456,79.20173867873203,203.58,16123.889960216267,C,3.443553855597045,2.7568089745189828,SUP_1878,2,28.38,149,1.28,5.0
Product_1690,41.12613061456834,390.18,16046.593643192275,C,1.9583871721223018,1.0927252753216916,SUP_1982,11,53.28,219,1.28,5.0
Product_0675,69.1090722580494,232.0,16033.30476386746,C,2.0942143108499818,2.208790837392261,SUP_1954,13,74.43,274,1.28,11.0
Product_0656,126.45173066221116,125.04,15811.524402002884,C,4.683397431933747,4.80194661774621,SUP_1809,7,38.72,56,1.28,17.0
Product_0521,73.60497114696551,208.55,15350.316732699657,C,7.360497114696551,6.677465876314806,SUP_1874,13,31.19,561,1.28,31.0
Product_1946,57.90534731559647,259.92,15050.757874269835,C,1.5650093869080128,1.273681701727709,SUP_1957,4,87.2,65,1.28,4.0
Product_0334,110.17933271528722,136.17,15003.119735840659,C,4.790405770229879,6.866661546309392,SUP_1827,11,67.53,174,1.28,30.0
Product_1894,91.95201256941512,161.75,14873.238033102894,C,6.130134171294341,8.999762810278298,SUP_1936,13,38.22,270,1.28,42.0
Product_1937,40.49484912176104,365.07,14783.454568881303,C,2.131307848513739,1.5260202849744466,SUP_2002,4,76.91,166,1.28,4.0
Product_2051,35.204455531068234,417.76,14707.013342659066,C,5.867409255178039,2.0940051036024054,SUP_1988,8,55.05,287,1.28,8.0
Product_1099,24.424962469643017,599.62,14645.695996047345,C,3.489280352806145,2.395716384862841,SUP_2043,6,53.75,87,1.28,8.0
Product_1171,67.82444907793227,211.72,14359.792358779821,C,2.712977963117291,5.48530162516408,SUP_1786,9,60.96,591,1.28,22.0
Product_1097,199.0871695737341,71.91,14316.358364047217,C,14.220512112409578,13.324373188095356,SUP_1550,12,2.0,191,1.28,60.0
Product_1856,41.88852869327004,341.51,14305.35143403865,C,1.745355362219585,2.0265216768492373,SUP_2021,9,68.15,204,1.28,8.0
Product_1868,122.76990696719055,116.03,14244.99230540312,C,1.9487286820188976,1.5810845582216877,SUP_1887,4,50.58,72,1.28,5.0
Product_1923,36.07701780191051,394.06,14216.509635020855,C,1.717953228662405,1.2560057392007828,SUP_1979,3,94.57,168,1.28,3.0
Product_1769,51.78687758777342,273.07,14141.442662893287,C,1.9918029841451315,2.0130360951104236,SUP_1977,7,68.79,165,1.28,7.0
Product_0112,60.0,232.94,13976.4,C,30.0,42.42640687119285,SUP_1720,8,39.58,131,1.28,154.0
Product_1089,89.3567595514145,154.88,13839.574919323077,C,17.8713519102829,13.670012163568485,SUP_1797,11,47.15,432,1.28,59.0
Product_1864,60.99837378746163,225.32,13744.153581790853,C,1.3260516040752528,0.9825412945870461,SUP_1983,9,61.86,67,1.28,4.0
Product_1952,40.294150396822815,340.0,13700.011134919758,C,1.8315522907646733,2.8512823938088694,SUP_2033,13,61.96,187,1.28,14.0
Product_0442,17.18008695263709,755.19,12974.229865762005,C,3.436017390527418,2.803660526506936,SUP_2034,7,64.39,255,1.28,10.0
Product_1919,23.676195784321326,541.98,12832.024591186473,C,1.8212458295631788,1.1816362264620572,SUP_2042,5,41.03,113,1.28,4.0
Product_0624,38.157423829612725,328.08,12518.687610019342,C,1.413237919615286,1.0731316035594753,SUP_2014,11,51.74,107,1.28,5.0
Product_1858,82.12764270416326,152.07,12489.150626022107,C,1.8665373341855287,2.9429958396370486,SUP_1866,7,52.31,122,1.28,10.0
Product_1146,75.74822501032439,161.13,12205.31149591357,C,2.367132031572637,2.547906736979189,SUP_1920,9,19.21,151,1.28,10.0
Product_0435,60.0,202.34,12140.4,C,60.0,,SUP_1622,6,54.43,116,1.28,0.0
Product_0511,30.0,403.78,12113.4,C,30.0,,SUP_1804,6,56.23,126,1.28,0.0
Product_1714,99.77817090750253,121.23,12096.107659116531,C,3.563506103839376,4.09477773363559,SUP_1888,14,31.65,214,1.28,20.0
Product_0965,22.44917388729661,537.37,12063.51257181658,C,1.0204169948771187,0.7332673515437833,SUP_2052,6,25.76,184,1.28,3.0
Product_0861,150.31242628922217,79.82,11997.937866405713,C,6.012497051568887,11.840613082151167,SUP_1766,4,63.63,159,1.28,31.0
Product_2119,33.0,363.36,11990.880000000001,C,11.0,9.539392014169456,SUP_1978,13,51.87,90,1.28,45.0
Product_1873,11.426099949526096,1025.37,11715.980105245571,C,1.269566661058455,0.43697332644543435,SUP_2094,5,84.09,87,1.28,2.0
Product_0945,24.22821155608873,475.67,11524.633390884726,C,1.153724359813749,1.1017176847854349,SUP_2058,11,85.16,130,1.28,5.0
Product_1898,82.80200280563155,136.41,11295.0212027162,C,3.6000870785057195,5.23727124789685,SUP_1966,9,64.55,213,1.28,21.0
Product_1943,75.35189199785273,149.67,11277.917675318617,C,3.276169217297945,3.3808158228967,SUP_1961,7,81.33,62,1.28,12.0
Product_0499,39.841019980145866,282.42,11251.900862792796,C,3.064693844626605,3.218493321188955,SUP_2003,3,71.48,457,1.28,8.0
Product_1119,66.9171245344833,164.11,10981.769307354056,C,3.0416874788401502,2.9193005989951284,SUP_1905,13,78.69,302,1.28,14.0
Product_1854,11.587337254036463,946.28,10964.865496749624,C,0.8913336349258818,0.7082728720203667,SUP_2084,5,83.14,206,1.28,3.0
Product_1965,23.98277261839157,456.05,10937.343452617477,C,1.2622511904416616,0.7522588177302119,SUP_2061,12,47.16,78,1.28,4.0
Product_0262,52.44203993817824,208.33,10925.250180320674,C,2.0976815975271297,1.7106697476962622,SUP_1944,5,31.52,223,1.28,5.0
Product_0331,29.94921700947375,362.43,10854.49472074357,C,1.99661446729825,1.8516866246874895,SUP_2041,4,77.3,160,1.28,5.0
Product_1616,102.15741532341232,104.42,10667.277308070716,C,3.783607974941197,4.083005923357551,SUP_1839,7,99.0,595,1.28,14.0
Product_2157,124.04820530313788,84.85,10525.490219971249,C,7.296953253125757,10.379896328787352,SUP_1657,4,76.55,227,1.28,27.0
Product_0362,28.020998447482206,365.72,10247.839552213194,C,1.6482940263224828,0.6071238738999752,SUP_2056,11,71.67,198,1.28,3.0
Product_1936,42.250719231529715,241.95,10222.561518068615,C,1.1736310897647142,0.8197136120015859,SUP_2018,12,79.23,542,1.28,4.0
Product_0340,43.420121693514126,233.44,10135.993208133938,C,3.1014372638224375,4.508045846393791,SUP_1959,8,37.16,327,1.28,17.0
Product_0515,69.0,145.63,10048.47,C,17.25,6.898067362191626,SUP_1778,7,68.83,225,1.28,24.0
Product_1975,11.0,900.6,9906.6,C,0.9166666666666666,0.7929614610987591,SUP_2089,9,44.76,175,1.28,4.0
Product_0500,11.793974617576428,824.43,9723.306493968534,C,1.6848535167966325,0.6994253060224375,SUP_2068,13,14.07,90,1.28,4.0
Product_1855,41.184271421960524,233.19,9603.760252886974,C,3.43202261849671,3.207176623066126,SUP_1884,3,44.78,478,1.28,8.0
Product_0498,16.609438614178398,576.64,9577.66668247983,C,1.186388472441314,1.614478866794188,SUP_2054,8,71.43,221,1.28,6.0
Product_2127,84.66319102487056,112.48,9522.91572647744,C,28.221063674956852,23.19903279407387,SUP_1776,6,55.67,440,1.28,73.0
Product_2058,51.57225252049279,183.87,9482.59007094301,C,25.786126260246395,8.182818230843568,SUP_1746,5,99.0,207,1.28,24.0
Product_0694,71.02130735747575,131.65,9349.955113611682,C,4.177723962204456,4.385739272624767,SUP_1926,3,33.13,95,1.28,10.0
Product_0525,28.255681664872967,325.64,9201.180177349232,C,2.354640138739414,3.0155049019789986,SUP_2047,12,98.74,108,1.28,14.0
Product_0626,42.578258717827595,215.47,9174.337405930311,C,1.468215817856124,1.4374389954537952,SUP_1956,3,52.78,262,1.28,4.0
Product_0402,73.44644690506745,124.51,9144.817104149948,C,4.896429793671163,8.255961592363724,SUP_1810,5,68.76,184,1.28,24.0
Product_0163,70.12933385062567,129.65,9092.268133733618,C,14.025866770125134,17.366220437922806,SUP_1831,5,43.59,291,1.28,50.0
Product_0449,44.0,199.3,8769.2,C,3.142857142857143,3.3016812234222277,SUP_1946,9,82.16,219,1.28,13.0
Product_0812,36.442669446571315,239.25,8718.908665092187,C,2.6030478176122367,1.6844743376900229,SUP_1993,3,67.84,138,1.28,4.0
Product_2117,29.65024624744174,292.72,8679.220081551146,C,29.65024624744174,,SUP_1880,11,80.59,274,1.28,0.0
Product_0268,50.80818360701341,169.62,8618.084103421616,C,1.6936061202337804,1.117578620884308,SUP_2012,11,67.63,152,1.28,5.0
Product_1976,62.69768724243943,137.33,8610.273389004207,C,1.6076330062163957,1.328255604626685,SUP_1985,3,60.44,96,1.28,3.0
Product_1857,10.080069609780523,849.35,8561.507123067087,C,1.0080069609780522,0.025320233826734585,SUP_2101,6,72.5,115,1.28,1.0
Product_1696,58.33400314345579,146.34,8536.59802001332,C,2.536261006237208,4.083931549501931,SUP_1971,4,59.18,77,1.28,11.0
Product_1949,16.651825231198472,509.77,8488.600948108045,C,0.8764118542736038,0.3940062485230254,SUP_2069,6,62.61,329,1.28,2.0
Product_0264,47.65473693679148,177.15,8442.03664835261,C,1.1623106569949142,0.9791402356126857,SUP_1989,6,70.18,252,1.28,4.0
Product_1870,43.34431207373453,194.76,8441.738219480536,C,1.884535307553675,1.4157494949462894,SUP_1992,7,57.25,174,1.28,5.0
Product_1876,32.074884167273346,260.34,8350.375344107943,C,3.5638760185859275,5.262972511291926,SUP_1911,2,13.08,144,1.28,10.0
Product_1117,30.072089284914693,274.64,8258.99860120897,C,1.670671626939705,1.5203594595085435,SUP_1769,2,64.4,336,1.28,3.0
Product_0825,11.238269483197847,732.68,8234.055284949398,C,1.6054670690282637,1.2886137439175593,SUP_2080,12,55.28,214,1.28,6.0
Product_1950,17.910634673753478,450.83,8074.65142996828,C,1.990070519305942,1.0847735523855078,SUP_2075,2,93.37,173,1.28,2.0
Product_1867,48.58886872855585,164.08,7972.461580981445,C,1.6754782320191672,1.3092080272630395,SUP_2000,9,13.56,143,1.28,6.0
Product_1974,24.387776708264646,317.12,7733.851749724885,C,0.9379914118563325,0.5426284799289345,SUP_2057,2,82.31,169,1.28,1.0
Product_1681,53.1808008905513,145.36,7730.361217450538,C,2.5324190900262527,2.431584105972779,SUP_1895,9,42.11,99,1.28,10.0
Product_0473,47.62568053878042,162.17,7723.456612974021,C,2.0706817625556706,1.7615774770199475,SUP_1984,13,43.76,303,1.28,9.0
Product_2097,30.0,252.2,7566.0,C,15.0,21.213203435596427,SUP_1347,2,51.04,191,1.28,39.0
Product_1709,62.32690940035292,120.78,7527.844117374625,C,3.8954318375220574,5.158972590602241,SUP_1950,3,18.83,86,1.28,12.0
Product_0824,47.47071732036258,156.71,7439.136111274021,C,15.823572440120861,12.299149406746762,SUP_1969,6,67.86,83,1.28,39.0
Product_0271,25.934285520622748,285.72,7409.944058952332,C,1.1788311600283068,0.6812724583391281,SUP_2048,12,75.75,305,1.28,4.0
Product_1772,88.14051070608706,83.92,7396.751658454826,C,1.4939069611201197,1.7978539546723389,SUP_1919,10,41.42,383,1.28,8.0
Product_0611,30.146219018376605,243.49,7340.30286878452,C,2.740565365306964,3.571036039765424,SUP_1965,7,65.05,361,1.28,13.0
Product_1909,122.3472923805993,59.82,7318.81503020745,C,1.5293411547574913,1.6300448475319778,SUP_1814,11,99.0,64,1.28,7.0
Product_1945,23.42520721691405,312.24,7314.2867014092435,C,1.2329056429954763,1.1300280388678368,SUP_2032,5,93.81,120,1.28,4.0
Product_2120,8.46777469395582,842.13,7130.967103021014,C,1.41129578232597,1.618332200917466,SUP_1670,5,74.79,524,1.28,5.0
Product_1091,52.14500388805824,136.07,7095.370679048085,C,6.51812548600728,10.831787732814908,SUP_1906,9,69.86,87,1.28,42.0
Product_1933,26.447925465782763,264.73,7001.559308556672,C,1.2021784302628529,0.6507638764313914,SUP_2059,10,45.77,174,1.28,3.0
Product_1708,40.79637312343711,168.49,6873.780907567919,C,2.3997866543198296,1.5204742908552775,SUP_1892,7,76.59,96,1.28,6.0
Product_1768,44.93805430152291,151.55,6810.362129395798,C,1.182580376355866,1.022645639000431,SUP_1996,8,73.5,332,1.28,4.0
Product_0864,27.471612189638957,243.69,6694.557174493118,C,1.7169757618524348,1.090313426955003,SUP_2027,6,73.62,151,1.28,4.0
Product_0167,70.44902380788004,94.22,6637.707023178457,C,6.404456709807277,12.491955296856027,SUP_1751,6,83.29,486,1.28,40.0
Product_1951,13.393769119317778,493.87,6614.780754957471,C,0.9566977942369841,0.27745071335751464,SUP_2086,7,81.33,195,1.28,1.0
Product_1963,30.288906241265337,218.22,6609.645119968922,C,1.009630208042178,0.3882243795206442,SUP_2040,14,51.84,120,1.28,2.0
Product_1756,21.828000253405566,300.33,6555.603316105294,C,1.2840000149062099,1.0195136004537957,SUP_2013,9,32.38,499,1.28,4.0
Product_0149,106.59000029043877,60.81,6481.737917661581,C,3.230000008801175,4.086648992558873,SUP_1843,6,63.65,173,1.28,13.0
Product_1584,21.848210618894157,296.15,6470.347574785505,C,1.8206842182411798,1.898468409094771,SUP_2038,6,68.22,75,1.28,6.0
Product_1019,20.0,321.88,6437.6,C,20.0,,SUP_1935,12,51.06,323,1.28,0.0
Product_0450,39.95465073904766,159.78,6383.954095085035,C,2.663643382603177,3.0550824373090477,SUP_1999,9,63.87,79,1.28,12.0
Product_0860,21.61422343598109,290.47,6278.283481449427,C,1.350888964748818,2.5087338895282634,SUP_1815,9,71.95,133,1.28,10.0
Product_0257,22.647143347313843,276.91,6271.220464304677,C,1.0784353974911354,0.8608596375340213,SUP_2051,7,61.98,320,1.28,3.0
Product_0862,17.941701909606927,343.42,6161.539269797211,C,1.631063809964266,1.118372010575786,SUP_2037,12,99.0,61,1.28,5.0
Product_1693,21.394683516899057,287.83,6158.0317566690555,C,1.1885935287166143,1.2488950348015568,SUP_1932,5,79.19,55,1.28,4.0
Product_1804,29.749726221431498,199.33,5930.012927717941,C,3.7187157776789372,3.3258655254669067,SUP_2046,6,92.14,239,1.28,11.0
Product_1179,9.0,640.78,5767.0199999999995,C,4.5,3.5355339059327378,SUP_2085,12,66.99,137,1.28,16.0
Product_0526,27.7563132277048,201.28,5586.790726472423,C,2.5233012025186183,3.4356112222436206,SUP_1991,13,74.97,356,1.28,16.0
Product_0959,26.630711954179898,208.07,5541.052236306211,C,0.8876903984726633,0.4495831220403386,SUP_2053,4,52.0,88,1.28,2.0
Product_0530,17.885274174747533,308.35,5514.924291783402,C,4.471318543686883,4.4221297295713935,SUP_1937,3,60.45,161,1.28,10.0
Product_1865,57.46829865945817,95.56,5491.670619897823,C,1.7958843331080678,1.270162859204391,SUP_2009,8,40.74,117,1.28,5.0
Product_0440,11.650351480702613,467.62,5447.937359406155,C,2.912587870175653,2.1128490659683803,SUP_2074,11,57.78,206,1.28,9.0
Product_1861,13.106434916521124,414.8,5436.549203372962,C,0.6553217458260562,0.4936389715937827,SUP_2071,7,92.19,165,1.28,2.0
Product_1172,82.48133804425103,64.19,5294.477089060473,C,9.164593116027893,10.099660837001826,SUP_1638,13,48.12,217,1.28,47.0
Product_0327,29.386066209764408,178.99,5259.811990885732,C,1.4693033104882205,1.013436742569245,SUP_2049,10,99.0,237,1.28,5.0
Product_0164,43.76337699585362,119.94,5248.979436882683,C,3.9784888178048745,3.55036477570316,SUP_2025,5,53.14,93,1.28,11.0
Product_1566,45.24794910873229,115.9,5244.237301702073,C,1.005509980194051,0.34283653842115935,SUP_2020,3,75.94,119,1.28,1.0
Product_1685,28.072484167894885,186.79,5243.659317721085,C,1.4774991667313098,2.146365299060082,SUP_1998,10,71.75,119,1.28,9.0
Product_1781,46.0,113.3,5211.8,C,1.7692307692307692,2.232625222605752,SUP_1923,12,52.51,139,1.28,10.0
Product_1617,26.57497544248569,193.85,5151.558989525851,C,5.314995088497138,2.1663347837050253,SUP_2007,14,46.07,328,1.28,11.0
Product_1948,22.0750411119045,230.01,5077.480206149154,C,1.1618442690476052,0.6621800085338373,SUP_2066,6,71.87,150,1.28,3.0
Product_1860,24.914560396206348,203.57,5071.857059855726,C,1.186407637914588,1.3248908777967014,SUP_2035,7,80.92,209,1.28,5.0
Product_0319,18.0,280.66,5051.88,C,2.5714285714285716,1.3972762620115438,SUP_2063,2,76.69,100,1.28,3.0
Product_0363,19.103590022787234,264.38,5050.607130224489,C,0.8683450010357834,0.35337110360848745,SUP_2072,10,26.05,56,1.28,2.0
Product_1662,47.6237809003584,104.79,4990.496000548556,C,3.6633677615660307,3.5189791393007175,SUP_1941,3,91.43,96,1.28,8.0
Product_1697,10.196615022085949,488.27,4978.701216833906,C,1.1329572246762165,0.5657901886836236,SUP_2095,14,80.07,153,1.28,3.0
Product_0673,11.543449275956144,429.84,4961.836236776989,C,1.442931159494518,1.5913082227762878,SUP_2092,8,85.76,179,1.28,6.0
Product_1862,13.627001003060386,363.1,4947.964064211226,C,1.3627001003060386,0.9502062705426447,SUP_2079,6,62.16,243,1.28,3.0
Product_1707,7.475261173920032,644.86,4820.496920614072,C,1.2458768623200054,0.41548540164243125,SUP_2108,11,82.61,25,1.28,2.0
Product_0573,35.0,135.56,4744.6,C,11.666666666666666,6.658328118479393,SUP_1869,9,64.6,148,1.28,26.0
Product_0736,172.34231956042575,26.17,4510.198502896342,C,5.55942966323954,3.4961845791689665,SUP_1694,6,97.43,165,1.28,11.0
Product_0617,71.95775643361105,62.17,4473.6137174775995,C,1.8450706777848989,3.5257901864488175,SUP_1875,13,50.53,416,1.28,17.0
Product_0432,41.573092117564244,106.78,4439.17477631351,C,1.979671053217345,2.314994954763885,SUP_1942,9,46.65,83,1.28,9.0
Product_1799,23.941443252115185,181.29,4340.344247175962,C,5.985360813028796,4.23089553960195,SUP_1902,9,52.24,108,1.28,17.0
Product_1808,31.0,137.24,4254.4400000000005,C,2.2142857142857144,2.516975334635768,SUP_2031,9,29.23,123,1.28,10.0
Product_1086,36.0,115.99,4175.639999999999,C,36.0,,SUP_1721,12,62.89,82,1.28,0.0
Product_1100,7.894037376304989,517.55,4085.5590441066465,C,1.5788074752609977,0.8829992164754192,SUP_2097,11,29.46,77,1.28,4.0
Product_0528,23.978371050733585,167.49,4016.1373672873683,C,3.9963951751222644,3.5753006599671115,SUP_2024,9,28.69,119,1.28,14.0
Product_1932,19.303735166187643,204.26,3942.9809450454877,C,1.2869156777458428,0.7714515037318249,SUP_2076,7,59.01,280,1.28,3.0
Product_1931,29.539914229064276,129.25,3818.033914106558,C,1.0940708973727509,0.9533533344008545,SUP_2039,8,81.93,78,1.28,4.0
Product_0148,16.601989094427864,229.03,3802.353562296814,C,1.1067992729618576,1.1081290409396098,SUP_2070,3,55.64,141,1.28,3.0
Product_1922,17.74388261761638,204.08,3621.1715646031507,C,1.1829255078410919,1.182543387190901,SUP_2077,8,48.49,80,1.28,5.0
Product_1687,57.37723696017892,62.6,3591.8150337072007,C,2.732249379056139,2.9446719872224167,SUP_1857,8,2.0,466,1.28,11.0
Product_1921,12.031799802520851,294.49,3543.2447238443656,C,0.7519874876575532,0.44846760767349136,SUP_2087,13,11.75,57,1.28,3.0
Product_0853,16.070366536943606,218.39,3509.607348003114,C,16.070366536943606,,SUP_1860,13,30.82,624,1.28,0.0
Product_0259,33.28906171165037,103.88,3458.0677306062403,C,1.4473505092021899,1.1526518725129355,SUP_2036,4,90.81,131,1.28,3.0
Product_1169,24.0,143.45,3442.7999999999997,C,1.1428571428571428,0.72702917999997,SUP_2062,10,39.51,131,1.28,3.0
Product_1935,27.45505319801452,107.56,2953.065521978442,C,1.7159408248759076,1.740940811614444,SUP_2001,3,51.21,144,1.28,4.0
Product_0865,7.0,419.5,2936.5,C,1.4,1.51657508881031,SUP_2102,6,75.75,35,1.28,5.0
Product_1071,14.198832856006144,206.47,2931.6330197795883,C,14.198832856006144,,SUP_2028,8,52.95,224,1.28,0.0
Product_1882,53.464179886242626,53.43,2856.5911313219435,C,1.670755621445082,1.3035290854322563,SUP_1975,6,80.4,273,1.28,5.0
Product_1702,28.370633564561,100.38,2847.844197210633,C,1.41853167822805,1.1781366596065914,SUP_2029,14,55.34,136,1.28,6.0
Product_0630,16.237845741095736,174.85,2839.1873278305893,C,0.8546234600576703,0.38129953753144363,SUP_2078,11,49.87,151,1.28,2.0
Product_0644,32.58897380939182,82.92,2702.2777082747693,C,1.5518558956853246,1.082440690402109,SUP_2015,9,99.0,76,1.28,5.0
Product_0598,20.0,134.44,2688.8,C,1.1111111111111112,0.9002541398626663,SUP_2064,14,52.94,141,1.28,5.0
Product_0527,3.0,856.17,2568.5099999999998,C,1.5,0.7071067811865476,SUP_2115,4,51.98,50,1.28,2.0
Product_0944,13.282576524579575,193.15,2565.529655722545,C,0.7379209180321986,0.5836239956731827,SUP_2065,5,71.95,59,1.28,2.0
Product_0674,9.0,282.07,2538.63,C,1.2857142857142858,0.7559289460184545,SUP_2103,7,99.0,155,1.28,3.0
Product_0466,15.0,168.94,2534.1,C,7.5,6.363961030678928,SUP_2011,13,93.08,148,1.28,30.0
Product_0465,3.0,837.37,2512.11,C,3.0,,SUP_2111,14,38.92,10,1.28,0.0
Product_1947,13.406488141598079,178.44,2392.253743986761,C,1.2187716492361889,0.8740000703463997,SUP_2088,13,21.19,71,1.28,5.0
Product_1934,6.2287762645728995,382.87,2384.811568417026,C,0.7785970330716124,0.4808404748403718,SUP_2100,4,84.71,62,1.28,2.0
Product_1773,8.734165708223934,267.68,2337.961476777383,C,1.2477379583177048,0.429996243237848,SUP_2106,10,11.96,50,1.28,2.0
Product_1585,23.0,93.01,2139.23,C,4.6,6.107372593840989,SUP_1995,4,88.93,246,1.28,16.0
Product_1695,6.626337415003393,317.85,2106.1813473588286,C,1.3252674830006785,1.6479763256753075,SUP_2104,2,94.18,107,1.28,3.0
Product_0075,7.0,288.55,2019.8500000000001,C,1.4,0.5477225575051662,SUP_2110,12,55.72,15,1.28,3.0
Product_0531,21.0,88.16,1851.36,C,7.0,4.358898943540674,SUP_2050,7,65.4,114,1.28,15.0
Product_1701,44.467399307495235,38.4,1707.548133407817,C,1.646940715092416,1.1885168246170095,SUP_2005,12,65.23,188,1.28,6.0
Product_1863,3.0691859052590162,545.5,1674.2409113187935,C,0.7672964763147541,0.5125696602233335,SUP_2112,11,34.33,10,1.28,3.0
Product_0519,13.0,114.23,1484.99,C,3.25,4.573474244670748,SUP_2081,11,86.24,231,1.28,20.0
Product_0518,6.0,236.71,1420.26,C,1.5,1.9148542155126762,SUP_2055,5,76.31,258,1.28,6.0
Product_0597,5.052933866135079,278.65,1408.0000217985396,C,0.6316167332668848,0.5233343842969556,SUP_2093,8,59.82,48,1.28,2.0
Product_0536,4.0,311.51,1246.04,C,2.0,2.8284271247461903,SUP_2105,5,80.15,10,1.28,9.0
Product_0403,7.070884215514458,172.72,1221.2831217036571,C,7.070884215514458,,SUP_2090,5,99.0,76,1.28,0.0
Product_1793,10.0,114.63,1146.3,C,3.3333333333333335,2.3094010767585034,SUP_2099,14,68.9,133,1.28,12.0
Product_0647,11.447349322884717,96.94,1109.7060433604445,C,2.8618373307211793,3.569737015439045,SUP_2082,13,73.87,62,1.28,17.0
Product_2060,3.4889113218640686,253.47,884.3343527528855,C,1.1629704406213561,1.0390755956853943,SUP_2091,5,77.1,142,1.28,3.0
Product_0633,9.161347166654709,94.5,865.74730724887,C,1.0179274629616344,0.70914917002995,SUP_2096,2,47.11,58,1.28,2.0
Product_0467,3.0958182439605104,260.18,805.4699907136456,C,0.7739545609901276,0.5179430386593402,SUP_2113,11,96.64,15,1.28,3.0
Product_2147,6.0,114.74,688.4399999999999,C,1.2,1.7888543819998317,SUP_2083,3,63.71,62,1.28,4.0
Product_0612,6.054581717278173,88.5,535.8304819791183,C,0.7568227146597716,0.46750059236287783,SUP_2107,5,50.13,20,1.28,2.0
Product_0480,4.278925271215501,101.83,435.72296036787446,C,1.0697313178038752,1.2404569081085919,SUP_2098,9,74.02,124,1.28,5.0
Product_1647,1.323844216253165,285.96,378.56649207975505,C,1.323844216253165,,SUP_2117,5,38.3,25,1.28,0.0
Product_0638,5.0,65.85,329.25,C,1.0,1.0,SUP_2109,11,56.14,50,1.28,5.0
Product_1944,0.0,256.91,0.0,C,0.0,,SUP_2114,3,54.08,15,1.28,0.0
Product_0404,0.0,256.91,0.0,C,0.0,,SUP_1696,4,52.27,72,1.28,0.0
Product_0438,0.0,256.91,0.0,C,0.0,0.0,SUP_1861,5,75.63,371,1.28,0.0
Product_1619,0.0,256.91,0.0,C,0.0,0.0,SUP_2016,3,81.82,214,1.28,0.0
Product_1811,0.0,256.91,0.0,C,0.0,,SUP_0769,12,55.87,411,1.28,0.0
Product_2161,0.0,256.91,0.0,C,0.0,,SUP_1865,9,68.81,567,1.28,0.0
Product_1698,0.0,256.91,0.0,C,0.0,,SUP_2116,12,87.11,15,1.28,0.0
Product_0575,0.0,256.91,0.0,C,0.0,,SUP_1582,9,40.14,423,1.28,0.0
Product_0592,0.0,256.91,0.0,C,0.0,0.0,SUP_1288,11,39.62,172,1.28,0.0
Product_1631,0.0,256.91,0.0,C,0.0,,SUP_1027,13,85.9,185,1.28,0.0
Product_0948,0.0,256.91,0.0,C,0.0,,SUP_0847,14,41.11,81,1.28,0.0
Product_1433,0.0,256.91,0.0,C,0.0,,SUP_1028,2,99.0,255,1.28,0.0
Product_1745,0.0,256.91,0.0,C,0.0,0.0,SUP_1223,11,77.77,273,1.28,0.0
